run_1,run_2,run_3,run_4,run_5,run_6,run_7,run_8,run_9,run_10
inf,inf,inf,inf,inf,inf,inf,inf,inf,inf
32386.808563992814,64418.798399139676,28939.928943028746,179560.42296839686,46910.1436960599,83289.8430092017,39982.037265404666,47525.347273080326,59487.605443564986,50460.03637465126
32386.808563992814,64418.798399139676,28939.928943028746,47694.90023695943,41581.702876966185,31786.02284127803,39982.037265404666,29894.147166936204,59487.605443564986,33660.37009062885
32386.808563992814,64418.798399139676,28939.928943028746,28577.594641053634,41581.702876966185,25088.68486271446,39982.037265404666,29894.147166936204,48576.718019924876,33660.37009062885
32386.808563992814,34680.037871207096,21058.888550078504,28577.594641053634,35590.6186052181,25088.68486271446,27819.61926074823,29894.147166936204,38245.25042274942,22984.195524913062
32386.808563992814,34680.037871207096,21058.888550078504,28577.594641053634,35590.6186052181,25088.68486271446,27819.61926074823,27828.030295761684,23852.901590596342,22984.195524913062
32386.808563992814,34680.037871207096,20627.51046564243,28577.594641053634,35590.6186052181,25088.68486271446,20375.357223893283,27828.030295761684,23852.901590596342,22984.195524913062
16814.584880882572,32041.18497404775,11881.824693016564,25194.576433552407,35590.6186052181,22741.141717961385,14292.958581108554,25239.152951290365,19371.458170371745,22984.195524913062
15142.138764828858,32041.18497404775,11881.824693016564,25194.576433552407,34156.547095224,22017.195615815173,14292.958581108554,25239.152951290365,19371.458170371745,22984.195524913062
15142.138764828858,32041.18497404775,11881.824693016564,25194.576433552407,34156.547095224,22017.195615815173,14292.958581108554,23222.23761449183,19371.458170371745,22551.73357208637
15142.138764828858,32041.18497404775,11881.824693016564,25194.576433552407,34156.547095224,18784.93714467379,14292.958581108554,23222.23761449183,19371.458170371745,22551.73357208637
15142.138764828858,23886.790900537817,11881.824693016564,25194.576433552407,34156.547095224,18784.93714467379,14292.958581108554,23222.23761449183,19371.458170371745,22551.73357208637
15142.138764828858,23886.790900537817,11881.824693016564,25194.576433552407,23344.241989233342,18784.93714467379,9334.39485756563,23222.23761449183,19371.458170371745,22551.73357208637
15142.138764828858,23886.790900537817,11881.824693016564,22466.800033675958,23344.241989233342,18784.93714467379,9334.39485756563,23222.23761449183,19371.458170371745,19270.084609838177
15142.138764828858,23886.790900537817,11881.824693016564,22466.800033675958,23344.241989233342,18784.93714467379,9334.39485756563,23222.23761449183,19371.458170371745,19270.084609838177
15142.138764828858,23886.790900537817,11881.824693016564,22466.800033675958,23344.241989233342,18784.93714467379,9334.39485756563,23222.23761449183,19371.458170371745,17185.97563861454
15142.138764828858,23886.790900537817,11881.824693016564,22466.800033675958,21089.837909041584,18784.93714467379,9334.39485756563,23222.23761449183,19371.458170371745,17185.97563861454
15142.138764828858,23886.790900537817,11881.824693016564,19845.54010555552,21089.837909041584,18784.93714467379,9334.39485756563,23222.23761449183,19371.458170371745,17185.97563861454
15142.138764828858,23886.790900537817,11881.824693016564,19845.54010555552,21089.837909041584,10808.100853461376,9334.39485756563,21984.728932403683,19371.458170371745,15357.684765703867
15142.138764828858,23886.790900537817,11881.824693016564,19845.54010555552,21089.837909041584,10808.100853461376,9334.39485756563,20391.371613501196,19371.458170371745,15357.684765703867
15142.138764828858,23886.790900537817,11881.824693016564,19845.54010555552,21089.837909041584,10808.100853461376,7494.269368890501,13913.483749323219,19371.458170371745,15357.684765703867
15142.138764828858,23886.790900537817,11881.824693016564,19845.54010555552,21089.837909041584,10808.100853461376,7087.622359918698,13732.969373466363,19371.458170371745,15357.684765703867
7960.609314034366,23886.790900537817,11881.824693016564,19845.54010555552,21089.837909041584,10808.100853461376,7087.622359918698,13732.969373466363,19371.458170371745,15357.684765703867
7960.609314034366,23886.790900537817,11881.824693016564,19845.54010555552,21089.837909041584,10808.100853461376,7087.622359918698,13732.969373466363,19371.458170371745,15357.684765703867
6545.084882654361,23886.790900537817,11881.824693016564,13765.808225522429,21089.837909041584,10808.100853461376,6592.087813492468,13732.969373466363,19371.458170371745,15357.684765703867
6545.084882654361,23886.790900537817,11881.824693016564,13765.808225522429,11739.010729630765,10808.100853461376,6592.087813492468,11920.495650047864,17271.39982614362,15357.684765703867
6545.084882654361,23886.790900537817,9247.513665896256,13765.808225522429,11739.010729630765,9670.38241214,4886.694650098271,11920.495650047864,17271.39982614362,15357.684765703867
6254.894921050052,23886.790900537817,9247.513665896256,13765.808225522429,11739.010729630765,5782.72292570394,4886.694650098271,8085.880157578532,17271.39982614362,15357.684765703867
6254.894921050052,23886.790900537817,9247.513665896256,13765.808225522429,11739.010729630765,5782.72292570394,4886.694650098271,8085.880157578532,10108.192767295268,13534.553190494033
6254.894921050052,23886.790900537817,9247.513665896256,11262.78120089937,11739.010729630765,5782.72292570394,4886.694650098271,8085.880157578532,9016.718272051221,12287.904397001988
6254.894921050052,23886.790900537817,8905.445558718202,11262.78120089937,11739.010729630765,5782.72292570394,4886.694650098271,8085.880157578532,9016.718272051221,12287.904397001988
6254.894921050052,23886.790900537817,7557.9193967007095,11262.78120089937,11739.010729630765,5782.72292570394,4886.694650098271,8085.880157578532,7263.0546495339295,12287.904397001988
6254.894921050052,19108.73668158127,7557.9193967007095,11262.78120089937,11739.010729630765,5782.72292570394,4886.694650098271,5423.682690204277,7263.0546495339295,12287.904397001988
6254.894921050052,19108.73668158127,7064.932287863308,11262.78120089937,10886.080612586999,5782.72292570394,4886.694650098271,4037.9723198481424,5250.8185213581055,11810.680641287478
6254.894921050052,17757.035842320594,7064.932287863308,11262.78120089937,10886.080612586999,5782.72292570394,4886.694650098271,3993.1616112159127,4447.276290151005,11201.120878035501
6061.616936116659,17757.035842320594,5604.85881351915,11262.78120089937,10385.618781737843,5782.72292570394,4886.694650098271,3993.1616112159127,4447.276290151005,10048.826570583735
5738.944997594601,17757.035842320594,5604.85881351915,11262.78120089937,10385.618781737843,5782.72292570394,4886.694650098271,3993.1616112159127,4447.276290151005,8843.63831585325
5738.944997594601,17757.035842320594,5604.85881351915,11262.78120089937,5963.938680102506,5782.72292570394,4886.694650098271,3583.5765431677682,4447.276290151005,8843.63831585325
5441.88574191983,16479.316180123198,5604.85881351915,11262.78120089937,5963.938680102506,5782.72292570394,4886.694650098271,3583.5765431677682,3119.3881080262254,8843.63831585325
5441.88574191983,16479.316180123198,4107.644947554454,11262.78120089937,5963.938680102506,5782.72292570394,4886.694650098271,3583.5765431677682,3119.3881080262254,8843.63831585325
5441.88574191983,14558.89642509007,4107.644947554454,11262.78120089937,5963.938680102506,5782.72292570394,4886.694650098271,2474.5034097750577,3119.3881080262254,8794.354024964301
5441.88574191983,14558.89642509007,3633.1004062441993,11262.78120089937,3778.573388875698,5782.72292570394,4886.694650098271,2335.071800425666,3119.3881080262254,6142.200398283015
5441.88574191983,14558.89642509007,3633.1004062441993,11262.78120089937,3778.573388875698,5782.72292570394,4886.694650098271,1732.1931661232866,3119.3881080262254,4197.568908873307
4049.0088951846215,14558.89642509007,3633.1004062441993,11262.78120089937,3778.573388875698,5782.72292570394,4886.694650098271,1732.1931661232866,3119.3881080262254,4197.568908873307
3909.8611407334624,14558.89642509007,3029.85980723399,10386.915501534739,3778.573388875698,5782.72292570394,4886.694650098271,1732.1931661232866,3119.3881080262254,4197.568908873307
3909.8611407334624,14558.89642509007,3029.85980723399,10386.915501534739,3778.573388875698,5782.72292570394,4721.057425929739,1732.1931661232866,2944.322850091334,4197.568908873307
3909.8611407334624,12787.177525530617,2878.026808848984,10386.915501534739,3778.573388875698,5782.72292570394,4721.057425929739,1732.1931661232866,2944.322850091334,4197.568908873307
3858.609254955613,12787.177525530617,2754.7635716657705,10386.915501534739,3778.573388875698,5782.72292570394,4537.542110544893,1732.1931661232866,2288.886629256459,4197.568908873307
3858.609254955613,10607.474353501328,2172.5577216912734,10386.915501534739,3778.573388875698,5495.215494469479,4147.117200092928,1732.1931661232866,2288.886629256459,4197.568908873307
3416.7750765121473,10607.474353501328,1738.189665874563,9485.646657042982,3778.573388875698,4596.962484812469,4147.117200092928,1732.1931661232866,2282.4031037011778,4197.568908873307
3375.4371405622096,9073.633096923175,1680.413352840058,9485.646657042982,3778.573388875698,4056.5726433850787,3897.381852270011,1732.1931661232866,1817.5163730637353,4071.6333198108205
3057.142771799953,9073.633096923175,1680.413352840058,9485.646657042982,3778.573388875698,4056.5726433850787,3259.3350518407296,1732.1931661232866,1817.5163730637353,4071.6333198108205
2394.488509347847,8659.953268417048,1680.413352840058,9202.886967419581,3778.573388875698,4056.5726433850787,3259.3350518407296,1732.1931661232866,1817.5163730637353,3819.777406186445
2394.488509347847,8123.871226797021,1680.413352840058,8663.802652906561,3778.573388875698,3501.1200443155503,2816.732446145982,1732.1931661232866,1817.5163730637353,3819.777406186445
2351.4733383941057,7256.88348139398,1680.413352840058,7185.795964259731,3309.566856698504,3354.6820529801025,2816.732446145982,1732.1931661232866,1817.5163730637353,3389.2047317773076
2137.6015622526356,6975.732901212098,1680.413352840058,7185.795964259731,2170.660202661169,3354.6820529801025,2816.732446145982,1732.1931661232866,1817.5163730637353,3073.4358418002867
2137.6015622526356,6975.732901212098,1680.413352840058,7185.795964259731,2170.660202661169,3354.6820529801025,2368.6963955768056,1732.1931661232866,1817.5163730637353,3073.4358418002867
2137.6015622526356,5832.659934581601,1680.413352840058,7185.795964259731,2170.660202661169,3008.027767591474,2368.6963955768056,1590.605434511437,1675.2387377471919,3073.4358418002867
2137.6015622526356,5832.659934581601,1680.413352840058,6004.768387746982,1656.6444629939188,2945.6928902144573,1924.3021321566493,1417.8702107038046,1594.208997556355,3073.4358418002867
2137.6015622526356,5832.659934581601,1680.413352840058,5557.673464002581,1656.6444629939188,2348.3224137673146,1924.3021321566493,1417.8702107038046,1594.208997556355,3073.4358418002867
2137.6015622526356,5832.659934581601,1680.413352840058,5557.673464002581,1656.6444629939188,2348.3224137673146,1711.2184228049746,1417.8702107038046,1594.208997556355,2302.0587487795547
2137.6015622526356,4412.246207098775,1680.413352840058,4961.611111896167,1656.6444629939188,2171.590477771635,1711.2184228049746,1417.8702107038046,1594.208997556355,2302.0587487795547
1687.2787280584448,3605.9070222266755,1492.457478334645,4961.611111896167,1656.6444629939188,2171.590477771635,1544.6658982994732,1417.8702107038046,1594.208997556355,2284.9295377713506
1687.2787280584448,3605.9070222266755,1492.457478334645,4491.720516921954,1377.0025175661915,2171.590477771635,1428.220160525602,1365.400110940376,1523.011996902894,2010.8880487282563
1340.9498147613533,2624.907539620408,1444.3465572580367,4200.243261212145,1377.0025175661915,2171.590477771635,1428.220160525602,1365.400110940376,1518.9599258434478,2010.8880487282563
1340.9498147613533,2624.907539620408,1444.3465572580367,4200.243261212145,1377.0025175661915,2171.590477771635,1428.220160525602,1365.400110940376,1452.392966208714,2010.8880487282563
1340.9498147613533,2624.907539620408,1382.9441775670198,3783.018562597215,1377.0025175661915,2171.590477771635,1359.6765672220624,1365.400110940376,1345.5132798120212,2010.8880487282563
1340.9498147613533,2624.907539620408,1358.2913487537314,3706.2521182256432,1377.0025175661915,2121.062033178315,1359.6765672220624,1365.400110940376,1345.5132798120212,2010.8880487282563
1340.9498147613533,2537.2068388622747,1358.2913487537314,3706.2521182256432,1242.7807154999787,2121.062033178315,1359.6765672220624,1365.400110940376,1345.5132798120212,2010.8880487282563
1340.9498147613533,2537.2068388622747,1358.2913487537314,3221.993561555302,1242.7807154999787,1727.9069020471502,1359.6765672220624,1365.400110940376,1345.5132798120212,2010.8880487282563
1171.4626924462377,2537.2068388622747,1358.2913487537314,3221.993561555302,1242.7807154999787,1727.9069020471502,1359.6765672220624,1365.400110940376,1345.5132798120212,2010.8880487282563
1171.4626924462377,2537.2068388622747,1222.8085610176418,3076.1105750565716,1242.7807154999787,1727.9069020471502,1359.6765672220624,1251.4371323160558,1345.5132798120212,1698.6509817418482
1171.4626924462377,2537.2068388622747,1222.8085610176418,2727.592497026035,1242.7807154999787,1727.9069020471502,1306.9622632930832,1251.4371323160558,1324.0080232079717,1698.6509817418482
1171.4626924462377,2537.2068388622747,1222.8085610176418,2313.302793178453,1242.7807154999787,1727.9069020471502,1126.2465863270697,1121.7465280779732,1313.7385382792236,1698.6509817418482
1171.4626924462377,2516.9256168130305,1222.8085610176418,2313.302793178453,1242.7807154999787,1727.9069020471502,1099.8909992923761,1121.7465280779732,1213.981736738296,1656.2560272550436
1171.4626924462377,2367.1707763573486,1203.4219945606678,1697.9529302100464,1242.7807154999787,1478.0416538951986,1099.8909992923761,1119.4053936201578,1137.2790604702855,1568.6601326751625
1171.4626924462377,2367.1707763573486,1203.4219945606678,1697.9529302100464,1242.7807154999787,1478.0416538951986,1099.8909992923761,1119.4053936201578,1137.2790604702855,1568.6601326751625
1129.0296224384667,1712.5808969896962,1194.1046762820076,1478.2595350583865,1215.884741159376,1478.0416538951986,1099.8909992923761,1059.5683592104936,1137.2790604702855,1568.6601326751625
1096.3169998311039,1712.5808969896962,1177.6400826217798,1478.2595350583865,1174.1547587459656,1478.0416538951986,1099.8909992923761,1059.5683592104936,1137.2790604702855,1568.6601326751625
1096.3169998311039,1712.5808969896962,1154.7391561915222,1478.2595350583865,1174.1547587459656,1332.7446781977012,1099.8909992923761,1059.5683592104936,1137.2790604702855,1568.6601326751625
1096.3169998311039,1692.7977303338544,1117.655231370059,1174.7233367540496,1174.1547587459656,1332.7446781977012,1099.8909992923761,1059.5683592104936,1120.7008846729257,1551.3150109539424
1096.3169998311039,1692.7977303338544,1117.655231370059,1174.7233367540496,1174.1547587459656,1330.1417117057758,1099.8909992923761,1059.5683592104936,1120.7008846729257,1551.3150109539424
1096.3169998311039,1692.7977303338544,1117.655231370059,1174.7233367540496,1132.6953489384266,1330.1417117057758,1086.7724236948643,1059.5683592104936,1089.620330475655,1404.7611287336053
1096.3169998311039,1692.7977303338544,1117.655231370059,1174.7233367540496,1132.6953489384266,1279.027217622738,1086.7724236948643,1059.5683592104936,1089.620330475655,1404.7611287336053
1096.3169998311039,1656.424520475572,1104.6306971587803,1174.7233367540496,1132.6953489384266,1279.027217622738,1065.7818706787739,1059.5683592104936,1089.620330475655,1404.7611287336053
1096.3169998311039,1580.5656479428085,1091.3907291583373,1174.7233367540496,1132.6953489384266,1279.027217622738,1065.7818706787739,1059.5683592104936,1071.699588943138,1404.7611287336053
1085.8666011684647,1493.9627257456973,1091.3907291583373,1174.7233367540496,1132.6953489384266,1279.027217622738,1065.7818706787739,1059.5683592104936,1071.699588943138,1404.7611287336053
1085.8666011684647,1344.2107066062365,1091.3907291583373,1174.7233367540496,1132.6953489384266,1180.4919524943448,1065.7818706787739,1059.5683592104936,1071.109946872591,1404.7611287336053
1085.8666011684647,1306.1084723688653,1091.3907291583373,1121.677687737683,1111.2953413718276,1145.319256413686,1065.7818706787739,1059.5683592104936,1071.109946872591,1404.7611287336053
1085.8666011684647,1274.3898928775384,1091.3907291583373,1120.3936060726544,1111.2953413718276,1145.319256413686,1065.7818706787739,1059.5683592104936,1066.49365486549,1404.7611287336053
1085.8666011684647,1274.3898928775384,1091.3907291583373,1120.3936060726544,1089.7599871608,1145.319256413686,1065.7818706787739,1059.5683592104936,1066.49365486549,1404.7611287336053
1085.8666011684647,1274.3898928775384,1071.3306831602472,1120.3936060726544,1089.7599871608,1121.1565443853485,1065.7818706787739,1059.5683592104936,1066.49365486549,1404.7611287336053
1085.8666011684647,1274.3898928775384,1047.884374533209,1120.3936060726544,1083.938777937586,1121.1565443853485,1065.7818706787739,1059.5683592104936,1066.49365486549,1404.7611287336053
1080.0698274415154,1274.3898928775384,1047.884374533209,1112.0516040925559,1083.938777937586,1121.1565443853485,1065.7818706787739,1059.5683592104936,1066.49365486549,1358.7090620829867
1062.9539720914343,1187.1432952050445,1047.884374533209,1083.098818855046,1083.938777937586,1121.1565443853485,1065.7818706787739,1059.5683592104936,1048.139107648371,1358.7090620829867
1062.9539720914343,1152.2644457386928,1047.884374533209,1078.2865737699208,1083.938777937586,1118.268249103275,1065.7818706787739,1059.5683592104936,1044.8259129095602,1285.9864981109267
1062.9539720914343,1152.2644457386928,1047.884374533209,1078.2865737699208,1083.938777937586,1102.3079608100718,1061.7018885270074,1059.5683592104936,1043.1455215206868,1285.9864981109267
1062.9539720914343,1152.2644457386928,1047.884374533209,1078.2865737699208,1083.938777937586,1101.7918036809278,1061.7018885270074,1059.5683592104936,1043.1455215206868,1285.9864981109267
1062.9539720914343,1152.2644457386928,1047.822364118499,1046.465943448358,1083.938777937586,1092.5797821091983,1061.7018885270074,1059.5683592104936,1043.1455215206868,1285.9864981109267
1062.9539720914343,1152.2644457386928,1047.822364118499,1046.465943448358,1083.938777937586,1087.5442383060642,1061.7018885270074,1059.5683592104936,1042.2688325647598,1277.6358836955192
1062.9539720914343,1152.2644457386928,1047.822364118499,1046.465943448358,1083.938777937586,1076.3345179099397,1061.7018885270074,1059.5683592104936,1042.2688325647598,1277.6358836955192
1062.9539720914343,1098.1179004468636,1047.822364118499,1046.465943448358,1083.938777937586,1076.3345179099397,1061.7018885270074,1059.5683592104936,1042.2688325647598,1238.39961386588
1062.9539720914343,1098.1179004468636,1047.822364118499,1046.465943448358,1070.7365182674694,1068.8211250924492,1061.7018885270074,1059.5683592104936,1042.2688325647598,1197.9911063397699
1062.9539720914343,1098.1179004468636,1047.822364118499,1046.465943448358,1070.7365182674694,1068.8211250924492,1061.7018885270074,1059.3861372562064,1042.2688325647598,1128.940426664534
1062.9539720914343,1098.1179004468636,1047.822364118499,1046.465943448358,1070.7365182674694,1068.8211250924492,1061.7018885270074,1059.3861372562064,1042.2688325647598,1128.940426664534
1037.5406922637758,1098.1179004468636,1047.822364118499,1046.465943448358,1070.7365182674694,1068.8211250924492,1040.7966741757875,1056.4005245392361,1042.2688325647598,1101.0000325200858
1037.5406922637758,1098.1179004468636,1036.1869069025788,1046.465943448358,1058.999291147126,1068.8211250924492,1040.7966741757875,1056.4005245392361,1042.2688325647598,1101.0000325200858
1037.5406922637758,1098.1179004468636,1036.1869069025788,1046.465943448358,1058.999291147126,1068.8211250924492,1040.7966741757875,1056.4005245392361,1042.2688325647598,1101.0000325200858
1037.5406922637758,1094.2142676965107,1036.1869069025788,1046.465943448358,1058.999291147126,1059.0475791358945,1040.7966741757875,1056.4005245392361,1042.2688325647598,1101.0000325200858
1037.5406922637758,1083.838682124546,1036.1869069025788,1046.465943448358,1058.999291147126,1059.0475791358945,1040.7966741757875,1054.4788051759936,1042.2688325647598,1101.0000325200858
1037.5406922637758,1083.838682124546,1035.0459091019811,1046.465943448358,1058.999291147126,1059.0475791358945,1040.7966741757875,1042.2780824054346,1031.9344560999073,1094.6429098857673
1037.5406922637758,1066.7002747758963,1029.8311830709174,1046.465943448358,1058.999291147126,1059.0475791358945,1040.7966741757875,1042.2780824054346,1031.9344560999073,1094.6429098857673
1037.5406922637758,1053.112397877168,1029.8311830709174,1046.465943448358,1055.581848226784,1059.0475791358945,1040.7966741757875,1042.2780824054346,1031.9344560999073,1094.6429098857673
1037.5406922637758,1053.112397877168,1029.8311830709174,1046.465943448358,1055.581848226784,1034.968266617999,1040.7966741757875,1042.2780824054346,1031.9344560999073,1089.870016606242
1037.5406922637758,1053.112397877168,1029.8311830709174,1046.465943448358,1055.581848226784,1034.3172663823213,1040.7966741757875,1042.2780824054346,1031.9344560999073,1077.9520886703672
1037.5406922637758,1053.112397877168,1029.8311830709174,1046.465943448358,1055.581848226784,1034.3172663823213,1040.7966741757875,1042.2780824054346,1031.9344560999073,1058.573786005692
1035.9952752900497,1053.112397877168,1029.8311830709174,1041.4048427036075,1055.581848226784,1034.3172663823213,1040.7966741757875,1042.2780824054346,1031.9344560999073,1058.573786005692
1032.544401267304,1053.112397877168,1029.8311830709174,1041.4048427036075,1042.8779497308037,1034.3172663823213,1040.7966741757875,1042.2780824054346,1031.9344560999073,1058.573786005692
1032.544401267304,1053.112397877168,1029.8311830709174,1041.4048427036075,1042.8779497308037,1034.3172663823213,1040.7966741757875,1042.2780824054346,1026.1499900778206,1058.573786005692
1032.544401267304,1053.112397877168,1029.8311830709174,1041.4048427036075,1042.8779497308037,1034.3172663823213,1040.7966741757875,1042.2780824054346,1026.1499900778206,1058.573786005692
1032.544401267304,1053.112397877168,1029.8311830709174,1041.4048427036075,1042.8779497308037,1031.8966833878835,1040.7966741757875,1042.2780824054346,1026.1499900778206,1049.2816875049875
1032.544401267304,1047.5731820949752,1029.8311830709174,1041.4048427036075,1042.8779497308037,1031.8966833878835,1040.7966741757875,1041.2938665644797,1026.1499900778206,1049.2816875049875
1032.544401267304,1047.5731820949752,1029.8311830709174,1041.4048427036075,1042.8779497308037,1031.8966833878835,1040.7966741757875,1039.5427217967947,1026.1499900778206,1049.2816875049875
1032.544401267304,1046.8209023207937,1029.8311830709174,1041.4048427036075,1042.8779497308037,1031.8966833878835,1040.7966741757875,1030.7810476069358,1026.1499900778206,1049.2816875049875
1032.544401267304,1046.8209023207937,1023.7834787993332,1041.4048427036075,1042.8779497308037,1031.8966833878835,1040.7966741757875,1030.7810476069358,1026.1499900778206,1049.2816875049875
1028.6208416266845,1046.8209023207937,1023.7834787993332,1041.4048427036075,1042.8779497308037,1031.8966833878835,1040.7966741757875,1030.7810476069358,1026.1499900778206,1049.2816875049875
1028.6208416266845,1046.2655599489792,1023.7834787993332,1041.4048427036075,1042.8779497308037,1031.8966833878835,1040.7966741757875,1030.7810476069358,1026.1499900778206,1049.2816875049875
1028.6208416266845,1043.3338851174824,1015.3356581112273,1041.4048427036075,1040.34045789917,1031.8966833878835,1032.9468828914494,1030.7810476069358,1026.1499900778206,1049.2816875049875
1028.6208416266845,1043.3338851174824,1015.3356581112273,1041.4048427036075,1040.34045789917,1031.8966833878835,1032.9468828914494,1030.7810476069358,1026.1499900778206,1049.2816875049875
1028.6208416266845,1043.3338851174824,1015.3356581112273,1037.522124283214,1040.34045789917,1031.8966833878835,1032.9468828914494,1030.7810476069358,1026.1499900778206,1049.2816875049875
1028.6208416266845,1043.3338851174824,1015.3356581112273,1037.522124283214,1040.34045789917,1031.8966833878835,1032.9468828914494,1017.4469551064822,1026.1499900778206,1049.2816875049875
1028.6208416266845,1043.3338851174824,1015.3356581112273,1024.3375575977188,1040.34045789917,1031.8966833878835,1032.9468828914494,1017.4469551064822,1026.1499900778206,1049.2816875049875
1028.6208416266845,1043.3338851174824,1015.3356581112273,1024.3375575977188,1040.34045789917,1031.8966833878835,1032.9468828914494,1017.4469551064822,1026.1499900778206,1049.2816875049875
1028.6208416266845,1043.3338851174824,1014.1329519019325,1024.3375575977188,1040.34045789917,1031.8966833878835,1032.9468828914494,1017.4469551064822,1026.1499900778206,1041.3800057615294
1028.6208416266845,1043.3338851174824,1014.1329519019325,1024.3375575977188,1040.34045789917,1031.8966833878835,1032.9468828914494,1017.4469551064822,1026.1499900778206,1041.3800057615294
1028.6208416266845,1041.4036069625465,1014.1329519019325,1024.3375575977188,1040.34045789917,1031.8966833878835,1032.9468828914494,1017.4469551064822,1026.1499900778206,1041.3800057615294
1028.6208416266845,1041.4036069625465,1014.1329519019325,1024.3375575977188,1038.099579125177,1031.8966833878835,1023.7029878391768,1017.4469551064822,1026.1499900778206,1041.3800057615294
1028.6208416266845,1041.4036069625465,1014.1329519019325,1024.3375575977188,1033.346855131243,1031.8966833878835,1023.7029878391768,1017.4469551064822,1026.1499900778206,1041.3800057615294
1028.6208416266845,1041.4036069625465,1014.1329519019325,1024.3375575977188,1025.4093907840554,1031.8966833878835,1022.0249174720863,1017.4469551064822,1026.1499900778206,1041.3800057615294
1019.7844320457792,1039.6265366964278,1014.1329519019325,1024.3375575977188,1023.789700830868,1031.8966833878835,1022.0249174720863,1017.4469551064822,1026.1499900778206,1041.3800057615294
1019.7844320457792,1039.6265366964278,1014.1329519019325,1024.3375575977188,1023.789700830868,1030.9580830275584,1022.0249174720863,1017.4469551064822,1026.1499900778206,1041.3800057615294
1019.7844320457792,1039.6265366964278,1014.1329519019325,1024.3375575977188,1023.789700830868,1030.9580830275584,1022.0249174720863,1017.4469551064822,1026.1499900778206,1041.3800057615294
1019.7844320457792,1039.6265366964278,1014.1329519019325,1024.3375575977188,1023.789700830868,1030.9580830275584,1022.0249174720863,1017.4469551064822,1026.1499900778206,1041.3800057615294
1019.7844320457792,1039.6265366964278,1014.1329519019325,1024.3375575977188,1023.789700830868,1030.9580830275584,1022.0249174720863,1017.4469551064822,1026.1499900778206,1041.3800057615294
1019.7844320457792,1039.6265366964278,1014.1329519019325,1024.3375575977188,1023.789700830868,1030.9580830275584,1022.0249174720863,1017.4469551064822,1026.1499900778206,1041.3800057615294
1019.7844320457792,1039.6265366964278,1014.1329519019325,1024.3375575977188,1023.789700830868,1030.9580830275584,1022.0249174720863,1017.4469551064822,1026.1499900778206,1031.8080535948977
1019.7844320457792,1039.6265366964278,1014.1329519019325,1024.3375575977188,1023.789700830868,1030.9580830275584,1022.0249174720863,1017.4469551064822,1026.1499900778206,1031.8080535948977
1019.7844320457792,1039.6265366964278,1014.1329519019325,1024.3375575977188,1023.789700830868,1030.9580830275584,1022.0249174720863,1017.4469551064822,1026.1499900778206,1031.8080535948977
1019.7844320457792,1039.6265366964278,1014.1329519019325,1024.3375575977188,1023.789700830868,1030.9580830275584,1020.9595080370585,1017.4469551064822,1026.1499900778206,1031.8080535948977
1014.065276232107,1039.6265366964278,1014.1329519019325,1024.3375575977188,1023.789700830868,1030.9580830275584,1020.9595080370585,1017.4469551064822,1026.1499900778206,1031.8080535948977
1011.7939533976737,1033.3015918547508,1014.1329519019325,1024.3375575977188,1023.789700830868,1030.9580830275584,1020.9595080370585,1017.4469551064822,1026.1499900778206,1031.8080535948977
1011.7939533976737,1033.3015918547508,1014.1329519019325,1024.3375575977188,1023.789700830868,1030.9580830275584,1020.9595080370585,1017.4469551064822,1026.1499900778206,1031.8080535948977
1011.7939533976737,1033.3015918547508,1014.1329519019325,1024.3375575977188,1023.789700830868,1030.9580830275584,1020.9595080370585,1017.4469551064822,1026.1499900778206,1031.8080535948977
1011.7939533976737,1031.0727079709131,1014.1329519019325,1024.3375575977188,1023.789700830868,1030.9580830275584,1018.2773533161167,1017.4469551064822,1026.1499900778206,1031.8080535948977
1011.7939533976737,1031.0727079709131,1014.1329519019325,1024.3375575977188,1023.789700830868,1030.9580830275584,1018.2773533161167,1017.4469551064822,1026.1499900778206,1031.8080535948977
1011.7939533976737,1031.0727079709131,1014.1329519019325,1024.3375575977188,1023.789700830868,1030.9580830275584,1018.2773533161167,1017.4469551064822,1026.1499900778206,1031.8080535948977
1011.7939533976737,1031.0727079709131,1014.1329519019325,1024.3375575977188,1023.789700830868,1030.9580830275584,1018.2773533161167,1017.4469551064822,1026.1499900778206,1031.8080535948977
1011.7939533976737,1031.0727079709131,1014.1329519019325,1024.3375575977188,1023.789700830868,1030.9580830275584,1018.2773533161167,1017.4469551064822,1026.1499900778206,1031.8080535948977
1011.7939533976737,1031.0727079709131,1014.1329519019325,1024.3375575977188,1023.789700830868,1030.9580830275584,1018.2773533161167,1017.4469551064822,1026.1499900778206,1031.8080535948977
1011.7939533976737,1031.0727079709131,1014.1329519019325,1024.3375575977188,1023.789700830868,1030.9580830275584,1018.2773533161167,1017.4469551064822,1026.1499900778206,1031.8080535948977
1011.7939533976737,1031.0727079709131,1014.1329519019325,1024.3375575977188,1023.789700830868,1030.9580830275584,1018.2773533161167,1017.4469551064822,1026.1499900778206,1031.8080535948977
1011.7939533976737,1031.0727079709131,1014.1329519019325,1024.3375575977188,1023.789700830868,1030.9580830275584,1018.2773533161167,1017.4469551064822,1026.1499900778206,1031.8080535948977
1011.7939533976737,1031.0727079709131,1014.1329519019325,1024.3375575977188,1023.789700830868,1030.9580830275584,1016.6314049643025,1017.4469551064822,1026.1499900778206,1031.8080535948977
1011.7939533976737,1031.0727079709131,1014.1329519019325,1024.3375575977188,1023.789700830868,1030.9580830275584,1016.6314049643025,1017.4469551064822,1026.1499900778206,1031.8080535948977
1011.7939533976737,1031.0727079709131,1014.1329519019325,1024.3375575977188,1023.789700830868,1030.9580830275584,1016.6314049643025,1017.4469551064822,1026.1499900778206,1031.8080535948977
1011.7939533976737,1031.0727079709131,1014.1329519019325,1024.3375575977188,1023.789700830868,1030.9580830275584,1016.6314049643025,1017.4469551064822,1021.6805505532918,1031.8080535948977
1011.7939533976737,1026.6860724813926,1014.1329519019325,1024.3375575977188,1023.789700830868,1030.9580830275584,1016.6314049643025,1017.4469551064822,1021.6805505532918,1031.8080535948977
1011.7939533976737,1026.6860724813926,1014.1329519019325,1024.3375575977188,1023.789700830868,1030.9580830275584,1016.6314049643025,1017.4469551064822,1021.6805505532918,1031.8080535948977
1011.7939533976737,1026.6860724813926,1014.1329519019325,1024.3375575977188,1023.789700830868,1030.9580830275584,1016.6314049643025,1017.4469551064822,1021.6805505532918,1031.8080535948977
1011.7939533976737,1026.6860724813926,1014.1329519019325,1024.3375575977188,1023.789700830868,1030.9580830275584,1016.6314049643025,1017.4469551064822,1021.6805505532918,1031.8080535948977
1011.7939533976737,1026.6860724813926,1014.1329519019325,1024.3375575977188,1023.789700830868,1030.9580830275584,1016.6314049643025,1017.4469551064822,1021.6805505532918,1031.8080535948977
1011.7939533976737,1026.6860724813926,1014.1329519019325,1024.3375575977188,1023.789700830868,1025.1946688399717,1016.6314049643025,1017.4469551064822,1021.6805505532918,1031.8080535948977
1011.7939533976737,1026.6860724813926,1014.1329519019325,1024.3375575977188,1023.789700830868,1025.1946688399717,1016.6314049643025,1017.4469551064822,1021.6805505532918,1031.8080535948977
1011.7939533976737,1026.6860724813926,1014.1329519019325,1024.3375575977188,1023.789700830868,1025.1946688399717,1016.6314049643025,1017.4469551064822,1021.6805505532918,1022.9570546714106
1011.7939533976737,1026.6860724813926,1014.1329519019325,1024.3375575977188,1023.789700830868,1025.1946688399717,1016.6314049643025,1017.4469551064822,1021.6805505532918,1022.9570546714106
1011.7939533976737,1026.6860724813926,1014.1329519019325,1024.3375575977188,1023.789700830868,1025.1946688399717,1016.6314049643025,1017.4469551064822,1021.6805505532918,1022.9570546714106
1011.7939533976737,1026.6860724813926,1014.1329519019325,1024.3375575977188,1023.789700830868,1025.1946688399717,1016.6314049643025,1017.4469551064822,1021.6805505532918,1022.9570546714106
1011.7939533976737,1026.6860724813926,1014.1329519019325,1024.3375575977188,1023.789700830868,1025.1946688399717,1016.6314049643025,1017.4469551064822,1021.6805505532918,1022.9570546714106
1011.7939533976737,1026.6860724813926,1014.1329519019325,1024.3375575977188,1023.789700830868,1025.1946688399717,1016.6314049643025,1017.4469551064822,1021.6805505532918,1022.9570546714106
1011.7939533976737,1026.6860724813926,1014.1329519019325,1024.3375575977188,1023.789700830868,1025.1946688399717,1016.6314049643025,1017.4469551064822,1021.6805505532918,1022.9570546714106
1011.7939533976737,1026.6860724813926,1014.1329519019325,1024.3375575977188,1023.789700830868,1025.1946688399717,1016.6314049643025,1017.4469551064822,1021.6805505532918,1022.9570546714106
1011.7939533976737,1026.6860724813926,1014.1329519019325,1024.3375575977188,1023.789700830868,1025.1946688399717,1016.6314049643025,1017.4469551064822,1021.6805505532918,1022.9570546714106
1011.7939533976737,1026.6860724813926,1014.1329519019325,1024.3375575977188,1023.789700830868,1025.1946688399717,1016.6314049643025,1017.4469551064822,1021.6805505532918,1022.9570546714106
1011.7939533976737,1026.6860724813926,1014.1329519019325,1024.3375575977188,1023.789700830868,1025.1946688399717,1016.6314049643025,1017.4469551064822,1021.6805505532918,1022.9570546714106
1011.7939533976737,1026.6860724813926,1014.1329519019325,1024.3375575977188,1023.789700830868,1025.1946688399717,1016.6314049643025,1017.4469551064822,1021.6805505532918,1022.9570546714106
1011.7939533976737,1026.6860724813926,1014.1329519019325,1024.3375575977188,1023.789700830868,1025.1946688399717,1016.6314049643025,1017.4469551064822,1021.6805505532918,1022.9570546714106
1011.7939533976737,1026.6860724813926,1014.1329519019325,1024.3375575977188,1023.789700830868,1025.1946688399717,1016.6314049643025,1017.4469551064822,1021.6805505532918,1022.9570546714106
1011.7939533976737,1026.6860724813926,1014.1329519019325,1024.3375575977188,1023.789700830868,1025.1946688399717,1016.6314049643025,1017.4469551064822,1021.6805505532918,1022.9570546714106
1011.7939533976737,1026.6860724813926,1014.1329519019325,1024.3375575977188,1023.789700830868,1025.1946688399717,1016.6314049643025,1017.4469551064822,1021.6805505532918,1022.9570546714106
1011.7939533976737,1026.6860724813926,1014.1329519019325,1024.3375575977188,1023.789700830868,1025.1946688399717,1016.6314049643025,1017.4469551064822,1021.6805505532918,1022.9570546714106
1011.7939533976737,1026.6860724813926,1014.1329519019325,1024.3375575977188,1023.789700830868,1025.1946688399717,1016.6314049643025,1017.4469551064822,1021.6805505532918,1022.9570546714106
1011.7939533976737,1026.6860724813926,1014.1329519019325,1024.3375575977188,1023.789700830868,1025.1946688399717,1016.6314049643025,1017.4469551064822,1021.6805505532918,1022.9570546714106
1011.7939533976737,1026.6860724813926,1014.1329519019325,1024.3375575977188,1023.789700830868,1025.1946688399717,1016.6314049643025,1017.4469551064822,1021.6805505532918,1022.9570546714106
1011.7939533976737,1026.6860724813926,1014.1329519019325,1024.3375575977188,1023.789700830868,1025.1946688399717,1016.6314049643025,1017.4469551064822,1021.6805505532918,1022.9570546714106
1011.7939533976737,1026.6860724813926,1014.1329519019325,1024.3375575977188,1023.789700830868,1025.1946688399717,1016.6314049643025,1017.4469551064822,1019.2170185234912,1022.9570546714106
1011.7939533976737,1026.6860724813926,1014.1329519019325,1024.3375575977188,1023.789700830868,1025.1946688399717,1016.6314049643025,1017.4469551064822,1019.2170185234912,1022.9570546714106
1011.7939533976737,1026.6860724813926,1014.1329519019325,1024.3375575977188,1023.789700830868,1025.1946688399717,1016.6314049643025,1017.4469551064822,1019.2170185234912,1022.9570546714106
1011.7939533976737,1026.6860724813926,1014.1329519019325,1024.3375575977188,1023.789700830868,1025.1946688399717,1016.6314049643025,1017.4469551064822,1019.2170185234912,1022.9570546714106
1011.7939533976737,1026.6860724813926,1014.1329519019325,1024.3375575977188,1023.789700830868,1025.1946688399717,1016.6314049643025,1017.4469551064822,1019.2170185234912,1022.9570546714106
1011.7939533976737,1026.6860724813926,1014.1329519019325,1024.3375575977188,1023.789700830868,1025.1946688399717,1016.6314049643025,1017.4469551064822,1019.2170185234912,1022.9570546714106
1011.7939533976737,1026.6860724813926,1014.1329519019325,1024.3375575977188,1023.789700830868,1025.1946688399717,1016.6314049643025,1017.4469551064822,1012.1030092166063,1022.9570546714106
1011.7939533976737,1026.6860724813926,1014.1329519019325,1024.3375575977188,1023.789700830868,1014.913814416811,1016.6314049643025,1017.4469551064822,1012.1030092166063,1022.9570546714106
1011.7939533976737,1026.6860724813926,1014.1329519019325,1024.3375575977188,1023.789700830868,1014.913814416811,1016.6314049643025,1017.4469551064822,1012.1030092166063,1022.9570546714106
1011.7939533976737,1026.6860724813926,1014.1329519019325,1024.3375575977188,1020.6380504297877,1014.913814416811,1016.6314049643025,1017.4469551064822,1012.1030092166063,1022.9570546714106
1011.7939533976737,1026.6860724813926,1014.1329519019325,1024.3375575977188,1020.6380504297877,1014.913814416811,1016.6314049643025,1017.4469551064822,1012.1030092166063,1022.9570546714106
1011.7939533976737,1026.6860724813926,1014.1329519019325,1024.3375575977188,1020.6380504297877,1014.913814416811,1016.6314049643025,1017.4469551064822,1012.1030092166063,1022.9570546714106
1011.7939533976737,1026.6860724813926,1014.1329519019325,1024.3375575977188,1020.6380504297877,1014.913814416811,1016.6314049643025,1017.4469551064822,1012.1030092166063,1022.9570546714106
1011.7939533976737,1026.6860724813926,1014.1329519019325,1024.3375575977188,1020.6380504297877,1014.913814416811,1016.6314049643025,1017.4469551064822,1012.1030092166063,1022.9570546714106
1011.7939533976737,1026.6860724813926,1014.1329519019325,1024.3375575977188,1020.6380504297877,1014.913814416811,1016.6314049643025,1017.4469551064822,1012.1030092166063,1022.9570546714106
1011.7939533976737,1026.6860724813926,1014.1329519019325,1024.3375575977188,1020.6380504297877,1014.913814416811,1016.6314049643025,1017.4469551064822,1012.1030092166063,1022.9570546714106
1011.7939533976737,1026.6860724813926,1014.1329519019325,1024.3375575977188,1020.6380504297877,1014.913814416811,1016.6314049643025,1017.4469551064822,1012.1030092166063,1022.9570546714106
1011.7939533976737,1026.6860724813926,1014.1329519019325,1024.3375575977188,1020.6380504297877,1014.913814416811,1016.6314049643025,1017.4469551064822,1012.1030092166063,1022.9570546714106
1011.7939533976737,1026.6860724813926,1014.1329519019325,1024.3375575977188,1020.6380504297877,1014.913814416811,1016.6314049643025,1017.4469551064822,1012.1030092166063,1022.9570546714106
1011.7939533976737,1026.6860724813926,1014.1329519019325,1024.3375575977188,1020.6380504297877,1014.913814416811,1016.6314049643025,1017.4469551064822,1012.1030092166063,1022.9570546714106
1011.7939533976737,1026.6860724813926,1014.1329519019325,1024.3375575977188,1020.6380504297877,1014.913814416811,1016.6314049643025,1017.4469551064822,1012.1030092166063,1022.9570546714106
1011.7939533976737,1026.6860724813926,1014.1329519019325,1024.3375575977188,1020.6380504297877,1014.913814416811,1016.6314049643025,1017.4469551064822,1012.1030092166063,1022.9570546714106
1011.7939533976737,1026.6860724813926,1014.1329519019325,1024.3375575977188,1020.6380504297877,1014.913814416811,1016.6314049643025,1017.4469551064822,1012.1030092166063,1022.9570546714106
1011.7939533976737,1026.6860724813926,1014.1329519019325,1024.3375575977188,1020.6380504297877,1014.913814416811,1016.6314049643025,1017.4469551064822,1012.1030092166063,1022.9570546714106
1011.7939533976737,1026.6860724813926,1014.1329519019325,1024.3375575977188,1020.6380504297877,1014.913814416811,1016.6314049643025,1017.4469551064822,1012.1030092166063,1022.9570546714106
1011.7939533976737,1026.6860724813926,1014.1329519019325,1024.3375575977188,1020.6380504297877,1014.913814416811,1016.6314049643025,1017.4469551064822,1012.1030092166063,1022.9570546714106
1011.7939533976737,1026.6860724813926,1014.1329519019325,1024.3375575977188,1020.6380504297877,1014.913814416811,1016.6314049643025,1017.4469551064822,1012.1030092166063,1022.9570546714106
1011.7939533976737,1026.6860724813926,1014.1329519019325,1024.3375575977188,1020.6380504297877,1014.913814416811,1016.6314049643025,1017.4469551064822,1012.1030092166063,1022.9570546714106
1011.7939533976737,1026.6860724813926,1014.1329519019325,1024.3375575977188,1020.6380504297877,1014.913814416811,1016.6314049643025,1017.4469551064822,1012.1030092166063,1022.9570546714106
1011.7939533976737,1026.6860724813926,1014.1329519019325,1024.3375575977188,1020.6380504297877,1014.913814416811,1016.6314049643025,1017.4469551064822,1012.1030092166063,1022.9570546714106
1011.7939533976737,1026.6860724813926,1014.1329519019325,1024.3375575977188,1020.6380504297877,1014.913814416811,1016.6314049643025,1017.4469551064822,1012.1030092166063,1022.9570546714106
1011.7939533976737,1026.6860724813926,1014.1329519019325,1024.3375575977188,1020.6380504297877,1014.913814416811,1016.6314049643025,1017.4469551064822,1012.1030092166063,1022.9570546714106
1011.7939533976737,1026.6860724813926,1014.1329519019325,1024.0831961032395,1020.6380504297877,1014.913814416811,1016.6314049643025,1017.4469551064822,1012.1030092166063,1022.9570546714106
1011.7939533976737,1026.6860724813926,1014.1329519019325,1024.0831961032395,1020.6380504297877,1014.913814416811,1016.6314049643025,1017.4469551064822,1012.1030092166063,1022.9570546714106
1011.7939533976737,1026.6860724813926,1014.1329519019325,1024.0831961032395,1020.6380504297877,1014.913814416811,1016.6314049643025,1017.4469551064822,1012.1030092166063,1022.9570546714106
1011.7939533976737,1026.6860724813926,1014.1329519019325,1024.0831961032395,1020.6380504297877,1014.913814416811,1016.6314049643025,1017.4469551064822,1012.1030092166063,1022.9570546714106
1011.7939533976737,1026.6860724813926,1014.1329519019325,1021.9223422017527,1020.6380504297877,1014.913814416811,1016.6314049643025,1017.4469551064822,1012.1030092166063,1022.9570546714106
1011.7939533976737,1026.6860724813926,1014.1329519019325,1021.9223422017527,1020.6380504297877,1014.913814416811,1016.6314049643025,1017.4469551064822,1012.1030092166063,1022.9570546714106
1011.7939533976737,1026.6860724813926,1014.1329519019325,1021.9223422017527,1020.6380504297877,1014.913814416811,1016.6314049643025,1017.4469551064822,1012.1030092166063,1022.9570546714106
1011.7939533976737,1026.6860724813926,1014.1329519019325,1021.9223422017527,1020.6380504297877,1014.913814416811,1016.6314049643025,1017.4469551064822,1012.1030092166063,1022.9570546714106
1011.7939533976737,1026.6860724813926,1014.1329519019325,1021.9223422017527,1020.6380504297877,1014.913814416811,1016.6314049643025,1017.4469551064822,1012.1030092166063,1022.9570546714106
1011.7939533976737,1026.6860724813926,1014.1329519019325,1021.9223422017527,1020.6380504297877,1014.913814416811,1016.6314049643025,1017.4469551064822,1012.1030092166063,1022.9570546714106
1011.7939533976737,1026.6860724813926,1014.1329519019325,1021.9223422017527,1020.6380504297877,1014.913814416811,1016.6314049643025,1017.4469551064822,1012.1030092166063,1022.9570546714106
1011.7939533976737,1026.6860724813926,1014.1329519019325,1021.9223422017527,1020.6380504297877,1014.913814416811,1016.6314049643025,1017.4469551064822,1012.1030092166063,1022.9570546714106
1011.7939533976737,1026.6860724813926,1014.1329519019325,1021.9223422017527,1020.6380504297877,1014.913814416811,1016.6314049643025,1017.4469551064822,1012.1030092166063,1022.9570546714106
1011.7939533976737,1026.6860724813926,1014.1329519019325,1021.5018266735841,1020.6380504297877,1014.913814416811,1016.6314049643025,1017.4469551064822,1012.1030092166063,1022.9570546714106
1011.7939533976737,1026.6860724813926,1014.1329519019325,1017.7430297357928,1020.6380504297877,1014.6580924787305,1016.6314049643025,1017.4469551064822,1012.1030092166063,1022.9570546714106
1011.7939533976737,1026.6860724813926,1014.1329519019325,1017.7430297357928,1020.6380504297877,1014.6580924787305,1016.6314049643025,1017.4469551064822,1012.1030092166063,1022.9570546714106
1011.7939533976737,1026.6860724813926,1014.1329519019325,1017.7430297357928,1020.6380504297877,1014.6580924787305,1016.138850517989,1017.4469551064822,1012.1030092166063,1022.9570546714106
1011.7939533976737,1026.6860724813926,1014.1329519019325,1017.7430297357928,1020.6380504297877,1014.6580924787305,1016.138850517989,1017.4469551064822,1012.1030092166063,1022.9570546714106
1011.7939533976737,1026.6860724813926,1014.1329519019325,1017.7430297357928,1020.6380504297877,1014.6580924787305,1016.138850517989,1017.4469551064822,1012.1030092166063,1022.9570546714106
1011.7939533976737,1026.6860724813926,1014.1329519019325,1017.7430297357928,1020.6380504297877,1014.6580924787305,1016.138850517989,1017.4469551064822,1012.1030092166063,1022.9570546714106
1011.7939533976737,1026.6860724813926,1014.1329519019325,1017.7430297357928,1020.6380504297877,1014.6580924787305,1016.138850517989,1017.4469551064822,1012.1030092166063,1022.9570546714106
1011.7939533976737,1026.6860724813926,1014.1329519019325,1017.7430297357928,1020.6380504297877,1014.6580924787305,1016.138850517989,1017.4469551064822,1012.1030092166063,1022.9570546714106
1011.7939533976737,1026.6860724813926,1014.1329519019325,1017.7430297357928,1020.6380504297877,1014.6580924787305,1016.138850517989,1017.4469551064822,1012.1030092166063,1022.9570546714106
1011.7939533976737,1026.6860724813926,1014.1329519019325,1017.7430297357928,1020.6380504297877,1014.6580924787305,1016.138850517989,1017.4469551064822,1012.1030092166063,1022.9570546714106
1011.7939533976737,1026.6860724813926,1014.1329519019325,1017.7430297357928,1020.6380504297877,1014.6580924787305,1016.138850517989,1017.4469551064822,1012.1030092166063,1022.9570546714106
1011.7939533976737,1026.6860724813926,1014.1329519019325,1017.7430297357928,1020.6380504297877,1014.6580924787305,1016.138850517989,1017.4469551064822,1012.1030092166063,1022.9570546714106
1011.7939533976737,1026.6860724813926,1014.1329519019325,1017.7430297357928,1020.6380504297877,1014.6580924787305,1016.138850517989,1015.9066939896647,1012.1030092166063,1022.9570546714106
1011.7939533976737,1026.6860724813926,1014.1329519019325,1017.7430297357928,1020.6380504297877,1014.6580924787305,1016.138850517989,1015.9066939896647,1012.1030092166063,1022.9570546714106
1011.7939533976737,1026.6860724813926,1014.1329519019325,1017.7430297357928,1020.6380504297877,1014.6580924787305,1016.138850517989,1015.9066939896647,1012.1030092166063,1022.9570546714106
1011.7939533976737,1026.6860724813926,1014.1329519019325,1017.7430297357928,1020.6380504297877,1014.6580924787305,1016.138850517989,1015.9066939896647,1012.1030092166063,1022.9570546714106
1011.7939533976737,1026.6860724813926,1014.1329519019325,1017.7430297357928,1014.2513195264455,1014.6580924787305,1016.138850517989,1015.9066939896647,1012.1030092166063,1022.9570546714106
1011.7939533976737,1026.6860724813926,1014.1329519019325,1017.7430297357928,1014.2513195264455,1014.6580924787305,1016.138850517989,1015.9066939896647,1012.1030092166063,1022.9570546714106
1011.7939533976737,1026.6860724813926,1014.1329519019325,1017.7430297357928,1014.2513195264455,1014.6580924787305,1016.138850517989,1015.9066939896647,1012.1030092166063,1022.9570546714106
1011.7939533976737,1026.6860724813926,1014.1329519019325,1017.7430297357928,1014.2513195264455,1014.6580924787305,1016.138850517989,1015.9066939896647,1012.1030092166063,1022.9570546714106
1011.7939533976737,1026.6860724813926,1014.1329519019325,1017.7430297357928,1014.2513195264455,1014.6580924787305,1016.138850517989,1015.9066939896647,1012.1030092166063,1022.9570546714106
1011.7939533976737,1026.6860724813926,1014.1329519019325,1017.7430297357928,1014.2513195264455,1014.6580924787305,1016.138850517989,1015.9066939896647,1012.1030092166063,1022.9570546714106
1011.7939533976737,1026.6860724813926,1014.1329519019325,1017.7430297357928,1014.2513195264455,1014.6580924787305,1016.138850517989,1015.9066939896647,1012.1030092166063,1022.9570546714106
1011.7939533976737,1026.6860724813926,1014.1329519019325,1017.7430297357928,1014.2513195264455,1014.6580924787305,1016.138850517989,1015.3698828865188,1012.1030092166063,1022.9570546714106
1011.7939533976737,1024.126150554068,1014.1329519019325,1017.7430297357928,1014.2513195264455,1014.6580924787305,1016.138850517989,1015.3698828865188,1012.1030092166063,1022.9570546714106
1011.7939533976737,1024.126150554068,1014.1329519019325,1017.7430297357928,1014.2513195264455,1014.6580924787305,1016.138850517989,1015.0459019997435,1012.1030092166063,1022.9570546714106
1011.7939533976737,1024.126150554068,1014.1329519019325,1017.7430297357928,1014.2513195264455,1014.6580924787305,1016.138850517989,1015.0459019997435,1012.1030092166063,1022.9570546714106
1011.7939533976737,1024.126150554068,1014.1329519019325,1017.7430297357928,1014.2513195264455,1014.6580924787305,1016.138850517989,1004.8436762102447,1012.1030092166063,1022.9570546714106
1011.7939533976737,1024.126150554068,1014.1329519019325,1017.7430297357928,1014.2513195264455,1014.6580924787305,1016.138850517989,1004.8436762102447,1012.1030092166063,1022.9570546714106
1011.7939533976737,1024.126150554068,1014.1329519019325,1017.7430297357928,1014.2513195264455,1014.6580924787305,1016.138850517989,1004.8436762102447,1012.1030092166063,1022.9570546714106
1011.7939533976737,1024.126150554068,1014.1329519019325,1017.7430297357928,1014.2513195264455,1014.6580924787305,1016.138850517989,1004.8436762102447,1012.1030092166063,1022.9570546714106
1011.7939533976737,1024.126150554068,1014.1329519019325,1017.7430297357928,1014.2513195264455,1014.6580924787305,1016.138850517989,1004.8436762102447,1012.1030092166063,1022.9570546714106
1011.7939533976737,1024.126150554068,1014.1329519019325,1017.7430297357928,1014.2513195264455,1014.6580924787305,1016.138850517989,1004.8436762102447,1012.1030092166063,1016.0112104332611
1011.7939533976737,1024.126150554068,1014.1329519019325,1017.7430297357928,1014.2513195264455,1014.6580924787305,1016.138850517989,1004.8436762102447,1012.1030092166063,1016.0112104332611
1011.7939533976737,1024.126150554068,1014.1329519019325,1017.7430297357928,1014.2513195264455,1014.6580924787305,1016.138850517989,1004.8436762102447,1012.1030092166063,1016.0112104332611
1011.7939533976737,1024.126150554068,1014.1329519019325,1017.7430297357928,1014.2513195264455,1014.6580924787305,1016.138850517989,1004.8436762102447,1012.1030092166063,1016.0112104332611
1011.7939533976737,1024.126150554068,1014.1329519019325,1017.7430297357928,1014.2513195264455,1014.6580924787305,1016.138850517989,1004.8436762102447,1012.1030092166063,1016.0112104332611
1011.7939533976737,1024.126150554068,1014.1329519019325,1017.7430297357928,1014.2513195264455,1014.6580924787305,1016.138850517989,1004.8436762102447,1012.1030092166063,1016.0112104332611
1011.7939533976737,1024.126150554068,1014.1329519019325,1017.7430297357928,1014.2513195264455,1014.6580924787305,1016.138850517989,1004.8436762102447,1012.1030092166063,1016.0112104332611
1011.7939533976737,1024.126150554068,1014.1329519019325,1011.8913430559326,1014.2513195264455,1014.6580924787305,1016.138850517989,1004.8436762102447,1012.1030092166063,1016.0112104332611
1011.7939533976737,1024.126150554068,1014.1329519019325,1011.8913430559326,1014.2513195264455,1014.6580924787305,1016.138850517989,1004.8436762102447,1012.1030092166063,1016.0112104332611
1011.7939533976737,1024.126150554068,1014.1329519019325,1011.8913430559326,1014.2513195264455,1014.6580924787305,1016.138850517989,1004.8436762102447,1012.1030092166063,1016.0112104332611
1011.7939533976737,1024.126150554068,1014.1329519019325,1011.8913430559326,1014.2513195264455,1014.6580924787305,1016.138850517989,1004.8436762102447,1012.1030092166063,1016.0112104332611
1011.7939533976737,1024.126150554068,1014.1329519019325,1011.8913430559326,1014.2513195264455,1014.6580924787305,1016.138850517989,1004.8436762102447,1012.1030092166063,1016.0112104332611
1011.7939533976737,1024.126150554068,1014.1329519019325,1011.8913430559326,1014.2513195264455,1014.6580924787305,1016.138850517989,1004.8436762102447,1012.1030092166063,1016.0112104332611
1011.7939533976737,1024.126150554068,1014.1329519019325,1011.8913430559326,1014.2513195264455,1014.6580924787305,1016.138850517989,1004.8436762102447,1012.1030092166063,1016.0112104332611
1011.7939533976737,1024.126150554068,1014.1329519019325,1011.8913430559326,1014.2513195264455,1014.6580924787305,1016.138850517989,1004.8436762102447,1012.1030092166063,1016.0112104332611
1011.7939533976737,1024.126150554068,1014.1329519019325,1011.8913430559326,1014.2513195264455,1014.6580924787305,1016.138850517989,1004.8436762102447,1012.1030092166063,1016.0112104332611
1011.7939533976737,1024.126150554068,1014.1329519019325,1011.8913430559326,1014.2513195264455,1014.6580924787305,1016.138850517989,1004.8436762102447,1012.1030092166063,1016.0112104332611
1011.7939533976737,1024.126150554068,1014.1329519019325,1011.8913430559326,1014.2513195264455,1014.6580924787305,1016.138850517989,1004.8436762102447,1012.1030092166063,1016.0112104332611
1011.7939533976737,1024.126150554068,1014.1329519019325,1011.8913430559326,1014.2513195264455,1014.6580924787305,1016.138850517989,1004.8436762102447,1012.1030092166063,1016.0112104332611
1011.7939533976737,1024.126150554068,1014.1329519019325,1011.8913430559326,1014.2513195264455,1014.6580924787305,1016.138850517989,1004.8436762102447,1012.1030092166063,1016.0112104332611
1011.7939533976737,1024.126150554068,1014.1329519019325,1011.8913430559326,1014.2513195264455,1014.6580924787305,1016.138850517989,1004.8436762102447,1012.1030092166063,1016.0112104332611
1011.7939533976737,1024.126150554068,1014.1329519019325,1011.8913430559326,1014.2513195264455,1014.6580924787305,1016.138850517989,1004.8436762102447,1012.1030092166063,1016.0112104332611
1011.7939533976737,1024.126150554068,1014.1329519019325,1011.8913430559326,1014.2513195264455,1014.6580924787305,1016.138850517989,1004.8436762102447,1012.1030092166063,1016.0112104332611
1011.7939533976737,1024.126150554068,1014.1329519019325,1011.8913430559326,1014.2513195264455,1014.6580924787305,1016.138850517989,1004.8436762102447,1012.1030092166063,1016.0112104332611
1011.7939533976737,1024.126150554068,1014.1329519019325,1011.8913430559326,1014.2513195264455,1014.6580924787305,1016.138850517989,1004.8436762102447,1012.1030092166063,1016.0112104332611
1011.7939533976737,1024.126150554068,1014.1329519019325,1011.8913430559326,1014.2513195264455,1014.6580924787305,1016.138850517989,1004.8436762102447,1012.1030092166063,1016.0112104332611
1011.7939533976737,1024.126150554068,1014.1329519019325,1011.8913430559326,1014.2513195264455,1014.6580924787305,1016.138850517989,1004.8436762102447,1012.1030092166063,1016.0112104332611
1011.7939533976737,1024.126150554068,1014.1329519019325,1011.8913430559326,1014.2513195264455,1014.47029574315,1016.138850517989,1004.8436762102447,1012.1030092166063,1016.0112104332611
1011.7939533976737,1024.126150554068,1014.1329519019325,1011.8913430559326,1014.2513195264455,1014.47029574315,1016.138850517989,1004.8436762102447,1012.1030092166063,1016.0112104332611
1011.7939533976737,1024.126150554068,1014.1329519019325,1011.8913430559326,1014.2513195264455,1014.47029574315,1016.138850517989,1004.8436762102447,1012.1030092166063,1016.0112104332611
1011.7939533976737,1024.126150554068,1014.1329519019325,1011.8913430559326,1014.2513195264455,1014.47029574315,1016.138850517989,1004.8436762102447,1012.1030092166063,1016.0112104332611
1011.7939533976737,1024.126150554068,1014.1329519019325,1011.8913430559326,1014.2513195264455,1014.47029574315,1016.138850517989,1004.8436762102447,1012.1030092166063,1016.0112104332611
1011.7939533976737,1024.126150554068,1014.1329519019325,1009.3277962160521,1014.2513195264455,1014.47029574315,1016.138850517989,1004.8436762102447,1012.1030092166063,1016.0112104332611
1011.7939533976737,1024.126150554068,1014.1329519019325,1009.3277962160521,1014.2513195264455,1014.47029574315,1016.138850517989,1004.8436762102447,1012.1030092166063,1016.0112104332611
1011.7939533976737,1024.126150554068,1014.1329519019325,1009.3277962160521,1014.2513195264455,1014.47029574315,1016.138850517989,1004.8436762102447,1012.1030092166063,1016.0112104332611
1011.7939533976737,1024.126150554068,1014.1329519019325,1009.3277962160521,1014.2513195264455,1014.47029574315,1016.138850517989,1004.8436762102447,1012.1030092166063,1016.0112104332611
1011.7939533976737,1024.126150554068,1014.1329519019325,1009.3277962160521,1014.2513195264455,1014.47029574315,1016.138850517989,1004.8436762102447,1012.1030092166063,1016.0112104332611
1011.7939533976737,1024.126150554068,1014.1329519019325,1009.3277962160521,1014.2513195264455,1014.47029574315,1016.138850517989,1004.8436762102447,1012.1030092166063,1016.0112104332611
1011.7939533976737,1024.126150554068,1014.1329519019325,1009.3277962160521,1014.2513195264455,1014.47029574315,1016.138850517989,1004.8436762102447,1012.1030092166063,1016.0112104332611
1011.7939533976737,1020.8810948502119,1014.1329519019325,1009.3277962160521,1014.2513195264455,1014.47029574315,1016.138850517989,1004.8436762102447,1007.3651328065642,1016.0112104332611
1011.7939533976737,1020.8810948502119,1014.1329519019325,1009.3277962160521,1014.2513195264455,1014.47029574315,1016.138850517989,1004.8436762102447,1007.3651328065642,1016.0112104332611
1011.7939533976737,1020.8810948502119,1014.1329519019325,1009.3277962160521,1014.2513195264455,1014.47029574315,1013.1647646348954,1004.8436762102447,1007.3651328065642,1016.0112104332611
1011.7939533976737,1020.8810948502119,1014.1329519019325,1009.3277962160521,1014.2513195264455,1014.47029574315,1013.1647646348954,1004.8436762102447,1007.3651328065642,1016.0112104332611
1011.7939533976737,1020.8810948502119,1014.1329519019325,1009.3277962160521,1014.2513195264455,1014.47029574315,1013.1647646348954,1004.8436762102447,1007.3651328065642,1016.0112104332611
1011.7939533976737,1020.8810948502119,1014.1329519019325,1009.3277962160521,1014.2513195264455,1014.47029574315,1013.1647646348954,1004.8436762102447,1007.3651328065642,1016.0112104332611
1011.7939533976737,1020.8810948502119,1014.1329519019325,1009.3277962160521,1014.2513195264455,1014.47029574315,1013.1647646348954,1004.8436762102447,1007.3651328065642,1016.0112104332611
1011.7939533976737,1020.8810948502119,1014.1329519019325,1009.3277962160521,1014.2513195264455,1006.594908697988,1013.1647646348954,1004.8436762102447,1007.3651328065642,1016.0112104332611
1011.7939533976737,1020.8810948502119,1014.1329519019325,1009.3277962160521,1014.2513195264455,1006.594908697988,1013.1647646348954,1004.8436762102447,1007.3651328065642,1016.0112104332611
1011.7939533976737,1020.8810948502119,1014.1329519019325,1009.3277962160521,1014.2513195264455,1006.594908697988,1013.1647646348954,1004.8436762102447,1007.3651328065642,1016.0112104332611
1011.7939533976737,1020.8810948502119,1014.1329519019325,1009.3277962160521,1014.2513195264455,1006.594908697988,1013.1647646348954,1004.8436762102447,1007.3651328065642,1016.0112104332611
1011.7939533976737,1020.8810948502119,1014.1329519019325,1009.3277962160521,1014.2513195264455,1006.594908697988,1013.1647646348954,1004.8436762102447,1007.3651328065642,1016.0112104332611
1011.7939533976737,1020.8810948502119,1014.1329519019325,1009.3277962160521,1014.2513195264455,1002.0761756929695,1013.1647646348954,1004.8436762102447,1007.3651328065642,1016.0112104332611
1011.7939533976737,1020.8810948502119,1014.1329519019325,1009.3277962160521,1014.2513195264455,1002.0761756929695,1013.1647646348954,1004.8436762102447,1007.3651328065642,1016.0112104332611
1011.7939533976737,1020.8810948502119,1014.1329519019325,1009.3277962160521,1014.2513195264455,1002.0761756929695,1013.1647646348954,1004.8436762102447,1007.3651328065642,1016.0112104332611
1011.7939533976737,1020.8810948502119,1014.1329519019325,1009.3277962160521,1014.2513195264455,1002.0761756929695,1013.1647646348954,1004.8436762102447,1007.3651328065642,1016.0112104332611
1011.7939533976737,1020.8810948502119,1014.1329519019325,1009.3277962160521,1014.2513195264455,1002.0761756929695,1013.1647646348954,1004.8436762102447,1007.3651328065642,1016.0112104332611
1011.7939533976737,1020.8810948502119,1014.1329519019325,1009.3277962160521,1014.2513195264455,1002.0761756929695,1013.1647646348954,1004.8436762102447,1007.3651328065642,1016.0112104332611
1011.7939533976737,1020.8810948502119,1014.1329519019325,1009.3277962160521,1014.2513195264455,1002.0761756929695,1013.1647646348954,1004.8436762102447,1007.3651328065642,1016.0112104332611
1011.7939533976737,1020.8810948502119,1014.1329519019325,1009.3277962160521,1014.2513195264455,1002.0761756929695,1004.8018028461642,1004.8436762102447,1007.3651328065642,1016.0112104332611
1011.7939533976737,1020.8810948502119,1014.1329519019325,1009.3277962160521,1014.2513195264455,1002.0761756929695,1004.8018028461642,1004.8436762102447,1007.3651328065642,1016.0112104332611
1011.7939533976737,1020.8810948502119,1014.1329519019325,1009.3277962160521,1014.2513195264455,1002.0761756929695,1004.8018028461642,1004.8436762102447,1007.3651328065642,1016.0112104332611
1011.7939533976737,1020.8810948502119,1014.1329519019325,1009.3277962160521,1014.2513195264455,1002.0761756929695,1004.8018028461642,1004.8436762102447,1007.3651328065642,1016.0112104332611
1011.7939533976737,1020.8810948502119,1014.1329519019325,1009.3277962160521,1014.2513195264455,1002.0761756929695,1004.8018028461642,1004.8436762102447,1007.3651328065642,1016.0112104332611
1011.7939533976737,1020.8810948502119,1014.1329519019325,1009.3277962160521,1014.2513195264455,1002.0761756929695,1004.8018028461642,1004.8436762102447,1007.3651328065642,1016.0112104332611
1011.7939533976737,1020.8810948502119,1014.1329519019325,1009.3277962160521,1014.2513195264455,1002.0761756929695,1004.8018028461642,1004.8436762102447,1007.3651328065642,1016.0112104332611
1011.7939533976737,1020.8810948502119,1014.1329519019325,1009.3277962160521,1014.2513195264455,1002.0761756929695,1004.8018028461642,1004.8436762102447,1007.3651328065642,1016.0112104332611
1011.7939533976737,1020.8810948502119,1014.1329519019325,1009.3277962160521,1014.2513195264455,1002.0761756929695,1004.8018028461642,1004.8436762102447,1007.3651328065642,1016.0112104332611
1011.7939533976737,1020.8810948502119,1014.1329519019325,1009.3277962160521,1014.2513195264455,1002.0761756929695,1004.8018028461642,1004.8436762102447,1007.3651328065642,1016.0112104332611
1011.7939533976737,1020.8810948502119,1014.1329519019325,1009.3277962160521,1014.2513195264455,1002.0761756929695,1004.8018028461642,1004.8436762102447,1007.3651328065642,1016.0112104332611
1011.7939533976737,1020.8810948502119,1014.1329519019325,1009.3277962160521,1014.2513195264455,1002.0761756929695,1004.8018028461642,1004.8436762102447,1007.3651328065642,1016.0112104332611
1011.7939533976737,1020.8810948502119,1014.1329519019325,1009.3277962160521,1014.2513195264455,1002.0761756929695,1004.8018028461642,1004.8436762102447,1007.3651328065642,1016.0112104332611
1011.7939533976737,1020.8810948502119,1014.1329519019325,1009.3277962160521,1014.2513195264455,1002.0761756929695,1004.8018028461642,1004.8436762102447,1007.3651328065642,1016.0112104332611
1011.7939533976737,1020.8810948502119,1014.1329519019325,1009.3277962160521,1014.2513195264455,1002.0761756929695,1004.8018028461642,1004.8436762102447,1007.3651328065642,1016.0112104332611
1011.7939533976737,1020.8810948502119,1014.1329519019325,1009.3277962160521,1014.2513195264455,1002.0761756929695,1004.8018028461642,1004.8436762102447,1007.3651328065642,1016.0112104332611
1011.7939533976737,1020.8810948502119,1014.1329519019325,1009.3277962160521,1014.2513195264455,1002.0761756929695,1004.8018028461642,1004.8436762102447,1007.3651328065642,1016.0112104332611
1011.7939533976737,1020.8810948502119,1014.1329519019325,1009.3277962160521,1014.2513195264455,1002.0761756929695,1004.8018028461642,1004.8436762102447,1007.3651328065642,1016.0112104332611
1011.7939533976737,1020.8810948502119,1014.1329519019325,1009.3277962160521,1014.2513195264455,1002.0761756929695,1004.8018028461642,1004.8436762102447,1007.3651328065642,1016.0112104332611
1011.7939533976737,1020.8810948502119,1014.1329519019325,1009.3277962160521,1014.2513195264455,1002.0761756929695,1004.8018028461642,1004.8436762102447,1007.3651328065642,1016.0112104332611
1011.7939533976737,1020.8810948502119,1014.1329519019325,1009.3277962160521,1014.2513195264455,1002.0761756929695,1004.8018028461642,1004.8436762102447,1007.3651328065642,1016.0112104332611
1011.7939533976737,1020.8810948502119,1014.1329519019325,1009.3277962160521,1014.2513195264455,1002.0761756929695,1004.8018028461642,1004.8436762102447,1007.3651328065642,1016.0112104332611
1011.7939533976737,1020.8810948502119,1014.1329519019325,1009.3277962160521,1014.2513195264455,1002.0761756929695,1004.8018028461642,1004.8436762102447,1007.3651328065642,1016.0112104332611
1011.7939533976737,1020.4576506919765,1014.1329519019325,1009.3277962160521,1014.2513195264455,1002.0761756929695,1004.8018028461642,1004.8436762102447,1007.3651328065642,1016.0112104332611
1011.7939533976737,1020.4576506919765,1014.1329519019325,1009.3277962160521,1014.2513195264455,1002.0761756929695,1004.8018028461642,1004.8436762102447,1007.3651328065642,1016.0112104332611
1011.7939533976737,1020.4576506919765,1014.1329519019325,1009.3277962160521,1014.2513195264455,1002.0761756929695,1004.8018028461642,1004.8436762102447,1007.3651328065642,1016.0112104332611
1011.7939533976737,1020.4576506919765,1014.1329519019325,1009.3277962160521,1014.2513195264455,1002.0761756929695,1004.8018028461642,1004.8436762102447,1007.3651328065642,1016.0112104332611
1011.7939533976737,1020.4576506919765,1011.1312920267388,1009.3277962160521,1014.2513195264455,1002.0761756929695,1004.8018028461642,1004.8436762102447,1007.3651328065642,1016.0112104332611
1011.7939533976737,1020.4576506919765,1011.1312920267388,1009.3277962160521,1014.2513195264455,1002.0761756929695,1004.8018028461642,1004.8436762102447,1007.3651328065642,1016.0112104332611
1011.7939533976737,1020.4576506919765,1011.1312920267388,1009.3277962160521,1014.2513195264455,1001.6093840926123,1004.8018028461642,1004.8436762102447,1007.3651328065642,1016.0112104332611
1011.7939533976737,1020.4576506919765,1011.1312920267388,1009.3277962160521,1014.2513195264455,1001.6093840926123,1004.8018028461642,1004.8436762102447,1007.3651328065642,1016.0112104332611
1011.7939533976737,1020.4576506919765,1011.1312920267388,1009.3277962160521,1014.2513195264455,1001.6093840926123,1004.8018028461642,1004.8436762102447,1007.3651328065642,1016.0112104332611
1011.7939533976737,1020.4576506919765,1011.1312920267388,1009.3277962160521,1014.2513195264455,1001.6093840926123,1004.8018028461642,1004.8436762102447,1007.3651328065642,1016.0112104332611
1011.7939533976737,1020.4576506919765,1011.1312920267388,1009.3277962160521,1014.2513195264455,1001.5800080785821,1004.8018028461642,1004.8436762102447,1007.3651328065642,1016.0112104332611
1011.7939533976737,1020.4576506919765,1011.1312920267388,1009.3277962160521,1014.2513195264455,1001.356194647896,1004.8018028461642,1004.8436762102447,1007.3651328065642,1016.0112104332611
1011.7939533976737,1020.4576506919765,1011.1312920267388,1009.3277962160521,1014.2513195264455,1001.3535052246488,1004.8018028461642,1004.8436762102447,1007.3651328065642,1016.0112104332611
1011.7939533976737,1020.4576506919765,1011.1312920267388,1009.3277962160521,1014.2513195264455,1001.2590787178572,1004.8018028461642,1004.8436762102447,1007.3651328065642,1016.0112104332611
1011.7939533976737,1020.4576506919765,1011.1312920267388,1009.3277962160521,1014.2513195264455,1001.2590787178572,1004.8018028461642,1004.8436762102447,1007.3651328065642,1016.0112104332611
1011.7939533976737,1020.4576506919765,1011.1312920267388,1009.3277962160521,1014.2513195264455,1001.2423789806084,1004.8018028461642,1004.8436762102447,1007.3651328065642,1016.0112104332611
1011.7939533976737,1020.4576506919765,1011.1312920267388,1009.3277962160521,1014.2513195264455,1001.2423789806084,1004.8018028461642,1004.8436762102447,1007.3651328065642,1016.0112104332611
1011.7939533976737,1016.75894262595,1011.1312920267388,1009.3277962160521,1014.2513195264455,1001.2423789806084,1004.8018028461642,1004.8436762102447,1007.3651328065642,1016.0112104332611
1011.7939533976737,1016.75894262595,1011.1312920267388,1009.3277962160521,1014.2513195264455,1001.2423789806084,1004.8018028461642,1004.8436762102447,1007.3651328065642,1016.0112104332611
1011.7939533976737,1016.75894262595,1011.1312920267388,1009.3277962160521,1014.2513195264455,1001.2423789806084,1004.8018028461642,1004.8436762102447,1007.3651328065642,1016.0112104332611
1011.7939533976737,1016.75894262595,1011.1312920267388,1009.3277962160521,1014.2513195264455,1001.2423789806084,1004.8018028461642,1004.8436762102447,1007.3651328065642,1016.0112104332611
1011.7939533976737,1016.75894262595,1011.1312920267388,1009.3277962160521,1014.2513195264455,1001.2423789806084,1004.8018028461642,1004.8436762102447,1007.3651328065642,1016.0112104332611
1011.7939533976737,1016.75894262595,1011.1312920267388,1009.3277962160521,1014.2513195264455,1001.2423789806084,1004.8018028461642,1004.8436762102447,1007.3651328065642,1016.0112104332611
1011.7939533976737,1016.75894262595,1011.1312920267388,1009.3277962160521,1014.2513195264455,1001.2423789806084,1004.8018028461642,1004.8436762102447,1007.3651328065642,1016.0112104332611
1011.7939533976737,1016.75894262595,1011.1312920267388,1009.3277962160521,1014.2513195264455,1001.2423789806084,1004.8018028461642,1004.8436762102447,1007.3651328065642,1016.0112104332611
1011.7939533976737,1016.75894262595,1011.1312920267388,1009.3277962160521,1014.2513195264455,1001.2423789806084,1004.8018028461642,1004.8436762102447,1007.3651328065642,1016.0112104332611
1011.7939533976737,1016.75894262595,1011.1312920267388,1009.3277962160521,1014.2513195264455,1001.2423789806084,1004.8018028461642,1004.8436762102447,1007.3651328065642,1016.0112104332611
1011.7939533976737,1016.75894262595,1011.1312920267388,1009.3277962160521,1014.2513195264455,1001.2423789806084,1004.8018028461642,1004.8436762102447,1007.3651328065642,1016.0112104332611
1011.7939533976737,1016.75894262595,1011.1312920267388,1009.3277962160521,1014.2513195264455,1001.2423789806084,1004.8018028461642,1004.8436762102447,1007.3651328065642,1016.0112104332611
1011.7939533976737,1016.75894262595,1011.1312920267388,1009.3277962160521,1014.2513195264455,1001.2423789806084,1004.8018028461642,1004.8436762102447,1007.3651328065642,1016.0112104332611
1011.7939533976737,1015.8620903355719,1011.1312920267388,1009.3277962160521,1014.2513195264455,1001.2423789806084,1004.8018028461642,1004.8436762102447,1007.3651328065642,1016.0112104332611
1011.7939533976737,1015.8620903355719,1011.1312920267388,1009.3277962160521,1014.2513195264455,1001.2423789806084,1004.8018028461642,1004.8436762102447,1007.3651328065642,1016.0112104332611
1011.7939533976737,1015.8620903355719,1011.1312920267388,1009.3277962160521,1014.2513195264455,1001.2423789806084,1004.8018028461642,1004.8436762102447,1007.3651328065642,1016.0112104332611
1011.7939533976737,1015.069037825131,1011.1312920267388,1009.3277962160521,1014.2513195264455,1001.2423789806084,1004.8018028461642,1004.8436762102447,1007.3651328065642,1016.0112104332611
1011.7939533976737,1015.069037825131,1011.1312920267388,1009.3277962160521,1014.2513195264455,1001.2147634205,1004.8018028461642,1004.8436762102447,1007.3651328065642,1016.0112104332611
1011.7939533976737,1015.069037825131,1011.1312920267388,1009.3277962160521,1014.2513195264455,1001.190210378592,1004.8018028461642,1004.8436762102447,1007.3651328065642,1016.0112104332611
1011.7939533976737,1015.069037825131,1011.1312920267388,1009.3277962160521,1014.2513195264455,1001.1842207836042,1004.8018028461642,1004.8436762102447,1007.3651328065642,1016.0112104332611
1011.7939533976737,1015.069037825131,1011.1312920267388,1009.3277962160521,1014.2513195264455,1001.1842207836042,1004.8018028461642,1004.8436762102447,1007.3651328065642,1016.0112104332611
1011.7939533976737,1014.900493753439,1011.1312920267388,1009.3277962160521,1014.2513195264455,1001.1842207836042,1004.8018028461642,1004.8436762102447,1007.3651328065642,1016.0112104332611
1011.7939533976737,1014.4235247848098,1011.1312920267388,1009.3277962160521,1014.2513195264455,1001.1842207836042,1004.8018028461642,1004.8436762102447,1007.3651328065642,1016.0112104332611
1011.7939533976737,1014.4235247848098,1011.1312920267388,1009.3277962160521,1014.2513195264455,1001.1794079074514,1004.8018028461642,1004.8436762102447,1007.3651328065642,1016.0112104332611
1011.7939533976737,1012.573134577768,1011.1312920267388,1009.3277962160521,1014.2513195264455,1001.1794079074514,1004.8018028461642,1004.8436762102447,1007.3651328065642,1016.0112104332611
1011.7939533976737,1011.4447450998172,1011.1312920267388,1009.3277962160521,1014.2513195264455,1001.1794079074514,1004.8018028461642,1004.8436762102447,1007.3651328065642,1016.0112104332611
1011.7939533976737,1009.9712339185505,1011.1312920267388,1009.3277962160521,1014.2513195264455,1001.1794079074514,1004.8018028461642,1004.8436762102447,1007.3651328065642,1016.0112104332611
1011.7939533976737,1009.3633038139009,1011.1312920267388,1009.3277962160521,1014.2513195264455,1001.1794079074514,1004.8018028461642,1004.8436762102447,1007.3651328065642,1016.0112104332611
1011.7939533976737,1008.9715500829685,1011.1312920267388,1009.3277962160521,1014.2513195264455,1001.1794079074514,1004.8018028461642,1004.8436762102447,1007.3651328065642,1016.0112104332611
1011.7939533976737,1007.9973245341926,1011.1312920267388,1009.3277962160521,1014.2513195264455,1001.1794079074514,1004.8018028461642,1004.8436762102447,1007.3651328065642,1016.0112104332611
1011.7939533976737,1007.5418345066338,1011.1312920267388,1009.3277962160521,1014.2513195264455,1001.1794079074514,1004.8018028461642,1004.8436762102447,1007.3651328065642,1016.0112104332611
1011.7939533976737,1007.5418345066338,1011.1312920267388,1009.3277962160521,1014.2513195264455,1001.1794079074514,1004.8018028461642,1004.8436762102447,1007.3651328065642,1016.0112104332611
1011.7939533976737,1007.5418345066338,1011.1312920267388,1009.3277962160521,1014.2513195264455,1001.1794079074514,1004.8018028461642,1004.8436762102447,1007.3651328065642,1016.0112104332611
1011.7939533976737,1007.5418345066338,1011.1312920267388,1009.3277962160521,1014.2513195264455,1001.1794079074514,1002.6018547799259,1004.8436762102447,1007.3651328065642,1016.0112104332611
1011.7939533976737,1007.5418345066338,1011.1312920267388,1009.3277962160521,1014.2513195264455,1001.1794079074514,1002.6018547799259,1004.8436762102447,1007.3651328065642,1016.0112104332611
1011.7939533976737,1007.5418345066338,1011.1312920267388,1009.3277962160521,1014.2513195264455,1001.1794079074514,1002.6018547799259,1004.8436762102447,1007.3651328065642,1016.0112104332611
1011.7939533976737,1007.5418345066338,1011.1312920267388,1009.3277962160521,1014.2513195264455,1001.1794079074514,1002.6018547799259,1004.8436762102447,1007.3651328065642,1016.0112104332611
1011.7939533976737,1007.5418345066338,1011.1312920267388,1009.3277962160521,1014.2513195264455,1001.1794079074514,1002.6018547799259,1004.8436762102447,1007.3651328065642,1016.0112104332611
1011.7939533976737,1007.5418345066338,1011.1312920267388,1009.3277962160521,1014.2513195264455,1001.1794079074514,1002.6018547799259,1004.8436762102447,1007.3651328065642,1016.0112104332611
1011.7939533976737,1007.5418345066338,1011.1312920267388,1009.3277962160521,1014.2513195264455,1001.1794079074514,1002.4335459486039,1004.8436762102447,1007.3651328065642,1016.0112104332611
1011.7939533976737,1007.5418345066338,1011.1312920267388,1009.3277962160521,1014.2513195264455,1001.1794079074514,1002.4335459486039,1004.8436762102447,1007.3651328065642,1016.0112104332611
1011.7939533976737,1007.5418345066338,1011.1312920267388,1009.3277962160521,1014.2513195264455,1001.1794079074514,1002.4335459486039,1004.8436762102447,1007.3651328065642,1016.0112104332611
1011.7939533976737,1007.5418345066338,1011.1312920267388,1009.3277962160521,1014.2513195264455,1001.1794079074514,1002.4335459486039,1004.8436762102447,1007.3651328065642,1016.0112104332611
1011.7939533976737,1007.5418345066338,1011.1312920267388,1009.3277962160521,1014.2513195264455,1001.1794079074514,1002.278916064832,1004.8436762102447,1007.3651328065642,1016.0112104332611
1011.7939533976737,1007.5418345066338,1011.1312920267388,1009.3277962160521,1014.2513195264455,1001.1785303757821,1002.055967455439,1004.8436762102447,1007.3651328065642,1016.0112104332611
1011.7939533976737,1007.4754079176738,1011.1312920267388,1009.3277962160521,1014.2513195264455,1001.1737798205453,1001.7644696902554,1004.8436762102447,1007.3651328065642,1016.0112104332611
1011.7939533976737,1007.4194675881267,1011.1312920267388,1009.3277962160521,1014.2513195264455,1001.1691684477804,1001.7644696902554,1004.8436762102447,1007.3651328065642,1016.0112104332611
1011.7939533976737,1007.3651726608375,1011.1312920267388,1009.3277962160521,1014.2513195264455,1001.1603685288818,1001.7266133593985,1004.8436762102447,1007.3651328065642,1016.0112104332611
1011.7939533976737,1007.327680381841,1011.1312920267388,1009.3277962160521,1014.2513195264455,1001.153447008243,1001.657199699648,1004.8436762102447,1007.3651328065642,1016.0112104332611
1011.7939533976737,1007.2726892810102,1011.1312920267388,1009.3277962160521,1014.2513195264455,1001.1444657391168,1001.6217495588173,1004.8436762102447,1007.3651328065642,1016.0112104332611
1011.7939533976737,1006.9740793970763,1011.1312920267388,1009.3277962160521,1014.2513195264455,1001.1444657391168,1001.5698427704247,1004.8436762102447,1007.3651328065642,1016.0112104332611
1011.7939533976737,1006.9740793970763,1011.1312920267388,1009.3277962160521,1014.2513195264455,1001.1444657391168,1001.5300875581488,1004.8436762102447,1007.3651328065642,1016.0112104332611
1011.7939533976737,1006.9740793970763,1011.1312920267388,1005.7242511899979,1014.2513195264455,1001.1444657391168,1001.5273918233679,1004.8436762102447,1007.3651328065642,1016.0112104332611
1011.7939533976737,1006.9337887715805,1011.1312920267388,1005.7242511899979,1014.2513195264455,1001.1444657391168,1001.4590773333473,1004.8436762102447,1007.3651328065642,1016.0112104332611
1011.7939533976737,1006.8881243414963,1011.1312920267388,1005.7242511899979,1014.2513195264455,1001.1444657391168,1001.4590773333473,1004.8436762102447,1007.3651328065642,1016.0112104332611
1011.7939533976737,1006.7894459849567,1011.1312920267388,1005.7242511899979,1014.2513195264455,1001.1444657391168,1001.4460284069498,1004.8436762102447,1007.3651328065642,1016.0112104332611
1011.7939533976737,1006.6964444683774,1011.1312920267388,1005.7242511899979,1014.2513195264455,1001.1444657391168,1001.4215222256286,1004.8436762102447,1007.3651328065642,1016.0112104332611
1011.7939533976737,1006.6964444683774,1011.1312920267388,1005.7242511899979,1014.2513195264455,1001.1444657391168,1001.4010619407512,1004.8436762102447,1007.3651328065642,1016.0112104332611
1011.7939533976737,1006.6496965596716,1011.1312920267388,1005.7242511899979,1014.2513195264455,1001.1444657391168,1001.3995798042661,1004.8436762102447,1007.3651328065642,1016.0112104332611
1011.7939533976737,1006.6453217469788,1011.1312920267388,1005.7242511899979,1014.2513195264455,1001.1444657391168,1001.3995798042661,1004.8436762102447,1007.3651328065642,1016.0112104332611
1011.7939533976737,1006.6001146619623,1011.1312920267388,1005.7242511899979,1014.2513195264455,1001.1444657391168,1001.377425554789,1004.8436762102447,1007.3651328065642,1016.0112104332611
1011.7939533976737,1006.4822978395023,1011.1312920267388,1005.7242511899979,1014.2513195264455,1001.1444657391168,1001.377425554789,1004.8436762102447,1007.3651328065642,1016.0112104332611
1011.7939533976737,1006.4822978395023,1011.1312920267388,1005.7242511899979,1014.2513195264455,1001.1444657391168,1001.3680943233428,1004.8436762102447,1007.3651328065642,1016.0112104332611
1011.7939533976737,1006.4822978395023,1011.1312920267388,1005.7242511899979,1014.2513195264455,1001.1444657391168,1001.3680943233428,1004.8436762102447,1007.3651328065642,1016.0112104332611
1011.7939533976737,1006.4049383399196,1011.1312920267388,1005.7242511899979,1014.2513195264455,1001.1444657391168,1001.3471175192983,1004.8436762102447,1007.3651328065642,1016.0112104332611
1011.7939533976737,1006.4049383399196,1011.1312920267388,1005.7242511899979,1014.2513195264455,1001.1444657391168,1001.3135155332359,1004.8436762102447,1007.3651328065642,1016.0112104332611
1011.7939533976737,1006.327854636217,1011.1312920267388,1005.7242511899979,1014.2513195264455,1001.1444657391168,1001.2921930244123,1004.8436762102447,1007.3651328065642,1016.0112104332611
1011.7939533976737,1006.3087429581184,1011.1312920267388,1005.7242511899979,1014.2513195264455,1001.1444657391168,1001.2597089557464,1004.8436762102447,1007.3651328065642,1016.0112104332611
1011.7939533976737,1006.2740560245749,1011.1312920267388,1005.7242511899979,1014.2513195264455,1001.1444657391168,1001.239501512016,1004.8436762102447,1007.3651328065642,1016.0112104332611
1011.7939533976737,1006.234822378775,1011.1312920267388,1005.7242511899979,1014.2513195264455,1001.1444657391168,1001.2160809025227,1004.8436762102447,1007.3651328065642,1016.0112104332611
1011.7939533976737,1006.2049750025685,1011.1312920267388,1005.7242511899979,1014.2513195264455,1001.1444657391168,1001.2034173564854,1004.8436762102447,1007.3651328065642,1016.0112104332611
1011.7939533976737,1006.1857206422876,1011.1312920267388,1005.7242511899979,1014.2513195264455,1001.1444657391168,1001.1999886415475,1004.8436762102447,1007.3651328065642,1016.0112104332611
1011.7939533976737,1006.1495427687639,1011.1312920267388,1005.7242511899979,1014.2513195264455,1001.1444657391168,1001.1999886415475,1004.8436762102447,1007.3651328065642,1016.0112104332611
1011.7939533976737,1006.0265491734174,1011.1312920267388,1004.8247153841309,1014.2513195264455,1001.1444657391168,1001.1963079047349,1004.8436762102447,1007.3651328065642,1016.0112104332611
1011.7939533976737,1006.0265491734174,1011.1312920267388,1004.8247153841309,1014.2513195264455,1001.1316300792611,1001.191146665342,1004.8436762102447,1007.3651328065642,1016.0112104332611
1011.7939533976737,1005.9645553775306,1011.1312920267388,1003.6362967802233,1014.2513195264455,1001.1316300792611,1001.1838131625708,1004.8436762102447,1007.3651328065642,1016.0112104332611
1011.7939533976737,1005.9645553775306,1011.1312920267388,1003.6362967802233,1014.2513195264455,1001.1316300792611,1001.1838131625708,1004.8436762102447,1007.3651328065642,1016.0112104332611
1011.7939533976737,1005.8659342915436,1011.1312920267388,1003.6362967802233,1014.2513195264455,1001.1316300792611,1001.1685282567219,1004.8436762102447,1007.3651328065642,1016.0112104332611
1011.7939533976737,1005.8659342915436,1011.1312920267388,1003.6362967802233,1014.2513195264455,1001.1316300792611,1001.1211871107546,1004.8436762102447,1007.3651328065642,1016.0112104332611
1011.7939533976737,1005.8659342915436,1011.1312920267388,1003.6362967802233,1014.2513195264455,1001.1316300792611,1001.1211871107546,1004.8436762102447,1007.3651328065642,1016.0112104332611
1011.7939533976737,1005.8659342915436,1011.1312920267388,1003.1276789819581,1014.2513195264455,1001.1316300792611,1001.1211871107546,1004.8436762102447,1007.3651328065642,1016.0112104332611
1011.7939533976737,1005.8659342915436,1011.1312920267388,1002.7199316615806,1014.2513195264455,1001.1194559104842,1001.1211871107546,1004.8436762102447,1007.3651328065642,1016.0112104332611
1011.7939533976737,1005.8659342915436,1011.1312920267388,1002.2928274577855,1014.2513195264455,1001.0912786830613,1001.1211871107546,1004.8436762102447,1007.3651328065642,1016.0112104332611
1011.7939533976737,1005.8659342915436,1011.1312920267388,1002.1341932951611,1014.2513195264455,1001.0829143066733,1001.1211871107546,1004.8436762102447,1007.3651328065642,1016.0112104332611
1011.7939533976737,1005.8659342915436,1011.1312920267388,1002.0170692593736,1014.2513195264455,1001.0787122399822,1001.1211871107546,1004.8436762102447,1007.3651328065642,1016.0112104332611
1011.7939533976737,1005.8659342915436,1011.1312920267388,1001.9438140441158,1014.2513195264455,1001.0750646737193,1001.1211871107546,1004.8436762102447,1007.3651328065642,1016.0112104332611
1011.7939533976737,1005.8659342915436,1011.1312920267388,1001.9438140441158,1014.2513195264455,1001.0709159227333,1001.1211871107546,1004.8436762102447,1007.3651328065642,1016.0112104332611
1011.7939533976737,1005.8659342915436,1011.1312920267388,1001.9438140441158,1014.2513195264455,1001.0703470152451,1001.1211871107546,1004.8436762102447,1007.3651328065642,1016.0112104332611
1011.7939533976737,1005.8659342915436,1011.1312920267388,1001.9340401705284,1014.2513195264455,1001.0698293446167,1001.1211871107546,1004.8436762102447,1007.3651328065642,1016.0112104332611
1011.7939533976737,1005.8659342915436,1011.1312920267388,1001.9079359733997,1014.2513195264455,1001.0698293446167,1001.1211871107546,1004.8436762102447,1007.3651328065642,1016.0112104332611
1011.7939533976737,1005.8659342915436,1011.1312920267388,1001.9079359733997,1014.2513195264455,1001.0698293446167,1001.1211871107546,1004.8436762102447,1007.3651328065642,1016.0112104332611
1011.7939533976737,1005.8659342915436,1011.1312920267388,1001.9079359733997,1014.2513195264455,1001.069504234192,1001.1211871107546,1004.8436762102447,1007.3651328065642,1016.0112104332611
1011.7939533976737,1005.8659342915436,1011.1312920267388,1001.9079359733997,1014.2513195264455,1001.067341096393,1001.1211871107546,1004.8436762102447,1007.3651328065642,1016.0112104332611
1011.7939533976737,1005.8659342915436,1011.1312920267388,1001.9079359733997,1014.2513195264455,1001.0657681630942,1001.1211871107546,1004.8436762102447,1007.3651328065642,1016.0112104332611
1011.7939533976737,1005.8659342915436,1011.1312920267388,1001.9079359733997,1014.2513195264455,1001.0639457712962,1001.1194574306055,1004.8436762102447,1007.3651328065642,1016.0112104332611
1011.7939533976737,1005.8659342915436,1011.1312920267388,1001.9079359733997,1014.2513195264455,1001.059037713973,1001.1179663204265,1004.8436762102447,1007.3651328065642,1016.0112104332611
1011.7939533976737,1005.8659342915436,1011.1312920267388,1001.8962135863675,1014.2513195264455,1001.0577917221756,1001.11740791771,1004.8436762102447,1007.3651328065642,1016.0112104332611
1011.7939533976737,1005.8659342915436,1011.1312920267388,1001.8434993704197,1014.2513195264455,1001.0577917221756,1001.1153929051437,1004.8436762102447,1007.3651328065642,1016.0112104332611
1011.7939533976737,1005.8659342915436,1011.1312920267388,1001.7997384941034,1008.5005881260605,1001.0577917221756,1001.1152963711987,1004.8436762102447,1007.3651328065642,1016.0112104332611
1011.7939533976737,1005.8659342915436,1011.1312920267388,1001.6226371087356,1008.5005881260605,1001.0577917221756,1001.114449554926,1004.8436762102447,1007.3651328065642,1016.0112104332611
1011.7939533976737,1005.8659342915436,1011.1312920267388,1001.6226371087356,1008.5005881260605,1001.0577917221756,1001.1132961420457,1004.8436762102447,1007.3651328065642,1016.0112104332611
1011.7939533976737,1005.8659342915436,1011.1312920267388,1001.6226371087356,1008.5005881260605,1001.0577917221756,1001.1128762191607,1004.8436762102447,1007.3651328065642,1016.0112104332611
1011.7939533976737,1005.8659342915436,1011.1312920267388,1001.6111209339863,1008.5005881260605,1001.0577917221756,1001.1108333559785,1004.8436762102447,1007.3651328065642,1016.0112104332611
1011.7939533976737,1005.8659342915436,1011.1312920267388,1001.592253511219,1008.5005881260605,1001.0577917221756,1001.1101538969843,1004.8436762102447,1007.3651328065642,1016.0112104332611
1011.7939533976737,1005.8659342915436,1011.1312920267388,1001.5775748334975,1008.5005881260605,1001.0577917221756,1001.1076822039989,1004.8436762102447,1007.3651328065642,1016.0112104332611
1011.7939533976737,1005.8659342915436,1011.1312920267388,1001.5775748334975,1008.5005881260605,1001.0577917221756,1001.1062567582793,1004.8436762102447,1007.3651328065642,1016.0112104332611
1011.7939533976737,1005.8659342915436,1011.1312920267388,1001.5775748334975,1008.5005881260605,1001.0577917221756,1001.1049487580068,1004.8436762102447,1007.3651328065642,1016.0112104332611
1011.7939533976737,1005.8659342915436,1011.1312920267388,1001.5775748334975,1008.5005881260605,1001.0577917221756,1001.1040364003034,1004.8436762102447,1007.3651328065642,1016.0112104332611
1011.7939533976737,1005.8659342915436,1011.1312920267388,1001.5775748334975,1008.5005881260605,1001.0577917221756,1001.1040364003034,1004.8436762102447,1007.3651328065642,1016.0112104332611
1011.7939533976737,1005.8659342915436,1011.1312920267388,1001.5775748334975,1008.5005881260605,1001.0577917221756,1001.1040364003034,1004.8436762102447,1007.3651328065642,1016.0112104332611
1011.7939533976737,1005.8659342915436,1011.1312920267388,1001.5775748334975,1008.5005881260605,1001.0577917221756,1001.1040364003034,1004.8436762102447,1007.3651328065642,1016.0112104332611
1011.7939533976737,1005.8659342915436,1011.1312920267388,1001.5775748334975,1008.5005881260605,1001.0577917221756,1001.1040364003034,1004.8436762102447,1007.3651328065642,1016.0112104332611
1011.7939533976737,1005.8659342915436,1011.1312920267388,1001.5775748334975,1008.5005881260605,1001.0572672150112,1001.1040364003034,1004.8436762102447,1007.3651328065642,1016.0112104332611
1011.7939533976737,1005.8161980034648,1011.1312920267388,1001.5775748334975,1008.5005881260605,1001.055352271125,1001.1040364003034,1004.8436762102447,1007.3651328065642,1016.0112104332611
1011.7939533976737,1005.3396899035703,1011.1312920267388,1001.5775748334975,1008.5005881260605,1001.0525163391991,1001.1040364003034,1004.8436762102447,1007.3651328065642,1016.0112104332611
1011.7939533976737,1005.2000185308303,1011.1312920267388,1001.5775748334975,1008.5005881260605,1001.0509591291714,1001.1040364003034,1004.8436762102447,1007.3651328065642,1016.0112104332611
1011.7939533976737,1004.4446511584954,1011.1312920267388,1001.5775748334975,1008.5005881260605,1001.0499134709692,1001.1040364003034,1004.8436762102447,1007.3651328065642,1016.0112104332611
1011.7939533976737,1004.4446511584954,1011.1312920267388,1001.5775748334975,1008.5005881260605,1001.0475101253795,1001.1040238887044,1004.8436762102447,1007.3651328065642,1016.0112104332611
1011.7939533976737,1004.4446511584954,1011.1312920267388,1001.5677336265181,1008.5005881260605,1001.0467559504038,1001.1038304724505,1004.8436762102447,1007.3651328065642,1016.0112104332611
1011.7939533976737,1004.4291300873003,1011.1312920267388,1001.5284809811795,1008.5005881260605,1001.0442899241253,1001.1035529536148,1004.8436762102447,1007.3651328065642,1016.0112104332611
1011.7939533976737,1004.1013111100795,1011.1312920267388,1001.5263328126724,1008.5005881260605,1001.0400928261055,1001.1033746015098,1004.8436762102447,1007.3651328065642,1016.0112104332611
1011.7939533976737,1004.1013111100795,1011.1312920267388,1001.466368722609,1008.5005881260605,1001.0379702848883,1001.1025389920161,1004.8436762102447,1007.3651328065642,1016.0112104332611
1011.7939533976737,1004.1013111100795,1011.1312920267388,1001.466368722609,1008.5005881260605,1001.0315425614816,1001.1017704391633,1004.8436762102447,1007.3651328065642,1016.0112104332611
1011.7939533976737,1003.9665807172382,1011.1312920267388,1001.4651384656979,1007.8993375336526,1001.0315425614816,1001.1009551949634,1004.8436762102447,1007.3651328065642,1016.0112104332611
1011.7939533976737,1003.8268283322383,1011.1312920267388,1001.4533154137007,1007.8993375336526,1001.0315425614816,1001.100279298805,1004.8436762102447,1007.3651328065642,1016.0112104332611
1011.7939533976737,1003.6936945531521,1011.1312920267388,1001.4398325025403,1007.8993375336526,1001.0315425614816,1001.0993289539344,1004.8436762102447,1007.3651328065642,1016.0112104332611
1011.7939533976737,1003.5783337687819,1011.1312920267388,1001.424684831107,1007.8993375336526,1001.0315425614816,1001.0978743489716,1004.8436762102447,1007.3651328065642,1016.0112104332611
1011.7939533976737,1003.5341448719405,1011.1312920267388,1001.4098123657129,1007.8993375336526,1001.0312565068957,1001.0941015628732,1003.4868839076007,1007.3651328065642,1016.0112104332611
1011.7939533976737,1003.483514425287,1011.1312920267388,1001.3970612122342,1007.8993375336526,1001.0305799619765,1001.0941015628732,1003.4868839076007,1007.1588678421315,1016.0112104332611
1011.7939533976737,1003.4290638614974,1011.1312920267388,1001.3870339651495,1007.8993375336526,1001.0288272426538,1001.0929819567323,1003.4868839076007,1007.1588678421315,1016.0112104332611
1011.7939533976737,1003.3798481535055,1011.1312920267388,1001.3830473050999,1007.8993375336526,1001.0266089527431,1001.0892030471816,1003.4868839076007,1005.0777719610368,1016.0112104332611
1011.7939533976737,1003.3169326762147,1011.1312920267388,1001.3814699153725,1007.8993375336526,1001.0249731631575,1001.0891644935443,1003.4868839076007,1005.0777719610368,1016.0112104332611
1011.7939533976737,1003.3008652753487,1011.1312920267388,1001.3792639371784,1007.8993375336526,1001.0242276243314,1001.0870830988116,1003.4868839076007,1005.0777719610368,1016.0112104332611
1011.7939533976737,1003.2758639585608,1011.1312920267388,1001.3726222117144,1007.8993375336526,1001.0237044039609,1001.080081025382,1003.4868839076007,1005.0777719610368,1016.0112104332611
1011.7939533976737,1003.2514183585084,1011.1312920267388,1001.3726222117144,1007.8993375336526,1001.0213150307497,1001.080081025382,1003.4868839076007,1005.0777719610368,1016.0112104332611
1011.7939533976737,1003.2514183585084,1011.1312920267388,1001.3726222117144,1007.8993375336526,1001.0213150307497,1001.080081025382,1003.4868839076007,1005.0777719610368,1016.0112104332611
1011.7939533976737,1003.2514183585084,1011.1312920267388,1001.372613168325,1007.8993375336526,1001.0213150307497,1001.080081025382,1003.4868839076007,1005.0777719610368,1016.0112104332611
1011.7939533976737,1003.2514183585084,1011.1312920267388,1001.3718662219333,1007.8993375336526,1001.0213150307497,1001.0783139788101,1003.4868839076007,1005.0777719610368,1016.0112104332611
1011.7939533976737,1003.2514183585084,1011.1312920267388,1001.3704887688493,1007.8993375336526,1001.0213150307497,1001.0750851057403,1003.4868839076007,1005.0777719610368,1016.0112104332611
1011.7939533976737,1003.2514183585084,1011.1312920267388,1001.3668267721348,1007.8993375336526,1001.0213150307497,1001.0747863292311,1003.4868839076007,1005.0777719610368,1016.0112104332611
1011.7939533976737,1003.2514183585084,1011.1312920267388,1001.3640261307883,1007.8993375336526,1001.0213150307497,1001.0678153162421,1003.4868839076007,1005.0777719610368,1016.0112104332611
1011.7939533976737,1003.2514183585084,1011.1312920267388,1001.3556385407643,1007.8993375336526,1001.0213150307497,1001.0678153162421,1003.4868839076007,1005.0777719610368,1016.0112104332611
1011.7939533976737,1003.2514183585084,1011.1312920267388,1001.3556385407643,1007.8993375336526,1001.0213150307497,1001.0678153162421,1003.4868839076007,1005.0777719610368,1016.0112104332611
1011.7939533976737,1003.2514183585084,1011.1312920267388,1001.3549230594822,1007.8993375336526,1001.0213150307497,1001.0602992520588,1003.4868839076007,1005.0777719610368,1016.0112104332611
1011.7939533976737,1003.2514183585084,1011.1312920267388,1001.3524594503251,1007.8993375336526,1001.0213150307497,1001.0560375051401,1003.4868839076007,1005.0777719610368,1016.0112104332611
1011.7939533976737,1003.2514183585084,1011.1312920267388,1001.3502962346153,1007.8993375336526,1001.0213150307497,1001.0449105348583,1003.4868839076007,1005.0777719610368,1016.0112104332611
1011.7939533976737,1003.2514183585084,1011.1312920267388,1001.3415235483408,1007.8993375336526,1001.0213150307497,1001.0440434383586,1003.4868839076007,1005.0777719610368,1016.0112104332611
1011.7939533976737,1003.2514183585084,1011.1312920267388,1001.3415235483408,1007.8993375336526,1001.0213150307497,1001.037492050253,1003.4868839076007,1005.0777719610368,1016.0112104332611
1011.7939533976737,1003.2514183585084,1011.1312920267388,1001.3317400155569,1007.8993375336526,1001.0213150307497,1001.037492050253,1003.4868839076007,1005.0777719610368,1016.0112104332611
1011.7939533976737,1003.2514183585084,1011.1312920267388,1001.3200373121915,1007.8993375336526,1001.0213150307497,1001.0365489984152,1003.4868839076007,1005.0777719610368,1016.0112104332611
1011.7939533976737,1003.2514183585084,1011.1312920267388,1001.3160671298551,1007.8993375336526,1001.0213150307497,1001.0288003516833,1003.4868839076007,1005.0777719610368,1016.0112104332611
1011.7939533976737,1003.2514183585084,1011.1312920267388,1001.3115116035466,1007.8993375336526,1001.0213150307497,1001.0288003516833,1003.4868839076007,1005.0777719610368,1016.0112104332611
1011.7939533976737,1003.2514183585084,1011.1312920267388,1001.3115116035466,1007.8993375336526,1001.0213150307497,1001.0225119309341,1003.4868839076007,1005.0777719610368,1016.0112104332611
1011.7939533976737,1003.2514183585084,1011.1312920267388,1001.2895940634776,1007.8993375336526,1001.0213150307497,1001.0188465962806,1003.4868839076007,1005.0777719610368,1016.0112104332611
1011.7939533976737,1003.2514183585084,1011.1312920267388,1001.2895940634776,1007.8993375336526,1001.0213150307497,1001.0188465962806,1003.4868839076007,1005.0777719610368,1016.0112104332611
1011.7939533976737,1003.2514183585084,1011.1312920267388,1001.2733403153942,1007.8993375336526,1001.0213150307497,1001.0163586385726,1003.4868839076007,1005.0777719610368,1016.0112104332611
1011.7939533976737,1003.2514183585084,1011.1312920267388,1001.2733403153942,1007.8993375336526,1001.0213150307497,1001.0055679764134,1003.4868839076007,1005.0777719610368,1016.0112104332611
1011.7939533976737,1003.2514183585084,1011.1312920267388,1001.2627068604932,1007.8993375336526,1001.0213150307497,1001.0055679764134,1003.4868839076007,1005.0777719610368,1016.0112104332611
1011.7939533976737,1003.2514183585084,1011.1312920267388,1001.2627068604932,1007.8993375336526,1001.0213150307497,1001.0055679764134,1003.4868839076007,1005.0777719610368,1016.0112104332611
1011.7939533976737,1003.2514183585084,1011.1312920267388,1001.2355221499723,1007.8993375336526,1001.0213150307497,1001.0055679764134,1003.4868839076007,1005.0777719610368,1016.0112104332611
1011.7939533976737,1003.2514183585084,1011.1312920267388,1001.2286187846436,1007.8993375336526,1001.0213150307497,1001.0055679764134,1003.4868839076007,1005.0777719610368,1011.6465826306861
1011.7939533976737,1003.2514183585084,1011.1312920267388,1001.2135750862548,1007.8993375336526,1001.0204506729136,1001.0055679764134,1003.4868839076007,1005.0777719610368,1011.6465826306861
1011.7939533976737,1003.2514183585084,1011.1312920267388,1001.201681755975,1007.8993375336526,1001.0179348074489,1001.0055679764134,1003.4868839076007,1005.0777719610368,1011.6465826306861
1011.7939533976737,1003.2514183585084,1011.1312920267388,1001.201681755975,1007.8993375336526,1001.0165296118423,1001.0031928840245,1003.4868839076007,1005.0777719610368,1011.6465826306861
1011.7939533976737,1003.2514183585084,1011.1312920267388,1001.1692936053582,1007.8993375336526,1001.0148501338472,1001.0031928840245,1003.4868839076007,1005.0777719610368,1011.6465826306861
1011.7939533976737,1003.2514183585084,1011.1312920267388,1001.1607775198049,1007.8993375336526,1001.0122106681079,1001.0031928840245,1003.4868839076007,1004.9659412364246,1011.6465826306861
1011.7939533976737,1003.2514183585084,1011.1312920267388,1001.1420746310732,1007.8993375336526,1001.0094682859716,1001.002125606427,1003.4868839076007,1004.9536033472712,1011.6465826306861
1011.7939533976737,1003.2514183585084,1011.1312920267388,1001.1212968626105,1007.8993375336526,1001.0094682859716,1001.0009017390281,1003.4868839076007,1004.944016696528,1011.6465826306861
1011.7939533976737,1003.2514183585084,1011.1312920267388,1001.1144076305899,1007.8993375336526,1001.0088621660735,1000.9997700159788,1003.4868839076007,1004.8993700987647,1011.6465826306861
1011.7939533976737,1003.2514183585084,1011.1312920267388,1001.1133689469999,1007.8993375336526,1001.0080971738583,1000.9987689528615,1003.4868839076007,1004.8295321236134,1011.6465826306861
1011.7939533976737,1003.2514183585084,1011.1312920267388,1001.1133689469999,1007.8993375336526,1001.007210444839,1000.9980585316031,1003.4868839076007,1004.7285824309333,1011.6465826306861
1011.7939533976737,1003.2514183585084,1011.1312920267388,1001.1133689469999,1007.8993375336526,1001.0064186023749,1000.9975337794539,1003.4868839076007,1004.6739063678637,1011.6465826306861
1011.7939533976737,1003.2514183585084,1011.1312920267388,1001.1047778328646,1007.8993375336526,1001.0023221990439,1000.9971757838053,1003.4868839076007,1004.65547548156,1011.6465826306861
1011.7939533976737,1003.2514183585084,1011.1312920267388,1001.1035251162658,1007.8993375336526,1001.0023221990439,1000.996920696136,1003.4868839076007,1004.6307889095372,1011.6465826306861
1011.7939533976737,1003.2514183585084,1011.1312920267388,1001.0867113935584,1007.8993375336526,1001.0023221990439,1000.996666385973,1003.4868839076007,1004.6009199993787,1011.6465826306861
1011.7939533976737,1003.2514183585084,1011.1312920267388,1001.0867113935584,1007.8993375336526,1001.0023221990439,1000.996459469547,1003.4868839076007,1004.5900591336081,1011.6465826306861
1011.7939533976737,1003.2514183585084,1011.1312920267388,1001.0776677333204,1007.8993375336526,1001.002176617445,1000.9962910443686,1003.4868839076007,1004.5850181461188,1011.6465826306861
1011.7939533976737,1003.2514183585084,1011.1312920267388,1001.0776677333204,1007.8993375336526,1001.002176617445,1000.9961568563664,1003.4868839076007,1004.568074565326,1011.6465826306861
1011.7939533976737,1003.2514183585084,1011.1312920267388,1001.0776677333204,1007.8993375336526,1001.002176617445,1000.9960652980022,1003.4868839076007,1004.5440055180312,1011.6465826306861
1011.7939533976737,1003.2514183585084,1011.1312920267388,1001.0741955989957,1007.8993375336526,1001.0015342371987,1000.9959312308813,1003.4868839076007,1004.4658756809303,1011.6465826306861
1011.7939533976737,1003.2514183585084,1011.1312920267388,1001.0610607292964,1007.8993375336526,1001.0015342371987,1000.9956850254325,1003.4868839076007,1004.431060871411,1011.6465826306861
1011.7939533976737,1003.2514183585084,1011.1312920267388,1001.0610607292964,1007.8993375336526,1001.0015342371987,1000.99549727871,1003.4868839076007,1004.4155055981532,1011.6465826306861
1011.7939533976737,1003.2514183585084,1011.1312920267388,1001.0523398407929,1007.8993375336526,1001.0015342371987,1000.9953572634159,1003.4868839076007,1004.4046598356204,1011.6465826306861
1011.7939533976737,1003.2514183585084,1011.1312920267388,1001.0478164232047,1007.8993375336526,1001.0015342371987,1000.9952772931068,1003.4868839076007,1004.4038814076512,1011.6465826306861
1011.7939533976737,1003.2514183585084,1011.1312920267388,1001.044952115251,1007.8993375336526,1001.0015342371987,1000.9952264112318,1003.4868839076007,1004.4038814076512,1011.6465826306861
1011.7939533976737,1003.2514183585084,1011.1312920267388,1001.0423955603393,1007.8993375336526,1001.001386313024,1000.9952264112318,1003.4868839076007,1004.4038814076512,1011.6465826306861
1011.7939533976737,1003.2514183585084,1011.1312920267388,1001.0387057801909,1007.8993375336526,1001.001386313024,1000.995199888193,1003.4868839076007,1004.4038814076512,1011.6465826306861
1011.7939533976737,1003.2514183585084,1011.1312920267388,1001.0319340384515,1007.8993375336526,1001.001386313024,1000.995153853524,1003.4868839076007,1004.4038814076512,1011.6465826306861
1011.7939533976737,1003.2514183585084,1011.1312920267388,1001.0319340384515,1007.8993375336526,1001.001386313024,1000.995153853524,1003.4868839076007,1004.4038814076512,1011.6465826306861
1011.7939533976737,1003.2514183585084,1011.1312920267388,1001.0273228125546,1007.8993375336526,1001.001386313024,1000.995153853524,1003.4868839076007,1004.4038814076512,1011.6465826306861
1011.7939533976737,1003.2514183585084,1011.1312920267388,1001.0255294777531,1007.8993375336526,1001.001386313024,1000.995153853524,1003.4868839076007,1004.4038814076512,1011.6465826306861
1011.7939533976737,1003.2514183585084,1011.1312920267388,1001.0180313275808,1007.8993375336526,1001.001386313024,1000.995153853524,1003.4868839076007,1004.4038814076512,1011.6465826306861
1011.7939533976737,1003.2514183585084,1011.1312920267388,1001.0180313275808,1007.8993375336526,1001.001386313024,1000.995153853524,1003.4868839076007,1004.4038814076512,1011.6465826306861
1011.7939533976737,1003.2514183585084,1011.1312920267388,1001.0169816156971,1007.8993375336526,1001.001386313024,1000.9951336605106,1003.4868839076007,1004.4038814076512,1011.6465826306861
1011.7939533976737,1003.2514183585084,1011.1312920267388,1001.0169816156971,1007.8993375336526,1001.001386313024,1000.9951221764536,1003.4868839076007,1004.4038814076512,1011.6465826306861
1011.7939533976737,1002.9917938929493,1011.1312920267388,1001.0120916526903,1007.8993375336526,1001.001386313024,1000.9951207971342,1003.4868839076007,1004.4038814076512,1011.6465826306861
1011.7939533976737,1002.9917938929493,1011.1312920267388,1001.0089782830685,1007.8993375336526,1001.001386313024,1000.9951084673212,1003.4868839076007,1004.4038814076512,1011.6465826306861
1011.7939533976737,1002.9917938929493,1011.1312920267388,1001.0089782830685,1007.8993375336526,1001.0006928166125,1000.9951084673212,1003.4868839076007,1004.4038814076512,1011.6465826306861
1011.7939533976737,1002.9917938929493,1011.1312920267388,1001.0088944574916,1007.8993375336526,1000.999537280625,1000.9951084673212,1003.4868839076007,1004.4001889629835,1011.6465826306861
1011.7939533976737,1002.9724475296485,1011.1312920267388,1001.0064862374658,1007.8993375336526,1000.9987445767078,1000.9951084673212,1003.4868839076007,1004.3916511364256,1011.6465826306861
1011.7939533976737,1002.9724475296485,1011.1312920267388,1001.0064566591644,1007.8993375336526,1000.9982499716937,1000.9951084673212,1003.4868839076007,1004.3836483859048,1011.6465826306861
1011.7939533976737,1002.9334299455271,1011.1312920267388,1001.0064566591644,1007.8993375336526,1000.9980970986716,1000.9951084673212,1003.4868839076007,1004.3789958532169,1011.6465826306861
1011.7939533976737,1002.8571311837874,1011.1312920267388,1001.0048267059582,1007.8993375336526,1000.9975928827508,1000.9951084673212,1003.4868839076007,1004.3751958262143,1011.6465826306861
1011.7939533976737,1002.8571311837874,1011.1312920267388,1001.0048267059582,1007.8993375336526,1000.9972209611756,1000.9951084673212,1003.4868839076007,1004.3738684350391,1011.6465826306861
1011.7939533976737,1002.8571311837874,1011.1312920267388,1001.0048267059582,1007.8993375336526,1000.9971438161331,1000.9951084673212,1003.4868839076007,1004.3737405367859,1011.6465826306861
1011.7939533976737,1002.8571311837874,1011.1312920267388,1001.0021519111813,1007.8993375336526,1000.9971389151574,1000.9951084673212,1003.4868839076007,1004.3709499486317,1011.6465826306861
1011.7939533976737,1002.7689812440269,1011.1312920267388,1000.9985254135355,1007.8993375336526,1000.9967677662561,1000.9951084673212,1003.4868839076007,1004.3677929922019,1011.6465826306861
1011.7939533976737,1002.7458177059012,1011.1312920267388,1000.9985254135355,1007.8993375336526,1000.9964008943062,1000.9950430845975,1003.4868839076007,1004.36292831012,1011.6465826306861
1011.7939533976737,1002.6977156409471,1011.1312920267388,1000.9985254135355,1007.8993375336526,1000.9963848592627,1000.9950082422796,1003.4868839076007,1004.3495729400697,1011.6465826306861
1011.7939533976737,1002.5905453806747,1011.1312920267388,1000.9985254135355,1007.8993375336526,1000.9961649356169,1000.9950082422796,1003.4868839076007,1004.3495729400697,1011.6465826306861
1011.7939533976737,1002.5905453806747,1011.1312920267388,1000.9985254135355,1007.8993375336526,1000.9961649356169,1000.9950082422796,1003.4868839076007,1004.3495729400697,1011.6465826306861
1011.7939533976737,1002.5905453806747,1011.1312920267388,1000.9985254135355,1007.8993375336526,1000.9961649356169,1000.9950082422796,1003.4868839076007,1004.3495729400697,1011.6465826306861
1011.7939533976737,1002.5905453806747,1011.1312920267388,1000.9985254135355,1007.8993375336526,1000.9961649356169,1000.9950082422796,1003.4868839076007,1004.3495729400697,1011.6465826306861
1011.7939533976737,1002.5905453806747,1011.1312920267388,1000.9981916958612,1007.8993375336526,1000.9961094638181,1000.9950082422796,1003.4868839076007,1004.3486388504189,1011.6465826306861
1011.7939533976737,1002.5905453806747,1011.1312920267388,1000.9976252763098,1007.8993375336526,1000.9958339062811,1000.9950082422796,1003.4868839076007,1004.3452466272132,1011.6465826306861
1011.7939533976737,1002.5905453806747,1011.1312920267388,1000.9972368309582,1007.8993375336526,1000.9956850257222,1000.9950082422796,1003.4868839076007,1004.3448384867795,1011.6465826306861
1011.7939533976737,1002.5886043193216,1011.1312920267388,1000.9967341777908,1007.8993375336526,1000.9955787875211,1000.9950082422796,1003.4868839076007,1004.3435891838774,1011.6465826306861
1011.7939533976737,1002.5693048019943,1011.1312920267388,1000.9964552395804,1007.8993375336526,1000.9955213523381,1000.9950082422796,1003.4868839076007,1004.3258225259763,1011.6465826306861
1011.7939533976737,1002.552113462242,1011.1312920267388,1000.9961524344752,1007.8993375336526,1000.995448887916,1000.9950082422796,1003.4868839076007,1004.3258225259763,1011.6465826306861
1011.7939533976737,1002.5474936734018,1011.1312920267388,1000.9958286732592,1007.8993375336526,1000.9953945229237,1000.9950082422796,1003.4868839076007,1004.3258225259763,1011.6465826306861
1011.7939533976737,1002.5474936734018,1011.1312920267388,1000.9955543292211,1007.8993375336526,1000.9953945229237,1000.9950082422796,1003.4868839076007,1004.3108460480502,1011.6465826306861
1011.7939533976737,1002.468185781613,1011.1312920267388,1000.9954394709158,1007.8993375336526,1000.9953744581317,1000.9950082422796,1003.4868839076007,1004.3063195171742,1011.6465826306861
1011.7939533976737,1002.4483511799936,1011.1312920267388,1000.9953285933968,1007.8993375336526,1000.9952637997724,1000.9950082422796,1003.4868839076007,1004.2924801220688,1011.6465826306861
1011.7939533976737,1002.3624942780783,1011.1312920267388,1000.995255724689,1007.8993375336526,1000.9952428643174,1000.9950082422796,1003.4868839076007,1004.2924801220688,1011.6465826306861
1011.7939533976737,1002.3624942780783,1011.1312920267388,1000.9951657235624,1007.8993375336526,1000.9952371998442,1000.9950082422796,1003.4868839076007,1004.2924801220688,1011.6465826306861
1008.2486645418297,1002.3624942780783,1011.1312920267388,1000.9951193042486,1007.8993375336526,1000.9952085357249,1000.9950082422796,1003.4868839076007,1004.2898990413919,1011.6465826306861
1008.2486645418297,1002.3624942780783,1011.1312920267388,1000.9951193042486,1007.8993375336526,1000.9952085357249,1000.9950082422796,1003.4868839076007,1004.2851255705921,1011.6465826306861
1008.2486645418297,1002.2667307567768,1011.1312920267388,1000.9951193042486,1007.8993375336526,1000.9952085357249,1000.9950082422796,1003.4868839076007,1004.2851255705921,1011.6465826306861
1008.2486645418297,1002.2667307567768,1011.1312920267388,1000.9951193042486,1007.8993375336526,1000.9952085357249,1000.9950082422796,1003.4868839076007,1004.2851255705921,1011.6465826306861
1008.2486645418297,1002.2667307567768,1011.1312920267388,1000.9951193042486,1007.8993375336526,1000.9952085357249,1000.9950082422796,1003.4868839076007,1004.2839003026576,1011.6465826306861
1008.2486645418297,1002.2667307567768,1011.1312920267388,1000.9951193042486,1007.8993375336526,1000.9951898985641,1000.9950082422796,1003.4868839076007,1004.2839003026576,1011.6465826306861
1008.2486645418297,1002.2640001695133,1011.1312920267388,1000.9951193042486,1007.8993375336526,1000.9951721614307,1000.9950082422796,1003.4868839076007,1004.2810312145929,1011.6465826306861
1008.2486645418297,1002.2544881811984,1011.1312920267388,1000.9951193042486,1007.8993375336526,1000.9951485816383,1000.9950082422796,1003.4868839076007,1004.2810312145929,1011.6465826306861
1008.2486645418297,1002.2324228498534,1011.1312920267388,1000.9951193042486,1007.8993375336526,1000.9951479302326,1000.9950082422796,1003.4868839076007,1004.2810312145929,1011.6465826306861
1008.2486645418297,1002.2088137870005,1011.1312920267388,1000.9951193042486,1007.8993375336526,1000.9951479302326,1000.9950082422796,1003.4868839076007,1004.2810312145929,1011.6465826306861
1008.2486645418297,1002.1863690187012,1011.1312920267388,1000.9951112295059,1007.8993375336526,1000.9951327694754,1000.9950082422796,1003.4868839076007,1004.2807551819382,1011.6465826306861
1008.2486645418297,1002.1863690187012,1011.1312920267388,1000.9950671800668,1007.8993375336526,1000.9951187314462,1000.9950082422796,1003.4868839076007,1004.2780284074369,1011.6465826306861
1008.2486645418297,1002.103226230284,1011.1312920267388,1000.9950671800668,1007.8993375336526,1000.9950971966646,1000.9950082422796,1003.4868839076007,1004.2645481714613,1011.6465826306861
1008.2486645418297,1002.0540348963,1011.1312920267388,1000.9950671800668,1007.8993375336526,1000.9950900409868,1000.9950082422796,1003.4868839076007,1004.2645481714613,1011.6465826306861
1008.2486645418297,1002.0540348963,1011.1312920267388,1000.9950671800668,1007.8993375336526,1000.9950733001698,1000.9950082422796,1003.4868839076007,1004.2645481714613,1011.6465826306861
1008.2486645418297,1002.0502973265487,1011.1312920267388,1000.9950256865717,1007.8993375336526,1000.9950563688378,1000.9950082422796,1003.4868839076007,1004.2611822337225,1011.6465826306861
1008.2486645418297,1002.0135640317493,1011.1312920267388,1000.9950044440288,1007.8993375336526,1000.9950344944305,1000.9950082422796,1003.4868839076007,1004.2611822337225,1011.6465826306861
1008.2486645418297,1002.0135640317493,1011.1312920267388,1000.9949851722035,1007.8993375336526,1000.9950344944305,1000.9950082422796,1003.4868839076007,1004.253074217566,1011.6465826306861
1008.2486645418297,1002.0135640317493,1011.1312920267388,1000.9949851722035,1007.8993375336526,1000.9950344944305,1000.9950082422796,1003.4868839076007,1004.2451128491472,1011.6465826306861
1008.2486645418297,1002.0135640317493,1011.1312920267388,1000.9949851722035,1007.8993375336526,1000.9950344944305,1000.9950082422796,1003.4868839076007,1004.237385304721,1011.6465826306861
1008.2486645418297,1001.9556202327789,1011.1312920267388,1000.9949851722035,1007.8993375336526,1000.9950288524157,1000.9950082422796,1003.4868839076007,1004.237385304721,1011.6465826306861
1008.2486645418297,1001.9556202327789,1011.1312920267388,1000.9949851722035,1007.8993375336526,1000.9950230672677,1000.9950082422796,1003.4868839076007,1004.2167165797941,1011.6465826306861
1008.2486645418297,1001.9284634289486,1011.1312920267388,1000.9949851722035,1007.8993375336526,1000.9950230672677,1000.9950082422796,1003.4868839076007,1004.2167165797941,1011.6465826306861
1008.2486645418297,1001.9091925753542,1011.1312920267388,1000.9949851722035,1007.8993375336526,1000.9950230672677,1000.9950082422796,1003.4868839076007,1004.1953491834979,1011.6465826306861
1008.2486645418297,1001.9091925753542,1011.1312920267388,1000.9949851722035,1007.8993375336526,1000.9950230672677,1000.9950082422796,1003.4868839076007,1004.1953491834979,1011.6465826306861
1008.2486645418297,1001.8982060249075,1011.1312920267388,1000.9949851722035,1007.8993375336526,1000.9950230672677,1000.9950082422796,1003.4868839076007,1004.1870264074323,1011.6465826306861
1008.2486645418297,1001.8948181980913,1011.1312920267388,1000.9949851722035,1007.8993375336526,1000.9950230672677,1000.9950082422796,1003.4868839076007,1004.1656177465144,1011.6465826306861
1008.2486645418297,1001.8948181980913,1011.1312920267388,1000.9949851722035,1007.8993375336526,1000.9950230672677,1000.9950082422796,1003.4868839076007,1004.1635778204036,1011.6465826306861
1008.2486645418297,1001.8948181980913,1011.1312920267388,1000.9949851722035,1007.8993375336526,1000.9950230672677,1000.9950082422796,1003.4868839076007,1004.160198935461,1011.6465826306861
1008.2486645418297,1001.835833654944,1011.1312920267388,1000.9949851722035,1007.8993375336526,1000.9950230672677,1000.9950082422796,1003.4868839076007,1004.1417942841107,1011.6465826306861
1008.2486645418297,1001.835833654944,1011.1312920267388,1000.9949851722035,1007.8993375336526,1000.9950230672677,1000.9950082422796,1003.4868839076007,1004.125293041971,1011.6465826306861
1008.2486645418297,1001.835833654944,1011.1312920267388,1000.9949851722035,1007.8993375336526,1000.9950151268678,1000.9949932518319,1003.4868839076007,1004.1137158074941,1011.6465826306861
1008.2486645418297,1001.8304146258739,1011.1312920267388,1000.9949851722035,1007.8993375336526,1000.9950151268678,1000.994972741124,1003.4868839076007,1004.1047260366996,1011.6465826306861
1008.2486645418297,1001.8304146258739,1011.1312920267388,1000.9949851722035,1007.8993375336526,1000.9950151268678,1000.9949701790082,1003.4868839076007,1004.0951302732915,1011.6465826306861
1008.2486645418297,1001.8099781208955,1011.1312920267388,1000.9949851722035,1007.8993375336526,1000.9950151268678,1000.9949681260763,1003.4868839076007,1004.0840240726964,1011.6465826306861
1008.2486645418297,1001.7946572726901,1011.1312920267388,1000.9949851722035,1007.8993375336526,1000.9950151268678,1000.9949681260763,1003.4868839076007,1004.0717677520169,1011.6465826306861
1008.2486645418297,1001.778995125458,1011.1312920267388,1000.9949851722035,1007.8993375336526,1000.9950151268678,1000.9949672795071,1003.4868839076007,1004.0581762418857,1011.6465826306861
1008.2486645418297,1001.7215034704989,1011.1312920267388,1000.9949851722035,1007.8993375336526,1000.9950151268678,1000.9949672795071,1003.4868839076007,1004.0516257908413,1011.6465826306861
1008.2486645418297,1001.7022095339664,1011.1312920267388,1000.9949851722035,1007.8993375336526,1000.9950151268678,1000.9949672795071,1003.4868839076007,1004.0429926101054,1011.6465826306861
1008.2486645418297,1001.7022095339664,1011.1312920267388,1000.9949851722035,1007.8993375336526,1000.9950151268678,1000.9949672795071,1003.4868839076007,1004.0429926101054,1011.6465826306861
1008.2486645418297,1001.7022095339664,1011.1312920267388,1000.9949851722035,1007.8993375336526,1000.9950151268678,1000.9949672795071,1003.4868839076007,1004.0410369767917,1011.6465826306861
1008.2486645418297,1001.7022095339664,1011.1312920267388,1000.9949851722035,1007.8993375336526,1000.9950114457847,1000.9949672795071,1003.4868839076007,1004.0370630294375,1011.6465826306861
1008.2486645418297,1001.7022095339664,1011.1312920267388,1000.9949851722035,1007.8993375336526,1000.9950091750957,1000.9949672795071,1003.4868839076007,1004.0267930527828,1011.6465826306861
1008.2486645418297,1001.6817606305776,1011.1312920267388,1000.9949851722035,1007.8993375336526,1000.9950084371667,1000.9949672795071,1003.4868839076007,1004.0216491499688,1011.6465826306861
1008.2486645418297,1001.6817606305776,1011.1312920267388,1000.9949851722035,1007.8993375336526,1000.9950039636591,1000.9949672795071,1003.4868839076007,1004.0177331766243,1011.6465826306861
1008.2486645418297,1001.6577206830594,1011.1312920267388,1000.9949851722035,1007.8993375336526,1000.9950039636591,1000.9949672795071,1003.4868839076007,1003.9999707449203,1011.6465826306861
1008.2486645418297,1001.6001501983482,1011.1312920267388,1000.9949851722035,1007.8993375336526,1000.9950039636591,1000.9949672795071,1003.0923426632306,1003.9999707449203,1011.6465826306861
1008.2486645418297,1001.6001501983482,1011.1312920267388,1000.9949851722035,1007.8993375336526,1000.9950002289297,1000.9949672795071,1003.0923426632306,1003.9999707449203,1011.6465826306861
1008.2486645418297,1001.5930597167167,1011.1312920267388,1000.9949851722035,1007.8993375336526,1000.9949880001151,1000.9949672795071,1003.0923426632306,1003.9999707449203,1011.6465826306861
1008.2486645418297,1001.5736763538478,1011.1312920267388,1000.9949851722035,1007.8993375336526,1000.9949880001151,1000.9949672795071,1003.0923426632306,1003.9926545477189,1011.6465826306861
1008.2486645418297,1001.5431312115745,1011.1312920267388,1000.9949851722035,1007.8993375336526,1000.9949852004024,1000.9949672795071,1003.0923426632306,1003.9926545477189,1011.6465826306861
1008.2486645418297,1001.5431312115745,1011.1312920267388,1000.9949851722035,1007.8993375336526,1000.9949810600787,1000.9949672795071,1003.0923426632306,1003.9926545477189,1011.6465826306861
1008.2486645418297,1001.5368314868751,1011.1312920267388,1000.9949851722035,1007.8993375336526,1000.9949798398992,1000.9949672795071,1003.0923426632306,1003.9926046729489,1011.6465826306861
1008.2486645418297,1001.4694629030226,1011.1312920267388,1000.9949851722035,1007.8993375336526,1000.9949798398992,1000.9949672795071,1003.0923426632306,1003.9911905192623,1011.6465826306861
1008.2486645418297,1001.4694629030226,1011.1312920267388,1000.9949851722035,1007.8993375336526,1000.9949798398992,1000.9949672795071,1003.0923426632306,1003.9897052948065,1011.6465826306861
1008.2486645418297,1001.4694629030226,1011.1312920267388,1000.9949851722035,1007.8993375336526,1000.9949798398992,1000.9949672795071,1002.6406132593929,1003.9858304619524,1011.6465826306861
1008.2486645418297,1001.4694629030226,1011.1312920267388,1000.9949851722035,1007.8993375336526,1000.9949798398992,1000.9949672795071,1002.6406132593929,1003.9858304619524,1011.6465826306861
1008.2486645418297,1001.4091724718801,1011.1312920267388,1000.9949851722035,1007.8993375336526,1000.9949798398992,1000.9949672795071,1002.6406132593929,1003.9858304619524,1011.6465826306861
1008.2486645418297,1001.3879917358761,1011.1312920267388,1000.9949851722035,1007.8993375336526,1000.9949798398992,1000.9949672795071,1002.6406132593929,1003.9858304619524,1011.6465826306861
1008.2486645418297,1001.3879917358761,1011.1312920267388,1000.9949851722035,1007.8993375336526,1000.9949798398992,1000.9949672795071,1002.6257454182963,1003.9848947193018,1011.6465826306861
1008.2486645418297,1001.3879917358761,1011.1312920267388,1000.9949851722035,1007.8993375336526,1000.9949798398992,1000.9949672795071,1002.6257454182963,1003.9848947193018,1011.6465826306861
1008.2486645418297,1001.3793403716812,1011.1312920267388,1000.9949851722035,1007.8993375336526,1000.9949798398992,1000.9949672795071,1002.6257454182963,1003.9835961448455,1011.6465826306861
1008.2486645418297,1001.3793403716812,1011.1312920267388,1000.994984583961,1007.8993375336526,1000.9949798398992,1000.9949672795071,1002.6257454182963,1003.9835961448455,1011.6465826306861
1008.2486645418297,1001.3793403716812,1011.1312920267388,1000.994984583961,1007.8993375336526,1000.9949798398992,1000.9949672795071,1002.6257454182963,1003.9832924694877,1011.6465826306861
1008.2486645418297,1001.3594200619691,1011.1312920267388,1000.9949810128285,1007.8993375336526,1000.9949798398992,1000.9949672795071,1002.6257454182963,1003.9832924694877,1011.6465826306861
1008.2486645418297,1001.3405704441916,1011.1312920267388,1000.9949788165627,1007.8993375336526,1000.9949798398992,1000.9949672795071,1002.6257454182963,1003.9832924694877,1011.6465826306861
1008.2486645418297,1001.327510369156,1011.1312920267388,1000.9949756106741,1007.8993375336526,1000.9949798398992,1000.9949672795071,1002.6257454182963,1003.9832924694877,1011.6465826306861
1008.2486645418297,1001.327510369156,1011.1312920267388,1000.9949756106741,1007.8993375336526,1000.9949798398992,1000.9949672795071,1002.6257454182963,1003.9832924694877,1011.6465826306861
1008.2486645418297,1001.318281315873,1011.1312920267388,1000.9949756106741,1007.8993375336526,1000.9949798398992,1000.9949672795071,1002.6257454182963,1003.9831102690415,1011.6465826306861
1008.2486645418297,1001.318281315873,1011.1312920267388,1000.9949756106741,1007.8993375336526,1000.9949798398992,1000.9949672795071,1002.6257454182963,1003.9825167411274,1011.6465826306861
1008.2486645418297,1001.318281315873,1011.1312920267388,1000.9949756106741,1007.8993375336526,1000.9949798398992,1000.9949672795071,1002.4789624037719,1003.9825167411274,1011.6465826306861
1008.2486645418297,1001.2680388765199,1011.1312920267388,1000.9949756106741,1007.8993375336526,1000.9949798398992,1000.9949672795071,1002.4789624037719,1003.9825074736269,1011.6465826306861
1008.2486645418297,1001.2385212431446,1011.1312920267388,1000.9949756106741,1007.8993375336526,1000.9949798398992,1000.9949672795071,1002.4762377483726,1003.9823600122493,1011.6465826306861
1008.2486645418297,1001.2385212431446,1011.1312920267388,1000.9949756106741,1007.8993375336526,1000.9949798398992,1000.9949672795071,1001.9714836749839,1003.9821794702975,1011.6465826306861
1008.2486645418297,1001.205618645561,1011.1312920267388,1000.9949756106741,1007.8993375336526,1000.9949798398992,1000.9949672795071,1001.8737129765118,1003.9819941371223,1011.6465826306861
1008.2486645418297,1001.2015102755398,1011.1312920267388,1000.9949756106741,1007.8993375336526,1000.9949798398992,1000.9949672795071,1001.8737129765118,1003.9814545609102,1011.6465826306861
1008.2486645418297,1001.1857649419456,1011.1312920267388,1000.9949756106741,1007.8993375336526,1000.9949798398992,1000.9949672795071,1001.744164490383,1003.9814545609102,1011.6465826306861
1008.2486645418297,1001.1857649419456,1011.1312920267388,1000.9949756106741,1007.8993375336526,1000.9949798398992,1000.9949672795071,1001.744164490383,1003.9812029842287,1011.6465826306861
1008.2486645418297,1001.1857649419456,1011.1312920267388,1000.9949756106741,1007.8993375336526,1000.9949798398992,1000.9949672795071,1001.744164490383,1003.9812029842287,1011.6465826306861
1008.2486645418297,1001.1857649419456,1011.1312920267388,1000.9949756106741,1007.8993375336526,1000.9949798398992,1000.9949672795071,1001.4730207243574,1003.9812029842287,1011.6465826306861
1008.2486645418297,1001.1684482330019,1011.1312920267388,1000.9949756106741,1007.8993375336526,1000.9949798398992,1000.9949672795071,1001.3176857620028,1003.980731942644,1011.6465826306861
1008.2486645418297,1001.1684482330019,1011.1312920267388,1000.9949756106741,1007.8993375336526,1000.9949798398992,1000.9949672795071,1000.8630727343477,1003.9806015371553,1011.6465826306861
1008.2486645418297,1001.1684482330019,1011.1312920267388,1000.9949756106741,1007.8993375336526,1000.9949798398992,1000.9949672795071,1000.8630727343477,1003.9806015371553,1011.6465826306861
1008.2486645418297,1001.1609733419158,1011.1312920267388,1000.9949756106741,1007.8993375336526,1000.9949798398992,1000.9949672795071,1000.8630727343477,1003.9806015371553,1011.6465826306861
1008.2486645418297,1001.1408145139864,1011.1312920267388,1000.994974953975,1007.8993375336526,1000.9949798398992,1000.9949672795071,1000.8630727343477,1003.9806015371553,1011.6465826306861
1008.2486645418297,1001.1408145139864,1011.1312920267388,1000.9949717392682,1007.8993375336526,1000.9949798398992,1000.9949672795071,1000.8630727343477,1003.9804805819873,1011.6465826306861
1008.2486645418297,1001.1408145139864,1011.1312920267388,1000.9949717392682,1007.8993375336526,1000.9949798398992,1000.9949672795071,1000.8630727343477,1003.9802721767755,1011.6465826306861
1008.2486645418297,1001.1408145139864,1011.1312920267388,1000.9949717392682,1007.8993375336526,1000.9949798398992,1000.9949672795071,1000.8630727343477,1003.9802721767755,1011.6465826306861
1008.2486645418297,1001.1408145139864,1011.1312920267388,1000.9949717392682,1007.8993375336526,1000.9949798398992,1000.9949672795071,1000.8630727343477,1003.9802721767755,1011.6465826306861
1008.2486645418297,1001.1408145139864,1011.1312920267388,1000.9949717392682,1007.8993375336526,1000.9949798398992,1000.9949672795071,1000.7943951136127,1003.9802721767755,1011.6465826306861
1008.2486645418297,1001.1166704539102,1011.1312920267388,1000.9949717392682,1007.8993375336526,1000.9949798398992,1000.9949672795071,1000.6857668961044,1003.9802721767755,1011.6465826306861
1008.2486645418297,1001.1166704539102,1011.1312920267388,1000.9949717392682,1007.8993375336526,1000.9949798398992,1000.9949672795071,1000.6630884953919,1003.9802585931538,1011.6465826306861
1008.2486645418297,1001.1166704539102,1011.1312920267388,1000.9949717392682,1007.8993375336526,1000.9949796690111,1000.9949672795071,1000.6254036037042,1003.9802273793957,1011.6465826306861
1008.2486645418297,1001.1166704539102,1011.1312920267388,1000.9949717392682,1007.8993375336526,1000.9949775679934,1000.9949672795071,1000.5961559945255,1003.9801681990648,1011.6465826306861
1008.2486645418297,1001.1089109092754,1011.1312920267388,1000.9949717392682,1007.8993375336526,1000.9949750771199,1000.9949672795071,1000.5694787065278,1003.9800874420538,1011.6465826306861
1008.2486645418297,1001.1089109092754,1011.1312920267388,1000.9949717392682,1007.8993375336526,1000.994974935535,1000.9949672795071,1000.5637628955093,1003.9800471536928,1011.6465826306861
1008.2486645418297,1001.1089109092754,1011.1312920267388,1000.9949717392682,1007.8993375336526,1000.9949728136982,1000.9949672795071,1000.5215926728541,1003.9800187180987,1011.6465826306861
1008.2486645418297,1001.0979261550829,1011.1312920267388,1000.9949717392682,1007.8993375336526,1000.9949690478383,1000.9949672795071,1000.5132269140983,1003.9799955199885,1011.6465826306861
1008.2486645418297,1001.0979261550829,1011.1312920267388,1000.9949717392682,1007.8993375336526,1000.9949669286995,1000.9949672795071,1000.5132269140983,1003.9799787623245,1011.6465826306861
1008.2486645418297,1001.0776906982672,1011.1312920267388,1000.9949717392682,1007.8993375336526,1000.9949664712697,1000.9949672795071,1000.4613307414672,1003.9799687974768,1011.6465826306861
1008.2486645418297,1001.0776906982672,1011.1312920267388,1000.9949717392682,1006.1085297661826,1000.9949664712697,1000.9949672795071,1000.4613307414672,1003.9799579057437,1011.6465826306861
1008.2486645418297,1001.0776906982672,1011.1312920267388,1000.9949717392682,1006.1085297661826,1000.9949664712697,1000.9949672795071,1000.4613307414672,1003.9799458959236,1011.6465826306861
1008.2486645418297,1001.0776906982672,1011.1312920267388,1000.9949703818243,1006.1085297661826,1000.9949664712697,1000.9949672795071,1000.4613307414672,1003.9799145980779,1011.6465826306861
1008.2486645418297,1001.0776906982672,1011.1312920267388,1000.9949703818243,1006.1085297661826,1000.9949664712697,1000.9949651271459,1000.4613307414672,1003.9798994323012,1011.6465826306861
1008.2486645418297,1001.0776906982672,1011.1312920267388,1000.9949694516396,1006.1085297661826,1000.9949664712697,1000.9949641231823,1000.4613307414672,1003.9798876458472,1011.6465826306861
1008.2486645418297,1001.0776906982672,1011.1312920267388,1000.9949658986359,1006.1085297661826,1000.9949664712697,1000.9949632435432,1000.4613307414672,1003.9798807529712,1011.6465826306861
1008.2486645418297,1001.0776906982672,1011.1312920267388,1000.9949658986359,1006.1085297661826,1000.9949662658403,1000.9949621995846,1000.4613307414672,1003.9798700155595,1011.6465826306861
1008.2486645418297,1001.0776906982672,1011.1312920267388,1000.9949658986359,1006.1085297661826,1000.9949662143046,1000.9949615015862,1000.4613307414672,1003.9798622605066,1011.6465826306861
1008.2486645418297,1001.0733566925937,1011.1312920267388,1000.9949646591925,1006.1085297661826,1000.9949662143046,1000.9949611278188,1000.4414207051374,1003.9798544438067,1011.6465826306861
1008.2486645418297,1001.0719323969126,1011.1312920267388,1000.9949641918247,1006.1085297661826,1000.9949662143046,1000.9949611278188,1000.3868667815584,1003.9798502356041,1011.6465826306861
1008.2486645418297,1001.0699508993182,1011.1312920267388,1000.9949641918247,1006.1085297661826,1000.9949662143046,1000.9949611278188,1000.3801519487807,1003.9798453802946,1011.6465826306861
1008.2486645418297,1001.069797582969,1011.1312920267388,1000.9949641918247,1006.1085297661826,1000.9949662143046,1000.9949610614079,1000.3801519487807,1003.9798453802946,1011.6465826306861
1008.2486645418297,1001.0692556847417,1011.1312920267388,1000.9949641918247,1006.1085297661826,1000.9949662143046,1000.9949610614079,1000.3795622080817,1003.9798453802946,1011.6465826306861
1008.2486645418297,1001.0565219212339,1011.1312920267388,1000.9949641918247,1006.1085297661826,1000.9949662143046,1000.9949610614079,1000.3761762759555,1003.9798447049686,1011.6465826306861
1008.2486645418297,1001.0565219212339,1011.1312920267388,1000.9949641918247,1006.1085297661826,1000.9949662143046,1000.9949610614079,1000.3618682701048,1003.9798447049686,1011.6465826306861
1008.2486645418297,1001.0565219212339,1011.1312920267388,1000.9949641918247,1006.1085297661826,1000.9949662143046,1000.9949610614079,1000.3492683553085,1003.9798447049686,1011.6465826306861
1008.2486645418297,1001.0565219212339,1011.1312920267388,1000.9949641918247,1006.1085297661826,1000.9949662143046,1000.9949610614079,1000.3280254397768,1003.9798447049686,1011.6465826306861
1008.2486645418297,1001.0453868340843,1011.1312920267388,1000.9949641918247,1006.1085297661826,1000.9949662143046,1000.9949610614079,1000.2787609107651,1003.9798447049686,1011.6465826306861
1008.2486645418297,1001.0453868340843,1011.1312920267388,1000.9949641918247,1006.1085297661826,1000.9949662143046,1000.9949610614079,1000.2787609107651,1003.9798447049686,1011.6465826306861
1008.2486645418297,1001.0409696068203,1011.1312920267388,1000.9949641918247,1006.1085297661826,1000.9949662143046,1000.9949610614079,1000.2787609107651,1003.9798447049686,1011.6465826306861
1008.2486645418297,1001.0409696068203,1011.1312920267388,1000.9949641918247,1006.1085297661826,1000.9949662143046,1000.9949610614079,1000.2628158049537,1003.9798447049686,1011.6465826306861
1008.2486645418297,1001.0409696068203,1011.1312920267388,1000.9949641918247,1006.1085297661826,1000.9949662143046,1000.9949610614079,1000.231662179579,1003.9798447049686,1011.6465826306861
1008.2486645418297,1001.0409696068203,1011.1312920267388,1000.9949641918247,1006.1085297661826,1000.9949662143046,1000.9949610614079,1000.2206341066869,1003.9798447049686,1011.6465826306861
1008.2486645418297,1001.0409696068203,1011.1312920267388,1000.9949641918247,1006.1085297661826,1000.9949662143046,1000.9949610614079,1000.2011421399311,1003.9798447049686,1011.6465826306861
1008.2486645418297,1001.032700858564,1011.1312920267388,1000.9949641918247,1006.1085297661826,1000.9949662143046,1000.9949610614079,1000.1910115289127,1003.9798447049686,1011.6465826306861
1008.2486645418297,1001.032700858564,1011.1312920267388,1000.9949641918247,1006.1085297661826,1000.9949662143046,1000.9949610614079,1000.1910115289127,1003.9798447049686,1011.6465826306861
1008.2486645418297,1001.028022918583,1011.1312920267388,1000.9949641918247,1006.1085297661826,1000.9949662143046,1000.9949610614079,1000.1809440972021,1003.9798447049686,1011.6465826306861
1008.2486645418297,1001.028022918583,1011.1312920267388,1000.9949641918247,1006.1085297661826,1000.9949662143046,1000.9949610614079,1000.1804459918334,1003.9798447049686,1011.6465826306861
1008.2486645418297,1001.028022918583,1011.1312920267388,1000.9949641918247,1006.1085297661826,1000.9949662143046,1000.9949610614079,1000.1710307554613,1003.9798447049686,1011.6465826306861
1008.2486645418297,1001.0262406985394,1011.1312920267388,1000.9949641918247,1006.1085297661826,1000.9949662143046,1000.9949610614079,1000.1709145550104,1003.9798447049686,1011.6465826306861
1008.2486645418297,1001.0254244382527,1011.1312920267388,1000.9949635175029,1006.1085297661826,1000.9949662143046,1000.9949610614079,1000.1695796503315,1003.9798447049686,1011.6465826306861
1008.2486645418297,1001.0240144111885,1011.1312920267388,1000.9949635175029,1006.1085297661826,1000.9949662143046,1000.9949610614079,1000.168479804465,1003.9798447049686,1011.6465826306861
1008.2486645418297,1001.0240144111885,1011.1312920267388,1000.9949635175029,1006.1085297661826,1000.9949662143046,1000.9949610614079,1000.1641039235791,1003.9798447049686,1011.6465826306861
1008.2486645418297,1001.02240869572,1011.1312920267388,1000.9949635175029,1006.1085297661826,1000.9949662143046,1000.9949610614079,1000.15405622408,1003.9798447049686,1011.6465826306861
1008.2486645418297,1001.0172917675367,1011.1312920267388,1000.9949635175029,1006.1085297661826,1000.9949662143046,1000.9949610614079,1000.1391993070995,1003.9798447049686,1011.6465826306861
1008.2486645418297,1001.015131262142,1011.1312920267388,1000.9949635175029,1006.1085297661826,1000.9949662143046,1000.9949610614079,1000.1272934673149,1003.9798447049686,1011.6465826306861
1008.2486645418297,1001.015131262142,1011.1312920267388,1000.9949629573633,1006.1085297661826,1000.9949662143046,1000.9949610614079,1000.1272934673149,1003.9798447049686,1011.6465826306861
1008.2486645418297,1001.015131262142,1011.1312920267388,1000.9949625315761,1006.1085297661826,1000.9949662143046,1000.9949610614079,1000.1272934673149,1003.9798434951754,1011.6465826306861
1008.2486645418297,1001.0114283144811,1011.1312920267388,1000.994961720872,1006.1085297661826,1000.9949662143046,1000.9949610614079,1000.1190910734007,1003.9798433862343,1011.6465826306861
1008.2486645418297,1001.0114283144811,1011.1312920267388,1000.994961720872,1006.1085297661826,1000.9949662143046,1000.9949610614079,1000.1161758109772,1003.9798433862343,1011.6465826306861
1008.2486645418297,1001.0114283144811,1011.1312920267388,1000.994961720872,1006.1085297661826,1000.9949662143046,1000.9949610614079,1000.1161758109772,1003.9798433862343,1011.6465826306861
1008.2486645418297,1001.0079457294066,1011.1312920267388,1000.994961720872,1006.1085297661826,1000.9949662143046,1000.9949610614079,1000.1161758109772,1003.9798431340429,1011.6465826306861
1008.2486645418297,1001.0069626047624,1011.1312920267388,1000.994961720872,1006.1085297661826,1000.9949662143046,1000.9949610614079,1000.1141754866981,1003.9798416720173,1011.6465826306861
1008.2486645418297,1001.0063724466117,1011.1312920267388,1000.994961720872,1006.1085297661826,1000.9949662143046,1000.9949610614079,1000.1141754866981,1003.9798414461937,1011.6465826306861
1008.2486645418297,1001.0063724466117,1011.1312920267388,1000.994961720872,1006.1085297661826,1000.9949662143046,1000.9949610614079,1000.1141754866981,1003.9798410129572,1011.6465826306861
1008.2486645418297,1001.0063724466117,1011.1312920267388,1000.994961720872,1006.1085297661826,1000.9949662143046,1000.9949610614079,1000.1126938657835,1003.9798404886773,1011.6465826306861
1008.2486645418297,1001.0040636934442,1011.1312920267388,1000.994961720872,1006.1085297661826,1000.9949662143046,1000.9949610614079,1000.1022999901868,1003.9798404886773,1011.6465826306861
1008.2486645418297,1001.0040636934442,1011.1312920267388,1000.994961720872,1006.1085297661826,1000.9949662143046,1000.9949610614079,1000.1022999901868,1003.9798404886773,1011.6465826306861
1008.2486645418297,1001.0040636934442,1011.1312920267388,1000.994961720872,1006.1085297661826,1000.9949662143046,1000.9949610614079,1000.083890047186,1003.9798400338598,1011.6465826306861
1008.2486645418297,1001.0040636934442,1011.1312920267388,1000.994961720872,1006.1085297661826,1000.9949662143046,1000.9949610614079,1000.083890047186,1003.979840001069,1011.6465826306861
1008.2486645418297,1001.0040636934442,1011.1312920267388,1000.994961720872,1006.1085297661826,1000.9949662143046,1000.9949610614079,1000.083890047186,1003.979840001069,1011.6465826306861
1008.2486645418297,1001.0040636934442,1008.1078099586717,1000.994961720872,1006.1085297661826,1000.9949662143046,1000.9949610614079,1000.083890047186,1003.979840001069,1011.6465826306861
1008.2486645418297,1001.0040636934442,1008.1078099586717,1000.994961720872,1006.1085297661826,1000.9949662143046,1000.9949610614079,1000.083890047186,1003.979840001069,1011.6465826306861
1008.2486645418297,1001.0040636934442,1008.1078099586717,1000.994961720872,1006.1085297661826,1000.9949662143046,1000.9949610614079,1000.083890047186,1003.979840001069,1011.6465826306861
1008.2486645418297,1001.0022450149307,1008.1078099586717,1000.994961720872,1006.1085297661826,1000.9949662143046,1000.9949610614079,1000.083890047186,1003.979840001069,1011.6465826306861
1008.2486645418297,1001.0022450149307,1008.1078099586717,1000.994961720872,1006.1085297661826,1000.9949662143046,1000.9949610614079,1000.083890047186,1003.979840001069,1011.6465826306861
1008.2486645418297,1001.0022450149307,1008.1078099586717,1000.994961720872,1006.1085297661826,1000.9949662143046,1000.9949610614079,1000.083890047186,1003.979840001069,1011.6465826306861
1008.2486645418297,1001.0022450149307,1008.1078099586717,1000.994961720872,1006.1085297661826,1000.9949662143046,1000.9949610614079,1000.083890047186,1003.979839145812,1011.6465826306861
1008.2486645418297,1001.0022450149307,1008.1078099586717,1000.994961720872,1006.1085297661826,1000.9949662143046,1000.9949610614079,1000.083890047186,1003.9798387522997,1011.6465826306861
1008.2486645418297,1001.0019425493952,1008.1078099586717,1000.994961720872,1006.1085297661826,1000.9949662143046,1000.9949610614079,1000.083890047186,1003.9798382327108,1011.6465826306861
1008.2486645418297,1001.0013151424945,1008.1078099586717,1000.994961720872,1006.1085297661826,1000.9949662143046,1000.9949610614079,1000.083890047186,1003.9798382327108,1011.6465826306861
1008.2486645418297,1001.000784220519,1008.1078099586717,1000.994961720872,1006.1085297661826,1000.9949662143046,1000.9949610614079,1000.083890047186,1003.9798382327108,1011.6465826306861
1008.2486645418297,1001.000531614038,1008.1078099586717,1000.994961720872,1006.1085297661826,1000.9949662143046,1000.9949610614079,1000.0599935318023,1003.9798382327108,1011.6465826306861
1008.2486645418297,1001.0002482320137,1008.1078099586717,1000.994961720872,1006.1085297661826,1000.9949662143046,1000.9949610614079,1000.0599935318023,1003.9798382327108,1011.6465826306861
1008.2486645418297,1001.0000652371915,1008.1078099586717,1000.994961720872,1006.1085297661826,1000.9949662143046,1000.9949610614079,1000.0599935318023,1003.9798382327108,1011.6465826306861
1008.2486645418297,1001.0000652371915,1008.1078099586717,1000.994961720872,1006.1085297661826,1000.9949662143046,1000.9949610614079,1000.0599935318023,1003.9798382327108,1011.6465826306861
1008.2486645418297,1001.0000652371915,1008.1078099586717,1000.994961720872,1006.1085297661826,1000.9949662143046,1000.9949610614079,1000.0599935318023,1003.9798382327108,1011.6465826306861
1008.2486645418297,1001.0000652371915,1008.1078099586717,1000.994961720872,1006.1085297661826,1000.9949662143046,1000.9949610614079,1000.0565069979826,1003.9798382327108,1011.6465826306861
1008.2486645418297,1000.9993567926392,1008.1078099586717,1000.994961720872,1006.1085297661826,1000.9949662143046,1000.9949610614079,1000.0560425322685,1003.9798382327108,1011.6465826306861
1008.2486645418297,1000.9985789774574,1008.1078099586717,1000.9949616534179,1006.1085297661826,1000.9949662143046,1000.9949610614079,1000.040975094234,1003.9798382327108,1011.6465826306861
1008.2486645418297,1000.9983788243642,1008.1078099586717,1000.9949614542694,1006.1085297661826,1000.9949662143046,1000.9949610614079,1000.040975094234,1003.9798382327108,1011.6465826306861
1008.2486645418297,1000.9983788243642,1008.1078099586717,1000.9949614542694,1006.1085297661826,1000.9949662143046,1000.9949610614079,1000.040975094234,1003.9798382327108,1011.6465826306861
1008.2486645418297,1000.9983788243642,1008.1078099586717,1000.9949614542694,1006.1085297661826,1000.9949662143046,1000.9949610614079,1000.040975094234,1003.9798382113962,1011.6465826306861
1008.2486645418297,1000.9983788243642,1008.1078099586717,1000.9949614542694,1006.1085297661826,1000.9949662143046,1000.9949610614079,1000.040975094234,1003.9798382113962,1011.6465826306861
1008.2486645418297,1000.9983788243642,1008.1078099586717,1000.9949614542694,1006.1085297661826,1000.9949662143046,1000.9949610614079,1000.040975094234,1003.9798382113962,1011.6465826306861
1008.2486645418297,1000.9983788243642,1008.1078099586717,1000.9949614542694,1006.1085297661826,1000.9949662143046,1000.9949610614079,1000.040975094234,1003.9798382113962,1011.6465826306861
1008.2486645418297,1000.9983788243642,1008.1078099586717,1000.9949614542694,1006.1085297661826,1000.9949662143046,1000.9949610614079,1000.040975094234,1003.9798382113962,1011.6465826306861
1008.2486645418297,1000.9983788243642,1008.1078099586717,1000.9949614542694,1006.1085297661826,1000.9949662143046,1000.9949610614079,1000.040975094234,1003.9798382113962,1011.6465826306861
1008.2486645418297,1000.9983788243642,1008.1078099586717,1000.9949614542694,1006.1085297661826,1000.9949662143046,1000.9949610614079,1000.040975094234,1003.9798382113962,1011.6465826306861
1008.2486645418297,1000.9983788243642,1008.1078099586717,1000.9949614542694,1006.1085297661826,1000.9949662143046,1000.9949610614079,1000.0402132441283,1003.9798382113962,1011.6465826306861
1008.2486645418297,1000.9983788243642,1008.1078099586717,1000.9949614542694,1006.1085297661826,1000.9949662143046,1000.9949610614079,1000.0364290781703,1003.9798382113962,1011.6465826306861
1008.2486645418297,1000.9983788243642,1008.1078099586717,1000.9949614542694,1006.1085297661826,1000.9949662143046,1000.9949610614079,1000.034533634047,1003.9798382113962,1011.6465826306861
1008.2486645418297,1000.9983788243642,1008.1078099586717,1000.9949614542694,1006.1085297661826,1000.9949662143046,1000.9949610614079,1000.0303249493237,1003.9798382113962,1011.6465826306861
1008.2486645418297,1000.9983788243642,1008.1078099586717,1000.9949614542694,1006.1085297661826,1000.9949662143046,1000.9949610614079,1000.0270957461979,1003.9798382113962,1011.6465826306861
1008.2486645418297,1000.9983788243642,1008.1078099586717,1000.9949614542694,1006.1085297661826,1000.9949662143046,1000.9949610614079,1000.0238432572835,1003.9798382113962,1011.6465826306861
1008.2486645418297,1000.9983788243642,1008.1078099586717,1000.9949614542694,1006.1085297661826,1000.9949662143046,1000.9949609150867,1000.0238432572835,1003.9798382113962,1011.6465826306861
1008.2486645418297,1000.9983788243642,1008.1078099586717,1000.9949611830901,1006.1085297661826,1000.9949651990679,1000.9949609150867,1000.0216282233105,1003.9798382113962,1011.6465826306861
1008.2486645418297,1000.9983788243642,1008.1078099586717,1000.9949610060341,1006.1085297661826,1000.9949651990679,1000.9949609150867,1000.0216282233105,1003.9798382113962,1011.6465826306861
1008.2486645418297,1000.9981914309824,1008.1078099586717,1000.9949610060341,1006.1085297661826,1000.9949651990679,1000.9949609150867,1000.0216282233105,1003.9798382113962,1011.6465826306861
1008.2486645418297,1000.9978222552494,1008.1078099586717,1000.9949610060341,1006.1085297661826,1000.9949651990679,1000.9949609150867,1000.0216282233105,1003.9798382113962,1011.6465826306861
1008.2486645418297,1000.9977322848665,1008.1078099586717,1000.9949610060341,1006.1085297661826,1000.9949651990679,1000.9949609150867,1000.0216282233105,1003.9798382113962,1011.6465826306861
1008.2486645418297,1000.9977322848665,1008.1078099586717,1000.994960629632,1006.1085297661826,1000.9949651990679,1000.9949609150867,1000.0216282233105,1003.9798382113962,1011.6465826306861
1008.2486645418297,1000.9977322848665,1008.1078099586717,1000.994960629632,1006.1085297661826,1000.9949650243152,1000.9949609150867,1000.0216282233105,1003.9798382113962,1011.6465826306861
1008.2486645418297,1000.9977322848665,1008.1078099586717,1000.994960629632,1006.1085297661826,1000.9949647768407,1000.9949609150867,1000.0216282233105,1003.9798382113962,1011.6465826306861
1008.2486645418297,1000.9977322848665,1008.1078099586717,1000.994960629632,1006.1085297661826,1000.9949644755195,1000.9949609150867,1000.0216282233105,1003.9798382113962,1011.6465826306861
1008.2486645418297,1000.9977322848665,1008.1078099586717,1000.994960629632,1006.1085297661826,1000.994963875971,1000.9949609150867,1000.0216282233105,1003.9798382113962,1011.6465826306861
1008.2486645418297,1000.9977322848665,1008.1078099586717,1000.994960629632,1006.1085297661826,1000.994963268897,1000.9949609150867,1000.0216282233105,1003.9798382113962,1011.6465826306861
1008.2486645418297,1000.9977322848665,1008.1078099586717,1000.994960629632,1006.1085297661826,1000.9949624787927,1000.9949609150867,1000.0216282233105,1003.9798382113962,1011.6465826306861
1008.2486645418297,1000.9977322848665,1008.1078099586717,1000.994960629632,1006.1085297661826,1000.9949619870263,1000.9949609150867,1000.0216282233105,1003.9798382113962,1011.6465826306861
1008.2486645418297,1000.9977322848665,1008.1078099586717,1000.994960629632,1006.1085297661826,1000.9949618431367,1000.9949609150867,1000.0216282233105,1003.9798382113962,1011.6465826306861
1008.2486645418297,1000.9977322848665,1008.1078099586717,1000.994960629632,1006.1085297661826,1000.9949618431367,1000.9949609150867,1000.0216282233105,1003.9798382113962,1011.6465826306861
1008.2486645418297,1000.9977322848665,1008.1078099586717,1000.994960629632,1006.1085297661826,1000.9949618431367,1000.9949609150867,1000.0216282233105,1003.9798382113962,1011.6465826306861
1008.2486645418297,1000.9977322848665,1008.1078099586717,1000.994960629632,1006.1085297661826,1000.9949618431367,1000.9949609150867,1000.0216282233105,1003.9798382113962,1011.6465826306861
1008.2486645418297,1000.9977322848665,1008.1078099586717,1000.994960629632,1006.1085297661826,1000.9949618097885,1000.9949609150867,1000.0130395547773,1003.9798382113962,1011.6465826306861
1008.2486645418297,1000.9977322848665,1008.1078099586717,1000.994960629632,1006.1085297661826,1000.9949614381784,1000.9949609150867,1000.0130395547773,1003.9798382113962,1011.6465826306861
1008.2486645418297,1000.9977322848665,1008.1078099586717,1000.994960629632,1006.1085297661826,1000.9949610818871,1000.9949609150867,1000.0130395547773,1003.9798382113962,1011.6465826306861
1008.2486645418297,1000.9977322848665,1008.1078099586717,1000.9949605155853,1006.1085297661826,1000.9949606932256,1000.9949609150867,1000.0130395547773,1003.9798382113962,1011.6465826306861
1008.2486645418297,1000.9977322848665,1008.1078099586717,1000.9949603399186,1006.1085297661826,1000.9949605805924,1000.9949609150867,1000.0130395547773,1003.9798382113962,1011.6465826306861
1008.2486645418297,1000.9977322848665,1008.1078099586717,1000.9949602647575,1006.1085297661826,1000.9949605805924,1000.9949609150867,1000.0130395547773,1003.9798382113962,1011.6465826306861
1008.2486645418297,1000.9977322848665,1008.1078099586717,1000.9949602647575,1006.1085297661826,1000.9949605309115,1000.9949609150867,1000.0130395547773,1003.9798382113962,1011.6465826306861
1008.2486645418297,1000.9977322848665,1008.1078099586717,1000.9949602647575,1006.1085297661826,1000.9949604600691,1000.9949605068148,1000.0130395547773,1003.9798382113962,1011.6465826306861
1008.2486645418297,1000.9977322848665,1008.1078099586717,1000.9949602647575,1006.1085297661826,1000.9949604600691,1000.9949602574944,1000.0130395547773,1003.9798382113962,1011.6465826306861
1008.2486645418297,1000.9977322848665,1008.1078099586717,1000.9949602647575,1006.1085297661826,1000.9949604600691,1000.9949602574944,1000.0125836953815,1003.9798382113962,1011.6465826306861
1008.2486645418297,1000.9977322848665,1008.1078099586717,1000.9949601664824,1006.1085297661826,1000.9949604600691,1000.9949602574944,1000.0113423982033,1003.9798382113962,1011.6465826306861
1008.2486645418297,1000.9977322848665,1008.1078099586717,1000.9949598528306,1006.1085297661826,1000.9949604600691,1000.9949602574944,1000.0113423982033,1003.9798381096211,1011.6465826306861
1008.2486645418297,1000.9977322848665,1008.1078099586717,1000.9949595760321,1006.1085297661826,1000.9949604600691,1000.9949602574944,1000.0111558565496,1003.9798381096211,1011.6465826306861
1008.2486645418297,1000.9977322848665,1008.1078099586717,1000.9949595352542,1006.1085297661826,1000.9949604600691,1000.9949601998495,1000.0105149262489,1003.9798378200576,1011.6465826306861
1008.2486645418297,1000.9977322848665,1008.1078099586717,1000.9949595352542,1006.1085297661826,1000.9949604600691,1000.9949599822119,1000.0088862453736,1003.9798376485403,1011.6465826306861
1008.2486645418297,1000.9977322848665,1008.1078099586717,1000.9949595352542,1006.1085297661826,1000.9949604600691,1000.9949599424822,1000.0078661252812,1003.9798371903868,1011.6465826306861
1008.2486645418297,1000.9977322848665,1008.1078099586717,1000.9949595352542,1006.1085297661826,1000.9949604600691,1000.9949596684888,1000.0073883875589,1003.9798371903868,1011.6465826306861
1008.2486645418297,1000.9975042478835,1008.1078099586717,1000.9949595352542,1006.1085297661826,1000.9949604600691,1000.9949596608865,1000.0071634285563,1003.9798371903868,1011.6465826306861
1008.2486645418297,1000.99720291692,1008.1078099586717,1000.9949595352542,1006.1085297661826,1000.9949604600691,1000.9949596608865,1000.0071518581074,1003.9798371903868,1011.6465826306861
1008.2486645418297,1000.9968459199337,1008.1078099586717,1000.9949595352542,1006.1085297661826,1000.9949604600691,1000.994959393139,1000.0065381579544,1003.9798371903868,1011.6465826306861
1008.2486645418297,1000.9968329996291,1008.1078099586717,1000.9949595352542,1006.1085297661826,1000.9949604600691,1000.994959201869,1000.0063216271635,1003.9798371903868,1011.6465826306861
1008.2486645418297,1000.996746829645,1008.1078099586717,1000.9949595352542,1006.1085297661826,1000.9949604600691,1000.994959201869,1000.006029809821,1003.9798371903868,1011.6465826306861
1008.2486645418297,1000.9967188454206,1008.1078099586717,1000.9949595352542,1006.1085297661826,1000.9949604600691,1000.994959201869,1000.0055792620127,1003.9798371903868,1011.6465826306861
1008.2486645418297,1000.9966700755921,1008.1078099586717,1000.9949595352542,1006.1085297661826,1000.9949604600691,1000.994959201869,1000.00516128687,1003.9798371903868,1011.6465826306861
1008.2486645418297,1000.9966700755921,1008.1078099586717,1000.9949595352542,1006.1085297661826,1000.9949604600691,1000.994959201869,1000.0050342886294,1003.9798371903868,1011.6465826306861
1008.2486645418297,1000.9966700755921,1008.1078099586717,1000.9949595352542,1006.1085297661826,1000.9949604600691,1000.994959201869,1000.004067187873,1003.9798371903868,1011.6465826306861
1008.2486645418297,1000.9966700755921,1008.1078099586717,1000.9949595352542,1006.1085297661826,1000.9949604600691,1000.994959201869,1000.0039814311857,1003.9798371903868,1011.6465826306861
1008.2486645418297,1000.9966313779653,1008.1078099586717,1000.9949595352542,1006.1085297661826,1000.9949604600691,1000.994959201869,1000.0032666969114,1003.9798371903868,1011.6465826306861
1008.2486645418297,1000.9963631140199,1008.1078099586717,1000.9949595352542,1006.1085297661826,1000.9949604600691,1000.994959201869,1000.0028792268736,1003.9798371903868,1011.6465826306861
1008.2486645418297,1000.9962166876611,1008.1078099586717,1000.9949595352542,1006.1085297661826,1000.9949604600691,1000.994959201869,1000.00243649316,1003.9798371903868,1011.6465826306861
1008.2486645418297,1000.9960796111665,1008.1078099586717,1000.9949595352542,1006.1085297661826,1000.9949604600691,1000.994959201869,1000.0016819149627,1003.9798371903868,1011.6465826306861
1008.2486645418297,1000.9959566489373,1008.1078099586717,1000.9949595352542,1006.1085297661826,1000.9949604600691,1000.994959201869,1000.0016819149627,1003.9798371903868,1011.6465826306861
1008.2486645418297,1000.9958171484385,1008.1078099586717,1000.9949595352542,1006.1085297661826,1000.9949604600691,1000.994959201869,1000.0014233691024,1003.9798371903868,1011.6465826306861
1008.2486645418297,1000.9956900257753,1008.1078099586717,1000.9949595352542,1006.1085297661826,1000.9949604600691,1000.994959201869,1000.0014233691024,1003.9798371903868,1011.6465826306861
1008.2486645418297,1000.9955321278597,1008.1078099586717,1000.9949595352542,1006.1085297661826,1000.9949604600691,1000.994959201869,1000.0014233691024,1003.9798371903868,1011.6465826306861
1008.2486645418297,1000.9953452991166,1008.1078099586717,1000.9949595024077,1006.1085297661826,1000.9949604600691,1000.994959201869,1000.0014233691024,1003.9798371236326,1011.6465826306861
1008.2486645418297,1000.995298433114,1008.1078099586717,1000.9949595024077,1006.1085297661826,1000.9949604600691,1000.994959201869,1000.0014233691024,1003.9798370108019,1011.6465826306861
1008.2486645418297,1000.9951998868067,1008.1078099586717,1000.9949595024077,1006.1085297661826,1000.9949604449065,1000.994959201869,1000.0014233691024,1003.9798368907814,1011.6465826306861
1008.2486645418297,1000.9951998868067,1008.1078099586717,1000.9949595024077,1006.1085297661826,1000.9949599911417,1000.994959201869,1000.0014233691024,1003.9798368907814,1011.6465826306861
1008.2486645418297,1000.9951998868067,1008.1078099586717,1000.9949595024077,1006.1085297661826,1000.9949599644028,1000.994959201869,1000.0014233691024,1003.9798368907814,1011.6465826306861
1008.2486645418297,1000.9951717955248,1008.1078099586717,1000.9949595024077,1006.1085297661826,1000.9949599644028,1000.994959201869,1000.0010791074868,1003.9798368907814,1011.6465826306861
1008.2486645418297,1000.9951717955248,1008.1078099586717,1000.9949595024077,1006.1085297661826,1000.9949598184871,1000.994959201869,1000.0010791074868,1003.9798368907814,1011.6465826306861
1008.2486645418297,1000.995155954254,1008.1078099586717,1000.9949595024077,1006.1085297661826,1000.9949598184871,1000.994959201869,1000.0010791074868,1003.9798368907814,1011.6465826306861
1008.2486645418297,1000.995155954254,1008.1078099586717,1000.9949595024077,1006.1085297661826,1000.9949598184871,1000.994959201869,1000.0010272296314,1003.9798368907814,1011.6465826306861
1008.2486645418297,1000.9951331589289,1008.1078099586717,1000.9949595024077,1006.1085297661826,1000.9949598184871,1000.994959201869,1000.0008832502685,1003.9798366868814,1011.6465826306861
1008.2486645418297,1000.9951331589289,1008.1078099586717,1000.9949595024077,1006.1085297661826,1000.9949598184871,1000.994959201869,1000.0007393865169,1003.9798365618634,1011.6465826306861
1008.2486645418297,1000.9951331589289,1008.1078099586717,1000.9949595024077,1006.1085297661826,1000.9949598184871,1000.994959201869,1000.0006950334515,1003.9798365618634,1011.6465826306861
1008.2486645418297,1000.9951331589289,1008.1078099586717,1000.9949595024077,1006.1085297661826,1000.9949598184871,1000.994959201869,1000.0006341394427,1003.9798365618634,1011.6465826306861
1008.2486645418297,1000.9951331589289,1008.1078099586717,1000.9949595024077,1006.1085297661826,1000.9949598184871,1000.994959201869,1000.0006341394427,1003.9798365618634,1011.6465826306861
1008.2486645418297,1000.9951331589289,1008.1078099586717,1000.9949595024077,1006.1085297661826,1000.9949598184871,1000.994959201869,1000.0006341394427,1003.9798365618634,1011.6465826306861
1008.2486645418297,1000.9951331589289,1008.1078099586717,1000.9949595024077,1006.1085297661826,1000.9949598184871,1000.994959201869,1000.0006341394427,1003.9798365618634,1011.6465826306861
1008.2486645418297,1000.9951331589289,1008.1078099586717,1000.9949595024077,1006.1085297661826,1000.9949598184871,1000.994959201869,1000.0006341394427,1003.9798365618634,1011.6465826306861
1008.2486645418297,1000.9951331589289,1008.1078099586717,1000.9949595024077,1006.1085297661826,1000.9949598184871,1000.994959201869,1000.0006341394427,1003.9798365618634,1011.6465826306861
1008.2486645418297,1000.9951331589289,1008.1078099586717,1000.9949595024077,1006.1085297661826,1000.9949598184871,1000.994959201869,1000.0006341394427,1003.9798365618634,1011.6465826306861
1008.2486645418297,1000.9951331589289,1008.1078099586717,1000.9949595024077,1006.1085297661826,1000.9949598184871,1000.994959201869,1000.000562295912,1003.9798365618634,1011.6465826306861
1008.2486645418297,1000.9951331589289,1008.1078099586717,1000.9949595024077,1006.1085297661826,1000.9949598184871,1000.994959201869,1000.0004902841788,1003.9798365618634,1011.6465826306861
1008.2486645418297,1000.9951331589289,1008.1078099586717,1000.9949595024077,1006.1085297661826,1000.9949598184871,1000.994959201869,1000.0004902841788,1003.9798365618634,1011.6465826306861
1008.2486645418297,1000.9951331589289,1008.1078099586717,1000.9949595024077,1006.1085297661826,1000.9949598184871,1000.994959201869,1000.0004803370432,1003.9798365618634,1011.6465826306861
1008.2486645418297,1000.9951331589289,1008.1078099586717,1000.9949595024077,1006.1085297661826,1000.9949598184871,1000.994959201869,1000.0004803370432,1003.9798365618634,1011.6465826306861
1008.2486645418297,1000.9951331589289,1008.1078099586717,1000.9949595024077,1006.1085297661826,1000.9949598184871,1000.994959201869,1000.0004803370432,1003.9798365618634,1011.6465826306861
1008.2486645418297,1000.9951211127282,1008.1078099586717,1000.9949595024077,1006.1085297661826,1000.9949598184871,1000.994959201869,1000.0004803370432,1003.9798365618634,1011.6465826306861
1008.2486645418297,1000.9951211127282,1008.1078099586717,1000.9949595024077,1006.1085297661826,1000.9949598184871,1000.994959201869,1000.0004803370432,1003.9798365618634,1011.6465826306861
1008.2486645418297,1000.9951128272468,1008.1078099586717,1000.9949595024077,1006.1085297661826,1000.9949598184871,1000.994959201869,1000.0004803370432,1003.9798365618634,1011.6465826306861
1008.2486645418297,1000.995106273126,1008.1078099586717,1000.9949595024077,1006.1085297661826,1000.9949598184871,1000.994959201869,1000.0004543173359,1003.9798365618634,1011.6465826306861
1008.2486645418297,1000.9950933693927,1008.1078099586717,1000.9949595024077,1006.1085297661826,1000.9949598184871,1000.994959201869,1000.0004368130417,1003.9798365618634,1011.6465826306861
1008.2486645418297,1000.9950366591656,1008.1078099586717,1000.9949595024077,1006.1085297661826,1000.9949598184871,1000.994959201869,1000.0001938158249,1003.9798365618634,1011.6465826306861
1008.2486645418297,1000.9950072616017,1008.1078099586717,1000.9949594943345,1006.1085297661826,1000.9949598184871,1000.994959201869,1000.0001938158249,1003.9798365618634,1011.6465826306861
1008.2486645418297,1000.9950067198739,1008.1078099586717,1000.9949594257865,1006.1085297661826,1000.9949598184871,1000.994959201869,1000.0001938158249,1003.9798365618634,1011.6465826306861
1008.2486645418297,1000.9949984910834,1008.1078099586717,1000.9949594257865,1006.1085297661826,1000.9949598184871,1000.994959201869,1000.0001446325011,1003.9798365288423,1011.6465826306861
1008.2486645418297,1000.9949949266481,1008.1078099586717,1000.9949594257865,1006.1085297661826,1000.9949598184871,1000.994959201869,1000.0001186732883,1003.9798365288423,1011.6465826306861
1008.2486645418297,1000.994993569107,1008.1078099586717,1000.9949594257865,1006.1085297661826,1000.9949598184871,1000.994959201869,1000.0000935438583,1003.9798365288423,1011.6465826306861
1008.2486645418297,1000.9949902644936,1008.1078099586717,1000.994959392292,1006.1085297661826,1000.9949598184871,1000.994959201869,1000.0000793624483,1003.9798365288423,1011.6465826306861
1008.2486645418297,1000.9949902644936,1008.1078099586717,1000.994959340618,1006.1085297661826,1000.9949598184871,1000.994959201869,1000.000071646067,1003.9798365288423,1011.6465826306861
1008.2486645418297,1000.9949902644936,1008.1078099586717,1000.9949592996344,1006.1085297661826,1000.9949598184871,1000.994959201869,1000.0000665770809,1003.9798365288423,1011.6465826306861
1008.2486645418297,1000.9949902644936,1008.1078099586717,1000.9949592424377,1006.1085297661826,1000.9949598184871,1000.994959201869,1000.0000665770809,1003.9798364930144,1011.6465826306861
1008.2486645418297,1000.9949902644936,1008.1078099586717,1000.9949592424377,1006.1085297661826,1000.9949598184871,1000.994959201869,1000.0000651918112,1003.9798364930144,1011.6465826306861
1008.2486645418297,1000.9949902644936,1008.1078099586717,1000.9949592424377,1006.1085297661826,1000.9949598184871,1000.994959201869,1000.0000593458234,1003.9798364589785,1011.6465826306861
1008.2486645418297,1000.9949891909345,1008.1078099586717,1000.9949592424377,1006.1085297661826,1000.9949598184871,1000.994959201869,1000.0000489477386,1003.9798364583658,1011.6465826306861
1008.2486645418297,1000.9949874283652,1008.1078099586717,1000.9949592424377,1006.1085297661826,1000.9949598184871,1000.994959201869,1000.000048465733,1003.9798364461842,1011.6465826306861
1008.2486645418297,1000.994981391856,1008.1078099586717,1000.9949592424377,1006.1085297661826,1000.9949598184871,1000.994959201869,1000.000048465733,1003.9798364461842,1011.6465826306861
1008.2486645418297,1000.9949717621065,1008.1078099586717,1000.9949592424377,1006.1085297661826,1000.9949598184871,1000.994959201869,1000.000048465733,1003.9798364461842,1011.6465826306861
1008.2486645418297,1000.9949717621065,1008.1078099586717,1000.9949592424377,1006.1085297661826,1000.9949598184871,1000.994959201869,1000.000048465733,1003.9798364461842,1010.6372774849833
1008.2486645418297,1000.9949717621065,1008.1078099586717,1000.9949592424377,1006.1085297661826,1000.9949598184871,1000.994959201869,1000.0000441568666,1003.9798364411992,1010.4388666617784
1008.2486645418297,1000.9949717621065,1008.1078099586717,1000.9949592424377,1006.1085297661826,1000.9949598184871,1000.994959201869,1000.0000408435867,1003.9798364375749,1009.8918140655293
1008.2486645418297,1000.9949717621065,1008.1078099586717,1000.9949592424377,1006.1085297661826,1000.9949598184871,1000.994959201869,1000.0000292120421,1003.9798363973466,1008.6875431627552
1008.2486645418297,1000.9949709514951,1008.1078099586717,1000.9949592424377,1006.1085297661826,1000.9949598184871,1000.994959201869,1000.0000236234707,1003.9798363345315,1008.6875431627552
1008.2486645418297,1000.9949709514951,1008.1078099586717,1000.9949592424377,1006.1085297661826,1000.9949598184871,1000.994959201869,1000.0000180272929,1003.9798363345315,1008.6875431627552
1008.2486645418297,1000.9949709514951,1008.1078099586717,1000.9949592424377,1006.1085297661826,1000.9949598184871,1000.994959201869,1000.0000137310205,1003.9798363345315,1008.6875431627552
1008.2486645418297,1000.9949709514951,1008.1078099586717,1000.9949592424377,1006.1085297661826,1000.9949598184871,1000.994959201869,1000.0000063792438,1003.9798363345315,1008.6875431627552
1008.2486645418297,1000.9949709514951,1008.1078099586717,1000.9949592424377,1006.1085297661826,1000.9949598184871,1000.994959201869,1000.0000063792438,1003.9798363345315,1008.6875431627552
1008.2486645418297,1000.9949709514951,1008.1078099586717,1000.9949592424377,1006.1085297661826,1000.9949598184871,1000.994959201869,1000.0000063792438,1003.9798363345315,1008.6875431627552
1008.2486645418297,1000.9949709514951,1008.1078099586717,1000.9949592424377,1006.1085297661826,1000.9949598184871,1000.994959201869,1000.0000056182374,1003.9798363345315,1008.6875431627552
1008.2486645418297,1000.9949709514951,1008.1078099586717,1000.9949592424377,1006.1085297661826,1000.9949598184871,1000.994959201869,1000.0000043064459,1003.9798363345315,1008.6875431627552
1008.2486645418297,1000.9949709514951,1008.1078099586717,1000.9949592424377,1006.1085297661826,1000.9949598184871,1000.994959201869,1000.0000041591012,1003.9798363345315,1008.6875431627552
1008.2486645418297,1000.9949690425017,1008.1078099586717,1000.9949592424377,1006.1085297661826,1000.9949598184871,1000.994959201869,1000.0000041591012,1003.9798363345315,1008.6875431627552
1008.2486645418297,1000.9949690425017,1008.1078099586717,1000.9949592424377,1006.1085297661826,1000.9949598184871,1000.994959201869,1000.0000041591012,1003.9798363345315,1008.6875431627552
1008.2486645418297,1000.9949678202166,1008.1078099586717,1000.9949592424377,1006.1085297661826,1000.9949596922576,1000.994959201869,1000.0000041591012,1003.9798363345315,1008.6875431627552
1008.2486645418297,1000.9949665838826,1008.1078099586717,1000.9949592278012,1006.1085297661826,1000.9949595011194,1000.994959201869,1000.0000041591012,1003.9798363345315,1008.6875431627552
1008.2486645418297,1000.9949655117629,1008.1078099586717,1000.9949592278012,1006.1085297661826,1000.9949594826372,1000.994959201869,1000.0000041075401,1003.9798363345315,1008.6875431627552
1008.2486645418297,1000.9949648924589,1008.1078099586717,1000.9949592278012,1006.1085297661826,1000.9949594823175,1000.994959201869,1000.0000041075401,1003.9798363345315,1008.6875431627552
1008.2486645418297,1000.9949647309035,1008.1078099586717,1000.9949592278012,1006.1085297661826,1000.9949594823175,1000.994959201869,1000.0000041075401,1003.9798363345315,1008.6875431627552
1008.2486645418297,1000.9949631738418,1008.1078099586717,1000.9949592278012,1006.1085297661826,1000.9949594823175,1000.994959201869,1000.0000041075401,1003.9798363345315,1008.6875431627552
1008.2486645418297,1000.994962639545,1008.1078099586717,1000.9949592278012,1006.1085297661826,1000.9949594823175,1000.994959201869,1000.0000041075401,1003.9798363345315,1008.6875431627552
1008.2486645418297,1000.9949624067636,1008.1078099586717,1000.9949592065663,1006.1085297661826,1000.9949594823175,1000.994959201869,1000.0000041075401,1003.9798363345315,1008.6875431627552
1008.2486645418297,1000.9949610135284,1008.1078099586717,1000.9949591813737,1006.1085297661826,1000.9949594823175,1000.994959201869,1000.0000041075401,1003.9798363345315,1008.6875431627552
1008.2486645418297,1000.9949607618121,1008.1078099586717,1000.9949591621064,1006.1085297661826,1000.9949594823175,1000.994959201869,1000.0000041075401,1003.9798363345315,1008.6875431627552
1008.2486645418297,1000.9949607618121,1008.1078099586717,1000.9949591621064,1006.1085297661826,1000.9949594823175,1000.9949591940037,1000.0000035240834,1003.9798363345315,1008.6875431627552
1008.2486645418297,1000.9949607618121,1008.1078099586717,1000.9949591621064,1006.1085297661826,1000.9949594823175,1000.9949591831363,1000.0000028232172,1003.9798363157389,1008.6875431627552
1008.2486645418297,1000.9949607618121,1008.1078099586717,1000.9949591621064,1006.1085297661826,1000.9949594823175,1000.9949591760881,1000.0000024837199,1003.9798362790477,1008.6875431627552
1008.2486645418297,1000.9949607618121,1008.1078099586717,1000.9949591621064,1006.1085297661826,1000.9949594823175,1000.9949591760881,1000.0000024837199,1003.9798362740123,1008.6875431627552
1008.2486645418297,1000.9949607618121,1008.1078099586717,1000.9949591389053,1006.1085297661826,1000.9949594823175,1000.9949591760881,1000.0000024837199,1003.9798362740123,1008.6875431627552
1008.2486645418297,1000.9949607618121,1008.1078099586717,1000.9949591303007,1006.1085297661826,1000.9949594823175,1000.9949591760881,1000.0000021508285,1003.9798362740123,1008.6875431627552
1008.2486645418297,1000.9949607618121,1008.1078099586717,1000.9949591017489,1006.1085297661826,1000.9949594823175,1000.9949591760881,1000.0000018448877,1003.9798362740123,1008.6875431627552
1008.2486645418297,1000.9949607618121,1008.1078099586717,1000.9949591017489,1006.1085297661826,1000.9949594823175,1000.9949591760881,1000.000001559687,1003.9798362740123,1008.6875431627552
1008.2486645418297,1000.9949607618121,1008.1078099586717,1000.9949591017489,1006.1085297661826,1000.9949594823175,1000.9949591760881,1000.0000013289117,1003.9798362740123,1008.6875431627552
1008.2486645418297,1000.9949607618121,1008.1078099586717,1000.9949591017489,1006.1085297661826,1000.9949594823175,1000.9949591760881,1000.0000010653588,1003.9798362740123,1008.6875431627552
1008.2486645418297,1000.9949607618121,1008.1078099586717,1000.9949591017489,1006.1085297661826,1000.9949594823175,1000.9949591760881,1000.0000007938297,1003.9798362740123,1008.6875431627552
1008.2486645418297,1000.9949607618121,1008.1078099586717,1000.9949591017489,1006.1085297661826,1000.9949594823175,1000.9949591753879,1000.0000006030748,1003.9798362740123,1008.6875431627552
1008.2486645418297,1000.9949607618121,1008.1078099586717,1000.9949591017489,1006.1085297661826,1000.9949594823175,1000.9949591753879,1000.0000005023174,1003.9798362740123,1008.6875431627552
1008.2486645418297,1000.9949607618121,1008.1078099586717,1000.9949591017489,1006.1085297661826,1000.9949594823175,1000.9949591753879,1000.0000005023174,1003.9798362740123,1008.6875431627552
1008.2486645418297,1000.9949607618121,1008.1078099586717,1000.9949591017489,1006.1085297661826,1000.9949594823175,1000.9949591753879,1000.0000005023174,1003.9798362740123,1008.6875431627552
1008.2486645418297,1000.9949607618121,1008.1078099586717,1000.9949591017489,1006.1085297661826,1000.9949594823175,1000.9949591753879,1000.0000005023174,1003.9798362740123,1008.6875431627552
1008.2486645418297,1000.9949605353277,1008.1078099586717,1000.9949591017489,1006.1085297661826,1000.9949594823175,1000.9949591753879,1000.0000005023174,1003.9798362740123,1008.6875431627552
1008.2486645418297,1000.9949603400786,1008.1078099586717,1000.9949591017489,1006.1085297661826,1000.9949594823175,1000.9949591753879,1000.0000005023174,1003.9798362740123,1008.6875431627552
1008.2486645418297,1000.9949603400786,1008.1078099586717,1000.9949591017489,1006.1085297661826,1000.9949594823175,1000.9949591753879,1000.0000005023174,1003.9798362740123,1008.6875431627552
1008.2486645418297,1000.9949603400786,1008.1078099586717,1000.9949590995458,1006.1085297661826,1000.9949594823175,1000.9949591753879,1000.0000004711144,1003.9798362740123,1008.6875431627552
1008.2486645418297,1000.9949603400786,1008.1078099586717,1000.9949590995458,1006.1085297661826,1000.9949594823175,1000.9949591753879,1000.0000004253088,1003.9798362740123,1008.6875431627552
1008.2486645418297,1000.9949603400786,1008.1078099586717,1000.9949590995458,1006.1085297661826,1000.9949594823175,1000.9949591753879,1000.0000003969102,1003.9798362740123,1008.6875431627552
1008.2486645418297,1000.9949603400786,1008.1078099586717,1000.9949590995458,1006.1085297661826,1000.9949594823175,1000.9949591753879,1000.0000003395828,1003.9798362740123,1008.6875431627552
1008.2486645418297,1000.9949601842558,1008.1078099586717,1000.9949590995458,1006.1085297661826,1000.9949594823175,1000.9949591753879,1000.0000002978006,1003.9798362740123,1008.6875431627552
1008.2486645418297,1000.9949601237586,1008.1078099586717,1000.9949590995458,1006.1085297661826,1000.9949594823175,1000.9949591753879,1000.0000002978006,1003.9798362740123,1008.6875431627552
1008.2486645418297,1000.9949601237586,1008.1078099586717,1000.9949590995458,1006.1085297661826,1000.9949594823175,1000.9949591753879,1000.0000002978006,1003.9798362740123,1008.6875431627552
1008.2486645418297,1000.9949601237586,1008.1078099586717,1000.9949590995458,1006.1085297661826,1000.9949594823175,1000.9949591753879,1000.0000002978006,1003.9798362740123,1008.6875431627552
1008.2486645418297,1000.9949601237586,1008.1078099586717,1000.9949590995458,1006.1085297661826,1000.9949594314977,1000.9949591753879,1000.0000002463493,1003.9798362740123,1008.6875431627552
1008.1751381351515,1000.9949601237586,1008.1078099586717,1000.9949590995458,1006.1085297661826,1000.9949594022866,1000.9949591753879,1000.0000001666857,1003.9798362740123,1008.6875431627552
1007.1845500247741,1000.9949600543753,1008.1078099586717,1000.9949590995458,1006.1085297661826,1000.9949594022866,1000.9949591753879,1000.0000001234091,1003.9798362740123,1008.6875431627552
1006.7614239524291,1000.9949600543753,1008.1078099586717,1000.9949590995458,1006.1085297661826,1000.9949594022866,1000.9949591753879,1000.0000001099984,1003.9798362740123,1008.6875431627552
1006.7614239524291,1000.9949599357716,1008.1078099586717,1000.9949590995458,1006.1085297661826,1000.9949594022866,1000.9949591753879,1000.0000000860404,1003.9798362740123,1008.6875431627552
1006.7614239524291,1000.9949597965795,1008.1078099586717,1000.9949590995458,1006.1085297661826,1000.9949594022866,1000.9949591575845,1000.0000000594291,1003.9798362740123,1008.6875431627552
1006.7614239524291,1000.9949597051824,1008.1078099586717,1000.9949590995458,1006.1085297661826,1000.9949594022866,1000.9949591284908,1000.0000000469455,1003.9798362740123,1008.6875431627552
1006.7614239524291,1000.994959628146,1008.1078099586717,1000.9949590995458,1006.1085297661826,1000.9949593850158,1000.9949591183689,1000.0000000403754,1003.9798362740123,1008.6875431627552
1006.7614239524291,1000.9949595188921,1008.1078099586717,1000.9949590995458,1006.1085297661826,1000.9949593473931,1000.9949591059499,1000.0000000337415,1003.9798362740123,1008.6875431627552
1006.7614239524291,1000.9949594493612,1008.1078099586717,1000.9949590995458,1006.1085297661826,1000.9949593006031,1000.9949590964263,1000.0000000337415,1003.9798362740123,1008.6875431627552
1006.7614239524291,1000.9949594493612,1008.1078099586717,1000.9949590995458,1006.1085297661826,1000.9949592488492,1000.9949590918095,1000.0000000337415,1003.9798362740123,1008.6875431627552
1006.7614239524291,1000.9949594493612,1008.1078099586717,1000.9949590995458,1006.1085297661826,1000.9949592052991,1000.9949590918095,1000.0000000337415,1003.9798362740123,1008.6875431627552
1006.7614239524291,1000.9949594493612,1008.1078099586717,1000.9949590995458,1006.1085297661826,1000.9949592052991,1000.9949590918095,1000.0000000337415,1003.9798362740123,1008.6875431627552
1006.7614239524291,1000.9949594493612,1008.1078099586717,1000.9949590995458,1006.1085297661826,1000.9949592052991,1000.9949590918095,1000.0000000337415,1003.9798362740123,1008.6875431627552
1006.7614239524291,1000.9949594493612,1008.1078099586717,1000.9949590995458,1006.1085297661826,1000.9949592052991,1000.9949590918095,1000.0000000337415,1003.9798362740123,1008.6875431627552
1006.7614239524291,1000.994959442025,1008.1078099586717,1000.9949590995458,1006.1085297661826,1000.9949592052991,1000.9949590918095,1000.0000000337415,1003.9798362740123,1008.6875431627552
1006.7614239524291,1000.9949594090108,1008.1078099586717,1000.9949590995458,1006.1085297661826,1000.9949592052991,1000.9949590918095,1000.0000000337415,1003.9798362740123,1008.6875431627552
1006.7614239524291,1000.9949593226833,1008.1078099586717,1000.9949590995458,1006.1085297661826,1000.9949592052991,1000.9949590918095,1000.0000000337415,1003.9798362740123,1008.6875431627552
1006.1502911258804,1000.9949592476656,1008.1078099586717,1000.9949590995458,1006.1085297661826,1000.9949592052991,1000.9949590918095,1000.0000000337415,1003.9798362693441,1008.6875431627552
1006.1502911258804,1000.994959157098,1008.1078099586717,1000.9949590995458,1006.1085297661826,1000.9949592052991,1000.9949590918095,1000.0000000337415,1003.9798362693441,1008.6875431627552
1006.1502911258804,1000.9949591146054,1008.1078099586717,1000.9949590995458,1006.1085297661826,1000.9949592052991,1000.9949590918095,1000.0000000337415,1003.9798362693441,1008.6875431627552
1006.1502911258804,1000.9949590930934,1008.1078099586717,1000.9949590995458,1006.1085297661826,1000.9949591894608,1000.9949590918095,1000.0000000337415,1003.9798362693441,1008.6875431627552
1006.1502911258804,1000.9949590930934,1008.1078099586717,1000.9949590995458,1006.1085297661826,1000.9949591894608,1000.9949590918095,1000.0000000337415,1003.9798362693441,1008.6875431627552
1006.1502911258804,1000.9949590930934,1008.1078099586717,1000.9949590995458,1006.1085297661826,1000.9949591810639,1000.9949590861198,1000.0000000337415,1003.9798362693441,1008.6875431627552
1006.1502911258804,1000.9949590930934,1008.1078099586717,1000.9949590995458,1006.1085297661826,1000.9949591704938,1000.9949590823257,1000.0000000337415,1003.9798362607075,1008.6875431627552
1006.1502911258804,1000.9949590930934,1008.1078099586717,1000.9949590995458,1006.1085297661826,1000.9949591704938,1000.9949590823257,1000.0000000337415,1003.9798362607075,1008.6875431627552
1006.1502911258804,1000.9949590930934,1008.1078099586717,1000.9949590995458,1006.1085297661826,1000.9949591704938,1000.9949590823257,1000.0000000337415,1003.9798362607075,1008.6875431627552
1006.1502911258804,1000.9949590930934,1008.1078099586717,1000.9949590995458,1006.1085297661826,1000.9949591541597,1000.9949590823257,1000.0000000337415,1003.9798362607075,1008.6875431627552
1006.1502911258804,1000.9949590930934,1008.1078099586717,1000.9949590907622,1006.1085297661826,1000.9949591295641,1000.9949590823257,1000.0000000337415,1003.9798362607075,1008.6875431627552
1006.1502911258804,1000.9949590930934,1008.1078099586717,1000.9949590845524,1006.1085297661826,1000.9949591172086,1000.9949590823257,1000.0000000337415,1003.9798362607075,1008.6875431627552
1006.1502911258804,1000.9949590930934,1008.1078099586717,1000.9949590830912,1006.1085297661826,1000.9949590969861,1000.9949590823257,1000.0000000337415,1003.9798362607075,1008.6875431627552
1006.1502911258804,1000.9949590930934,1008.1078099586717,1000.9949590806432,1006.1085297661826,1000.9949590802247,1000.9949590823257,1000.0000000337415,1003.9798362607075,1008.6875431627552
1006.1502911258804,1000.9949590930934,1008.1078099586717,1000.9949590806432,1006.1085297661826,1000.9949590802247,1000.9949590823257,1000.0000000337415,1003.9798362607075,1008.6875431627552
1006.1502911258804,1000.9949590930934,1008.1078099586717,1000.9949590806432,1006.1085297661826,1000.9949590802247,1000.9949590823257,1000.0000000337415,1003.9798362607075,1008.6875431627552
1006.1502911258804,1000.9949590930934,1008.1078099586717,1000.9949590806432,1006.1085297661826,1000.9949590802247,1000.9949590823257,1000.0000000337415,1003.9798362607075,1008.6875431627552
1006.1502911258804,1000.9949590930934,1008.1078099586717,1000.9949590806432,1006.1085297661826,1000.9949590802247,1000.9949590823257,1000.0000000337415,1003.9798362607075,1008.6875431627552
1006.1502911258804,1000.9949590930934,1008.1078099586717,1000.9949590806432,1006.1085297661826,1000.9949590802247,1000.9949590823257,1000.0000000337415,1003.9798362607075,1008.6875431627552
1006.1502911258804,1000.9949590930934,1008.1078099586717,1000.9949590806432,1006.1085297661826,1000.9949590802247,1000.9949590823257,1000.0000000337415,1003.9798362607075,1008.6875431627552
1006.1502911258804,1000.9949590930934,1008.1078099586717,1000.9949590806432,1006.1085297661826,1000.9949590802247,1000.9949590823257,1000.0000000337415,1003.9798362607075,1008.6875431627552
1006.1502911258804,1000.9949590930934,1008.1078099586717,1000.9949590806432,1006.1085297661826,1000.9949590802247,1000.9949590823257,1000.0000000337415,1003.9798362607075,1008.6875431627552
1006.1502911258804,1000.9949590930934,1008.1078099586717,1000.9949590806432,1006.1085297661826,1000.9949590802247,1000.9949590823257,1000.0000000337415,1003.9798362607075,1008.6875431627552
1006.1502911258804,1000.9949590930934,1008.1078099586717,1000.9949590806432,1006.1085297661826,1000.9949590802247,1000.9949590823257,1000.0000000337415,1003.9798362607075,1008.6875431627552
1006.1502911258804,1000.9949590930934,1008.1078099586717,1000.9949590806432,1006.1085297661826,1000.9949590802247,1000.9949590823257,1000.0000000337415,1003.9798362607075,1008.6875431627552
1006.1502911258804,1000.9949590930934,1008.1078099586717,1000.9949590718743,1006.1085297661826,1000.9949590802247,1000.9949590823257,1000.0000000337415,1003.9798362607075,1008.6875431627552
1006.1502911258804,1000.9949590930934,1008.1078099586717,1000.9949590656522,1006.1085297661826,1000.9949590802247,1000.9949590823257,1000.0000000337415,1003.9798362607075,1008.6875431627552
1006.1502911258804,1000.9949590930934,1008.1078099586717,1000.9949590656522,1006.1085297661826,1000.9949590802247,1000.9949590823257,1000.0000000337415,1003.9798362607075,1008.6875431627552
1006.1502911258804,1000.9949590930934,1008.1078099586717,1000.9949590656522,1006.1085297661826,1000.9949590802247,1000.9949590823257,1000.0000000337415,1003.9798362607075,1008.6875431627552
1006.1502911258804,1000.9949590930934,1008.1078099586717,1000.9949590656522,1006.1085297661826,1000.9949590802247,1000.9949590823257,1000.0000000337415,1003.9798362607075,1008.6875431627552
1005.6541536779082,1000.9949590930934,1008.1078099586717,1000.9949590656522,1006.1085297661826,1000.9949590802247,1000.9949590823257,1000.0000000337415,1003.9798362607075,1008.6875431627552
1005.6541536779082,1000.9949590930934,1008.1078099586717,1000.9949590656522,1006.1085297661826,1000.9949590802247,1000.9949590823257,1000.0000000337415,1003.9798362607075,1008.6875431627552
1005.6541536779082,1000.9949590930934,1008.1078099586717,1000.9949590656522,1006.1085297661826,1000.9949590802247,1000.9949590823257,1000.0000000337415,1003.9798362607075,1008.6875431627552
1005.6541536779082,1000.9949590930934,1008.1078099586717,1000.9949590656522,1006.1085297661826,1000.9949590802247,1000.9949590823257,1000.0000000337415,1003.9798362607075,1008.6875431627552
1005.6541536779082,1000.9949590930934,1008.1078099586717,1000.9949590656522,1006.1085297661826,1000.9949590802247,1000.9949590823257,1000.0000000337415,1003.9798362607075,1008.6875431627552
1005.6541536779082,1000.9949590930934,1008.1078099586717,1000.9949590656522,1006.1085297661826,1000.9949590802247,1000.9949590823257,1000.0000000337415,1003.9798362607075,1008.6875431627552
1005.6541536779082,1000.9949590930934,1008.1078099586717,1000.9949590656522,1006.1085297661826,1000.9949590802247,1000.9949590823257,1000.0000000337415,1003.9798362607075,1008.6875431627552
1005.6541536779082,1000.9949590930934,1008.1078099586717,1000.9949590656522,1006.1085297661826,1000.9949590802247,1000.9949590823257,1000.0000000337415,1003.9798362607075,1008.6875431627552
1005.6541536779082,1000.9949590930934,1008.1078099586717,1000.9949590656522,1006.1085297661826,1000.9949590802247,1000.9949590823257,1000.0000000337415,1003.9798362607075,1008.6875431627552
1005.6541536779082,1000.9949590930934,1008.1078099586717,1000.9949590656522,1006.1085297661826,1000.9949590802247,1000.9949590823257,1000.0000000337415,1003.9798362607075,1008.6875431627552
1005.6541536779082,1000.9949590930934,1008.1078099586717,1000.9949590656522,1006.1085297661826,1000.9949590802247,1000.9949590823257,1000.0000000337415,1003.9798362607075,1008.6875431627552
1005.6541536779082,1000.9949590930934,1008.1078099586717,1000.9949590656522,1006.1085297661826,1000.9949590802247,1000.9949590823257,1000.0000000337415,1003.9798362607075,1008.6875431627552
1005.6541536779082,1000.9949590930934,1008.1078099586717,1000.9949590656522,1006.1085297661826,1000.9949590802247,1000.9949590823257,1000.0000000337415,1003.9798362607075,1008.6875431627552
1005.6541536779082,1000.9949590930934,1008.1078099586717,1000.9949590656522,1006.1085297661826,1000.9949590802247,1000.9949590823257,1000.0000000337415,1003.9798362535556,1008.6875431627552
1005.6541536779082,1000.9949590930934,1008.1078099586717,1000.9949590656522,1006.1085297661826,1000.9949590802247,1000.9949590823257,1000.0000000337415,1003.9798362492238,1008.6875431627552
1005.6541536779082,1000.9949590930934,1008.1078099586717,1000.9949590656522,1006.1085297661826,1000.9949590802247,1000.9949590823257,1000.0000000337415,1003.9798362492238,1008.6875431627552
1005.6541536779082,1000.9949590930934,1008.1078099586717,1000.9949590656522,1006.1085297661826,1000.9949590802247,1000.9949590823257,1000.0000000337415,1003.9798362492238,1008.6875431627552
1005.6541536779082,1000.9949590930934,1008.1078099586717,1000.9949590631442,1006.1085297661826,1000.9949590802247,1000.9949590823257,1000.0000000337415,1003.9798362492238,1008.6875431627552
1005.6541536779082,1000.9949590930934,1008.1078099586717,1000.994959061983,1006.1085297661826,1000.9949590802247,1000.9949590823257,1000.0000000337415,1003.9798362492238,1008.6875431627552
1005.6541536779082,1000.9949590930934,1008.1078099586717,1000.9949590596551,1006.1085297661826,1000.9949590802247,1000.9949590823257,1000.0000000337415,1003.9798362492238,1008.6875431627552
1005.6541536779082,1000.9949590930934,1008.1078099586717,1000.9949590584174,1006.1085297661826,1000.9949590802247,1000.9949590823257,1000.0000000337415,1003.9798362492238,1008.6875431627552
1005.6541536779082,1000.9949590930934,1008.1078099586717,1000.9949590584174,1006.1085297661826,1000.9949590802247,1000.9949590823257,1000.0000000337415,1003.9798362492238,1008.6875431627552
1005.6541536779082,1000.9949590930934,1008.1078099586717,1000.9949590584174,1006.1085297661826,1000.9949590802247,1000.9949590823257,1000.0000000337415,1003.9798362492238,1008.6875431627552
1005.6541536779082,1000.9949590930934,1008.1078099586717,1000.9949590584174,1006.1085297661826,1000.9949590802247,1000.9949590823257,1000.0000000337415,1003.9798362492238,1008.6875431627552
1005.6541536779082,1000.9949590930934,1008.1078099586717,1000.9949590584174,1006.1085297661826,1000.9949590802247,1000.9949590823257,1000.0000000337415,1003.9798362492238,1008.6875431627552
1005.6541536779082,1000.9949590930934,1008.1078099586717,1000.9949590584174,1006.1085297661826,1000.9949590780477,1000.9949590823257,1000.0000000337415,1003.9798362492238,1008.6875431627552
1005.6541536779082,1000.9949590930934,1008.1078099586717,1000.9949590584174,1006.1085297661826,1000.9949590743636,1000.9949590823257,1000.0000000337415,1003.9798362492238,1008.6875431627552
1005.6541536779082,1000.9949590930934,1008.1078099586717,1000.9949590584174,1006.1085297661826,1000.9949590732217,1000.9949590823257,1000.0000000337415,1003.9798362458486,1008.6875431627552
1005.6541536779082,1000.9949590930934,1008.1078099586717,1000.9949590584174,1006.1085297661826,1000.9949590732217,1000.9949590823257,1000.0000000337415,1003.97983624367,1008.6875431627552
1005.6541536779082,1000.9949590930934,1008.1078099586717,1000.9949590584174,1006.1085297661826,1000.9949590732217,1000.9949590823257,1000.0000000337415,1003.9798362389167,1008.6875431627552
1005.6541536779082,1000.9949590930934,1008.1078099586717,1000.9949590584174,1006.1085297661826,1000.9949590732217,1000.9949590823257,1000.0000000337415,1003.9798362347628,1008.6875431627552
1005.6541536779082,1000.9949590930934,1008.1078099586717,1000.9949590584174,1006.1085297661826,1000.9949590729143,1000.9949590823257,1000.0000000337415,1003.9798362347628,1008.6875431627552
1005.6541536779082,1000.9949590930934,1008.1078099586717,1000.9949590584174,1006.1085297661826,1000.994959071039,1000.9949590823257,1000.0000000337415,1003.9798362347628,1008.6875431627552
1005.6541536779082,1000.9949590930934,1008.1078099586717,1000.9949590584174,1006.1085297661826,1000.9949590685715,1000.9949590823257,1000.0000000337415,1003.9798362347628,1008.6875431627552
1005.6541536779082,1000.9949590930934,1008.1078099586717,1000.9949590584174,1006.1085297661826,1000.9949590681725,1000.9949590823257,1000.0000000337415,1003.9798362347628,1008.6875431627552
1005.6541536779082,1000.9949590930934,1008.1078099586717,1000.9949590584174,1006.1085297661826,1000.9949590657347,1000.9949590823257,1000.0000000337415,1003.9798362347628,1008.6875431627552
1005.6541536779082,1000.9949590930934,1008.1078099586717,1000.9949590584174,1006.1085297661826,1000.9949590625826,1000.9949590823257,1000.0000000337415,1003.9798362347628,1008.6875431627552
1005.6541536779082,1000.9949590930934,1008.1078099586717,1000.9949590584174,1006.1085297661826,1000.9949590609916,1000.9949590823257,1000.0000000337415,1003.9798362347628,1008.6875431627552
1005.6541536779082,1000.9949590930934,1008.1078099586717,1000.9949590584174,1006.1085297661826,1000.9949590609916,1000.9949590823257,1000.0000000337415,1003.9798362347628,1008.6875431627552
1005.6541536779082,1000.9949590930934,1008.1078099586717,1000.9949590584174,1006.1085297661826,1000.9949590609916,1000.9949590823257,1000.0000000337415,1003.9798362347628,1008.6875431627552
1005.6541536779082,1000.9949590930934,1008.1078099586717,1000.9949590584174,1006.1085297661826,1000.9949590597969,1000.9949590823257,1000.0000000337415,1003.9798362347628,1008.6875431627552
1005.6541536779082,1000.9949590930934,1008.1078099586717,1000.9949590584174,1006.1085297661826,1000.9949590596368,1000.9949590808296,1000.0000000337415,1003.9798362347628,1008.6875431627552
1005.6541536779082,1000.9949590930934,1008.1078099586717,1000.9949590584174,1006.1085297661826,1000.9949590592646,1000.9949590762013,1000.0000000337415,1003.9798362347628,1008.6875431627552
1005.6541536779082,1000.9949590930934,1008.1078099586717,1000.9949590584174,1006.1085297661826,1000.9949590592646,1000.9949590747661,1000.0000000337415,1003.9798362347628,1008.6875431627552
1005.6541536779082,1000.9949590930934,1008.1078099586717,1000.9949590584174,1006.1085297661826,1000.9949590592646,1000.9949590747661,1000.0000000337415,1003.9798362347628,1008.6875431627552
1005.6541536779082,1000.9949590930934,1008.1078099586717,1000.9949590584174,1006.1085297661826,1000.9949590592646,1000.9949590747661,1000.0000000337415,1003.9798362347628,1008.6875431627552
1005.6541536779082,1000.9949590930934,1008.1078099586717,1000.9949590584174,1006.1085297661826,1000.9949590592646,1000.9949590747661,1000.0000000337415,1003.9798362347628,1008.6875431627552
1005.6541536779082,1000.9949590930934,1008.1078099586717,1000.9949590584174,1006.1085297661826,1000.9949590592646,1000.9949590747661,1000.0000000337415,1003.9798362347628,1008.6875431627552
1005.6541536779082,1000.9949590930934,1008.1078099586717,1000.9949590584174,1006.1085297661826,1000.9949590592646,1000.9949590747661,1000.0000000337415,1003.9798362347628,1008.6875431627552
1005.6541536779082,1000.9949590930934,1008.1078099586717,1000.9949590584174,1006.1085297661826,1000.9949590592646,1000.9949590747661,1000.0000000337415,1003.9798362347628,1008.6875431627552
1005.6541536779082,1000.9949590930934,1008.1078099586717,1000.9949590584174,1006.1085297661826,1000.9949590592646,1000.9949590747661,1000.0000000337415,1003.9798362347628,1008.6875431627552
1005.6541536779082,1000.9949590930934,1008.1078099586717,1000.9949590584174,1006.1085297661826,1000.9949590592646,1000.9949590747661,1000.0000000337415,1003.9798362347628,1008.6875431627552
1005.6541536779082,1000.9949590930934,1008.1078099586717,1000.9949590584174,1006.1085297661826,1000.9949590592646,1000.9949590747661,1000.0000000337415,1003.9798362347628,1008.6875431627552
1005.6541536779082,1000.9949590930934,1008.1078099586717,1000.9949590584174,1006.1085297661826,1000.9949590592646,1000.9949590747661,1000.0000000337415,1003.9798362347628,1008.6875431627552
1005.6541536779082,1000.9949590930934,1008.1078099586717,1000.9949590584174,1006.1085297661826,1000.9949590592646,1000.9949590747661,1000.0000000337415,1003.9798362347628,1008.6875431627552
1005.6541536779082,1000.9949590930934,1008.1078099586717,1000.9949590584174,1006.1085297661826,1000.9949590592646,1000.9949590747661,1000.0000000337415,1003.9798362347628,1008.6875431627552
1005.6541536779082,1000.9949590930934,1008.1078099586717,1000.9949590584174,1006.1085297661826,1000.9949590592646,1000.9949590747661,1000.0000000337415,1003.9798362347628,1008.6875431627552
1005.6541536779082,1000.9949590930934,1008.1078099586717,1000.9949590584174,1006.1085297661826,1000.9949590592646,1000.9949590747661,1000.0000000337415,1003.9798362347628,1008.6875431627552
1005.6541536779082,1000.9949590930934,1008.1078099586717,1000.9949590584174,1006.1085297661826,1000.9949590592646,1000.9949590747661,1000.0000000337415,1003.9798362347628,1008.6875431627552
1005.6541536779082,1000.9949590930934,1008.1078099586717,1000.9949590584174,1006.1085297661826,1000.9949590592646,1000.9949590747661,1000.0000000337415,1003.9798362347628,1008.6875431627552
1005.6541536779082,1000.9949590930934,1008.1078099586717,1000.9949590584174,1006.1085297661826,1000.9949590592646,1000.9949590747661,1000.0000000337415,1003.9798362347628,1008.6875431627552
1005.6541536779082,1000.9949590930934,1008.1078099586717,1000.9949590584174,1006.1085297661826,1000.9949590592646,1000.9949590747661,1000.0000000337415,1003.9798362347628,1008.6875431627552
1005.6541536779082,1000.9949590930934,1008.1078099586717,1000.9949590584174,1006.1085297661826,1000.9949590592646,1000.9949590747661,1000.0000000337415,1003.9798362347628,1008.6875431627552
1005.6541536779082,1000.9949590930934,1008.1078099586717,1000.9949590584174,1006.1085297661826,1000.9949590592646,1000.9949590747661,1000.0000000337415,1003.9798362347628,1008.6875431627552
1005.6541536779082,1000.9949590930934,1008.1078099586717,1000.9949590584174,1006.1085297661826,1000.9949590592646,1000.9949590747661,1000.0000000337415,1003.9798362347628,1008.6875431627552
1005.6541536779082,1000.9949590930934,1008.1078099586717,1000.9949590584174,1006.1085297661826,1000.9949590592646,1000.9949590732334,1000.0000000337415,1003.9798362347628,1008.6875431627552
1005.6541536779082,1000.9949590930934,1008.1078099586717,1000.9949590584174,1006.1085297661826,1000.9949590592646,1000.9949590732334,1000.0000000337316,1003.9798362347628,1008.6875431627552
1005.6541536779082,1000.9949590930934,1008.1078099586717,1000.9949590584174,1006.1085297661826,1000.9949590592646,1000.9949590732334,1000.0000000337316,1003.9798362347628,1008.6875431627552
1005.6541536779082,1000.9949590930934,1008.1078099586717,1000.9949590584174,1006.1085297661826,1000.9949590592646,1000.9949590732334,1000.0000000337316,1003.9798362347628,1008.6875431627552
1005.6541536779082,1000.9949590906006,1008.1078099586717,1000.9949590584174,1006.1085297661826,1000.9949590592646,1000.9949590729387,1000.0000000337316,1003.9798362347628,1008.6875431627552
1005.6541536779082,1000.9949590906006,1008.1078099586717,1000.9949590584174,1006.1085297661826,1000.9949590592646,1000.9949590701061,1000.0000000337316,1003.9798362347628,1008.6875431627552
1005.6541536779082,1000.9949590906006,1008.1078099586717,1000.9949590584174,1006.1085297661826,1000.9949590592646,1000.9949590679896,1000.0000000337316,1003.9798362347628,1008.6875431627552
1005.6541536779082,1000.9949590906006,1008.1078099586717,1000.9949590584174,1006.1085297661826,1000.9949590592646,1000.9949590656412,1000.0000000337316,1003.9798362347628,1008.6875431627552
1005.6541536779082,1000.9949590906006,1008.1078099586717,1000.9949590584174,1006.1085297661826,1000.9949590592646,1000.9949590638663,1000.0000000337316,1003.9798362347628,1008.6875431627552
1005.6541536779082,1000.9949590906006,1008.1078099586717,1000.9949590584174,1006.1085297661826,1000.9949590592646,1000.994959062127,1000.0000000337316,1003.9798362347628,1008.6875431627552
1005.6541536779082,1000.9949590906006,1008.1078099586717,1000.9949590584174,1006.1085297661826,1000.9949590592646,1000.994959062127,1000.0000000337316,1003.9798362347628,1008.6875431627552
1005.6541536779082,1000.9949590906006,1008.1078099586717,1000.9949590584174,1006.1085297661826,1000.9949590592646,1000.994959062127,1000.0000000337316,1003.9798362347628,1008.6875431627552
1005.6541536779082,1000.9949590906006,1008.1078099586717,1000.9949590584174,1006.1085297661826,1000.9949590592646,1000.994959062127,1000.0000000337316,1003.9798362347628,1008.6875431627552
1005.6541536779082,1000.9949590906006,1008.1078099586717,1000.9949590584174,1006.1085297661826,1000.9949590592646,1000.994959062127,1000.0000000337316,1003.9798362347628,1008.6875431627552
1005.6541536779082,1000.9949590834942,1008.1078099586717,1000.9949590584174,1006.1085297661826,1000.9949590592646,1000.994959062127,1000.0000000337316,1003.9798362347628,1008.6875431627552
1005.6541536779082,1000.9949590788619,1008.1078099586717,1000.9949590584174,1006.1085297661826,1000.9949590592646,1000.994959062127,1000.0000000337316,1003.9798362347628,1008.6875431627552
1005.6541536779082,1000.9949590759935,1008.1078099586717,1000.9949590584174,1006.1085297661826,1000.9949590592646,1000.994959062127,1000.0000000337316,1003.9798362338023,1008.6875431627552
1005.6541536779082,1000.9949590725912,1008.1078099586717,1000.9949590584174,1006.1085297661826,1000.9949590592646,1000.994959062127,1000.0000000337316,1003.9798362337441,1008.6875431627552
1005.6541536779082,1000.994959070142,1008.1078099586717,1000.9949590584174,1006.1085297661826,1000.9949590592646,1000.994959062127,1000.0000000337316,1003.9798362337441,1008.6875431627552
1005.6541536779082,1000.9949590680634,1008.1078099586717,1000.9949590584174,1006.1085297661826,1000.9949590592646,1000.994959062127,1000.0000000337316,1003.9798362337441,1008.6875431627552
1004.9085872523739,1000.9949590672346,1008.1078099586717,1000.9949590584174,1006.1085297661826,1000.9949590592646,1000.994959062127,1000.0000000337316,1003.9798362337441,1008.6875431627552
1004.9085872523739,1000.9949590666968,1008.1078099586717,1000.9949590584174,1006.1085297661826,1000.9949590592646,1000.994959062127,1000.0000000337316,1003.9798362337441,1008.6875431627552
1004.9085872523739,1000.9949590657529,1008.1078099586717,1000.9949590584174,1006.1085297661826,1000.9949590592646,1000.9949590621105,1000.0000000337316,1003.9798362337441,1008.6875431627552
1004.9085872523739,1000.9949590655415,1008.1078099586717,1000.9949590584174,1006.1085297661826,1000.9949590592646,1000.9949590611135,1000.0000000337316,1003.9798362337441,1008.6875431627552
1004.9085872523739,1000.9949590635922,1008.0362563098114,1000.9949590584174,1006.1085297661826,1000.9949590592646,1000.9949590606102,1000.0000000227373,1003.9798362337441,1008.6875431627552
1004.3885155067849,1000.9949590634944,1005.9041486384665,1000.9949590584174,1006.1085297661826,1000.9949590592646,1000.9949590606102,1000.0000000153368,1003.9798362337441,1008.6875431627552
1003.3180003564592,1000.9949590616709,1005.9041486384665,1000.9949590584174,1006.1085297661826,1000.9949590592646,1000.9949590606102,1000.0000000133426,1003.9798362337441,1008.6875431627552
1003.3180003564592,1000.9949590605552,1004.195972195487,1000.9949590584174,1006.1085297661826,1000.9949590592646,1000.9949590597981,1000.0000000133426,1003.9798362337441,1008.6875431627552
1003.3180003564592,1000.9949590596863,1002.9087715512869,1000.9949590584174,1006.1085297661826,1000.9949590592646,1000.9949590594579,1000.0000000133426,1003.9798362337441,1008.6875431627552
1003.3180003564592,1000.9949590596863,1002.9087715512869,1000.9949590584174,1006.1085297661826,1000.9949590592646,1000.9949590594579,1000.0000000133426,1003.9798362337441,1008.6875431627552
1003.3180003564592,1000.9949590596863,1002.9087715512869,1000.9949590584174,1006.1085297661826,1000.9949590592646,1000.9949590594579,1000.0000000133426,1003.9798362337441,1008.6875431627552
1003.3180003564592,1000.9949590596863,1002.9087715512869,1000.9949590584174,1006.1085297661826,1000.9949590592646,1000.994959059205,1000.0000000133426,1003.9798362337441,1008.6875431627552
1003.3180003564592,1000.9949590596863,1002.9087715512869,1000.9949590584174,1006.1085297661826,1000.9949590592646,1000.994959059205,1000.0000000133426,1003.9798362337441,1008.6875431627552
1003.3180003564592,1000.9949590596863,1002.9087715512869,1000.9949590584174,1006.1085297661826,1000.9949590592646,1000.994959059205,1000.0000000133426,1003.9798362337441,1008.6875431627552
1003.3180003564592,1000.9949590596863,1002.9087715512869,1000.9949590584174,1006.1085297661826,1000.9949590592646,1000.994959059205,1000.0000000133426,1003.9798362337441,1008.6875431627552
1003.3180003564592,1000.9949590596863,1002.9087715512869,1000.9949590584174,1006.1085297661826,1000.9949590592646,1000.994959059205,1000.0000000133426,1003.9798362337441,1008.6875431627552
1003.3180003564592,1000.9949590596863,1002.9087715512869,1000.9949590584174,1006.1085297661826,1000.9949590592646,1000.994959059205,1000.0000000133426,1003.9798362337441,1008.6875431627552
1003.3180003564592,1000.9949590596863,1002.9087715512869,1000.9949590584174,1006.1085297661826,1000.9949590592646,1000.994959059205,1000.0000000133426,1003.9798362337441,1008.6875431627552
1003.3180003564592,1000.9949590596863,1002.9087715512869,1000.9949590584174,1006.1085297661826,1000.9949590592646,1000.994959059205,1000.0000000133426,1003.9798362337441,1008.6875431627552
1003.3180003564592,1000.9949590596863,1002.9087715512869,1000.9949590584174,1006.1085297661826,1000.9949590592646,1000.994959059205,1000.0000000133426,1003.9798362337441,1008.6875431627552
1003.3180003564592,1000.9949590596863,1002.9087715512869,1000.9949590584174,1006.1085297661826,1000.9949590592646,1000.994959059205,1000.0000000133426,1003.9798362337441,1008.6875431627552
1003.3180003564592,1000.9949590596863,1002.9087715512869,1000.9949590584174,1006.1085297661826,1000.9949590592646,1000.994959059205,1000.0000000133426,1003.9798362337441,1008.6875431627552
1003.3180003564592,1000.9949590596863,1002.9087715512869,1000.9949590584174,1006.1085297661826,1000.9949590592646,1000.994959059205,1000.0000000133426,1003.9798362337441,1008.6875431627552
1003.3180003564592,1000.9949590596863,1002.9087715512869,1000.9949590584174,1006.1085297661826,1000.9949590592646,1000.994959059205,1000.0000000133426,1003.9798362337441,1008.6875431627552
1003.3180003564592,1000.9949590596863,1002.9087715512869,1000.9949590584174,1006.1085297661826,1000.9949590592646,1000.994959059205,1000.000000011404,1003.9798362337441,1008.6875431627552
1003.3180003564592,1000.9949590596863,1002.9087715512869,1000.9949590584174,1006.1085297661826,1000.9949590592646,1000.994959059205,1000.000000007627,1003.9798362337441,1008.6875431627552
1003.3180003564592,1000.9949590596863,1002.9087715512869,1000.9949590584174,1006.1085297661826,1000.9949590592646,1000.994959059205,1000.0000000055832,1003.9798362337441,1008.6875431627552
1003.3180003564592,1000.9949590596863,1002.9087715512869,1000.9949590584174,1006.1085297661826,1000.9949590592646,1000.994959059205,1000.0000000055832,1003.9798362337441,1008.6875431627552
1003.3180003564592,1000.9949590596863,1002.9087715512869,1000.9949590584174,1006.1085297661826,1000.9949590592646,1000.994959059205,1000.0000000055832,1003.9798362337441,1008.6875431627552
1003.3180003564592,1000.9949590596863,1002.9087715512869,1000.9949590584174,1006.1085297661826,1000.9949590592646,1000.994959059205,1000.0000000055832,1003.9798362337441,1008.6875431627552
1003.3180003564592,1000.9949590596863,1002.9087715512869,1000.9949590584174,1006.1085297661826,1000.9949590592646,1000.994959059205,1000.0000000055832,1003.9798362337441,1008.6875431627552
1003.3180003564592,1000.9949590596863,1002.9087715512869,1000.9949590584174,1006.1085297661826,1000.9949590592646,1000.994959059205,1000.0000000055832,1003.9798362337441,1008.6875431627552
1003.3180003564592,1000.9949590596863,1002.9087715512869,1000.9949590584174,1006.1085297661826,1000.9949590592646,1000.994959059205,1000.0000000055832,1003.9798362337441,1008.6875431627552
1003.3180003564592,1000.9949590596863,1002.9087715512869,1000.9949590584174,1006.1085297661826,1000.9949590592646,1000.994959059205,1000.0000000055832,1003.9798362337441,1008.6875431627552
1003.3180003564592,1000.9949590596863,1002.9087715512869,1000.9949590584174,1006.1085297661826,1000.9949590592646,1000.994959059205,1000.0000000055832,1003.9798362337441,1008.6875431627552
1003.3180003564592,1000.9949590596863,1002.9087715512869,1000.9949590584174,1006.1085297661826,1000.9949590592646,1000.994959059205,1000.0000000039458,1003.9798362337441,1008.6875431627552
1003.3180003564592,1000.9949590596863,1002.9087715512869,1000.9949590584174,1006.1085297661826,1000.9949590592646,1000.994959059205,1000.0000000030684,1003.9798362337441,1008.6875431627552
1003.3180003564592,1000.9949590596863,1002.9087715512869,1000.9949590584174,1006.1085297661826,1000.9949590592646,1000.994959059205,1000.0000000030684,1003.9798362337441,1008.6875431627552
1003.3180003564592,1000.9949590596863,1002.9087715512869,1000.9949590584174,1006.1085297661826,1000.9949590592646,1000.994959059205,1000.0000000030684,1003.9798362337441,1008.6875431627552
1003.3180003564592,1000.9949590596863,1002.9087715512869,1000.9949590584174,1006.1085297661826,1000.9949590592646,1000.994959059205,1000.0000000030684,1003.9798362337441,1008.6875431627552
1003.3180003564592,1000.9949590596863,1002.9087715512869,1000.9949590584174,1006.1085297661826,1000.9949590592646,1000.994959059205,1000.0000000030684,1003.9798362337441,1008.6875431627552
1003.3180003564592,1000.9949590596863,1002.9087715512869,1000.9949590584174,1006.1085297661826,1000.9949590592646,1000.994959059205,1000.0000000028676,1003.9798362337441,1008.6875431627552
1003.3180003564592,1000.9949590596863,1002.9087715512869,1000.9949590584174,1006.1085297661826,1000.9949590592646,1000.994959059205,1000.0000000022953,1003.9798362337441,1008.6875431627552
1003.3180003564592,1000.9949590596863,1002.9087715512869,1000.9949590584174,1006.1085297661826,1000.9949590592646,1000.994959059205,1000.0000000022953,1003.9798362337441,1008.6875431627552
1003.3180003564592,1000.9949590596863,1002.9087715512869,1000.9949590584174,1006.1085297661826,1000.9949590592646,1000.994959059205,1000.0000000022953,1003.9798362333595,1008.6875431627552
1003.3180003564592,1000.9949590596863,1002.9087715512869,1000.9949590584174,1006.1085297661826,1000.9949590592646,1000.9949590592036,1000.0000000022953,1003.9798362327614,1008.6875431627552
1003.3180003564592,1000.9949590596863,1002.9087715512869,1000.9949590584174,1006.1085297661826,1000.9949590592646,1000.9949590587339,1000.0000000022953,1003.9798362324805,1008.6875431627552
1003.3180003564592,1000.9949590596863,1002.9087715512869,1000.9949590584174,1006.1085297661826,1000.9949590592646,1000.9949590587339,1000.0000000022953,1003.9798362322376,1008.6875431627552
1003.3180003564592,1000.9949590596863,1002.9087715512869,1000.9949590584174,1006.1085297661826,1000.9949590592646,1000.9949590587339,1000.0000000022953,1003.9798362315727,1008.6875431627552
1003.3180003564592,1000.9949590596863,1002.9087715512869,1000.9949590584174,1006.1085297661826,1000.9949590592646,1000.9949590587339,1000.0000000022953,1003.9798362314099,1008.6875431627552
1003.3180003564592,1000.9949590596863,1002.9087715512869,1000.9949590584174,1006.1085297661826,1000.9949590592646,1000.9949590587339,1000.0000000022953,1003.9798362314099,1008.6875431627552
1003.3180003564592,1000.9949590596863,1002.9087715512869,1000.9949590584174,1006.1085297661826,1000.9949590592646,1000.9949590587339,1000.0000000022953,1003.9798362314099,1008.6875431627552
1003.3180003564592,1000.9949590596863,1002.9087715512869,1000.9949590584174,1006.1085297661826,1000.9949590592646,1000.9949590587339,1000.0000000022953,1003.9798362314099,1008.6875431627552
1003.3180003564592,1000.9949590596863,1002.9087715512869,1000.9949590584174,1006.1085297661826,1000.9949590592646,1000.9949590587339,1000.0000000022953,1003.9798362314099,1008.6875431627552
1003.3180003564592,1000.9949590596863,1002.9087715512869,1000.9949590584174,1006.1085297661826,1000.9949590592646,1000.9949590587339,1000.0000000022953,1003.9798362314099,1008.6875431627552
1003.3180003564592,1000.9949590596863,1002.9087715512869,1000.9949590584174,1006.1085297661826,1000.9949590592646,1000.9949590587339,1000.0000000022953,1003.9798362314099,1008.6875431627552
1003.3113418335969,1000.9949590596863,1002.9087715512869,1000.9949590584174,1006.1085297661826,1000.9949590592646,1000.9949590587339,1000.0000000022953,1003.9798362314099,1008.6875431627552
1003.251188792752,1000.9949590596863,1002.9087715512869,1000.9949590584174,1006.1085297661826,1000.9949590592646,1000.9949590587339,1000.0000000022953,1003.9798362310271,1008.6875431627552
1003.1241255562002,1000.9949590596863,1002.9087715512869,1000.9949590584174,1006.1085297661826,1000.9949590592646,1000.9949590587339,1000.0000000022953,1003.9798362301034,1008.6875431627552
1003.1241255562002,1000.9949590596863,1002.9087715512869,1000.9949590584174,1006.1085297661826,1000.9949590592646,1000.9949590587339,1000.0000000022953,1003.9798362299291,1008.6875431627552
1003.0086739127543,1000.9949590596863,1002.9087715512869,1000.9949590584174,1006.1085297661826,1000.9949590592646,1000.9949590587339,1000.0000000022953,1003.9798362296525,1008.6875431627552
1003.0086739127543,1000.9949590596863,1002.9087715512869,1000.9949590584174,1006.1085297661826,1000.9949590592646,1000.9949590587339,1000.000000002155,1003.9798362296525,1008.6875431627552
1003.0086739127543,1000.9949590596863,1002.9087715512869,1000.9949590584174,1006.1085297661826,1000.9949590592646,1000.9949590587339,1000.0000000017379,1003.9798362296085,1008.6875431627552
1003.0086739127543,1000.9949590596863,1002.9087715512869,1000.9949590584174,1006.1085297661826,1000.9949590592646,1000.9949590587339,1000.0000000016565,1003.9798362296085,1008.6875431627552
1003.0086739127543,1000.9949590596863,1002.9087715512869,1000.9949590584174,1006.1085297661826,1000.9949590592646,1000.9949590587339,1000.0000000016563,1003.9798362296085,1008.6875431627552
1003.0086739127543,1000.9949590596863,1002.9087715512869,1000.9949590584174,1006.1085297661826,1000.9949590592646,1000.9949590587339,1000.0000000016563,1003.9798362296085,1008.6875431627552
1003.0086739127543,1000.9949590596863,1002.9087715512869,1000.9949590584174,1006.1085297661826,1000.9949590592646,1000.9949590587339,1000.0000000016563,1003.9798362296085,1008.6875431627552
1003.0006391870742,1000.9949590596863,1002.9087715512869,1000.9949590584174,1006.1085297661826,1000.9949590592646,1000.9949590587339,1000.0000000016563,1003.9798362296085,1008.6875431627552
1002.9583245400318,1000.9949590596863,1002.9087715512869,1000.9949590584174,1006.1085297661826,1000.9949590592646,1000.9949590587339,1000.0000000016563,1003.9798362296085,1008.6875431627552
1002.9456693868125,1000.99495905937,1002.9087715512869,1000.9949590584174,1006.1085297661826,1000.9949590592646,1000.9949590587339,1000.0000000016563,1003.9798362296085,1008.6875431627552
1002.9342125853251,1000.9949590592796,1002.9087715512869,1000.9949590584174,1006.1085297661826,1000.9949590592646,1000.9949590587339,1000.0000000016563,1003.9798362296085,1008.6875431627552
1002.9223545159331,1000.9949590591879,1002.9087715512869,1000.9949590584174,1006.1085297661826,1000.9949590592646,1000.9949590587339,1000.0000000010542,1003.9798362296085,1008.6875431627552
1002.9223545159331,1000.9949590591879,1002.9087715512869,1000.9949590584174,1006.1085297661826,1000.9949590592646,1000.9949590587339,1000.0000000010542,1003.9798362296085,1008.6875431627552
1002.9223545159331,1000.9949590586998,1002.9087715512869,1000.9949590584174,1006.1085297661826,1000.9949590592646,1000.9949590587339,1000.0000000010542,1003.9798362296085,1008.6875431627552
1002.9223545159331,1000.9949590586998,1002.9087715512869,1000.9949590584174,1006.1085297661826,1000.9949590592646,1000.9949590587339,1000.0000000010542,1003.9798362292265,1008.6875431627552
1002.9084377712878,1000.9949590586998,1002.9087715512869,1000.9949590584174,1006.1085297661826,1000.9949590592646,1000.9949590587339,1000.0000000010542,1003.9798362292265,1008.6875431627552
1002.8472082524924,1000.9949590586998,1002.9087715512869,1000.9949590584174,1006.1085297661826,1000.9949590592646,1000.9949590587339,1000.0000000010542,1003.9798362292265,1008.6875431627552
1002.8472082524924,1000.9949590586998,1002.9087715512869,1000.9949590584174,1006.1085297661826,1000.9949590592646,1000.9949590586081,1000.0000000010542,1003.9798362292265,1008.6875431627552
1002.8267323365388,1000.9949590586998,1002.9087715512869,1000.9949590584174,1006.1085297661826,1000.9949590592646,1000.9949590583018,1000.0000000010542,1003.9798362292265,1008.6875431627552
1002.7286177747562,1000.9949590586998,1002.9087715512869,1000.9949590584174,1006.1085297661826,1000.9949590592646,1000.9949590579203,1000.0000000010542,1003.9798362292265,1008.6875431627552
1002.6959000085842,1000.9949590586998,1002.9087715512869,1000.9949590582081,1006.1085297661826,1000.9949590592646,1000.9949590578877,1000.0000000010542,1003.9798362292265,1008.6875431627552
1002.6959000085842,1000.9949590586998,1002.9087715512869,1000.9949590579619,1006.1085297661826,1000.9949590592646,1000.9949590577615,1000.0000000010542,1003.9798362292265,1008.6875431627552
1002.6959000085842,1000.9949590586998,1002.9087715512869,1000.9949590577821,1006.1085297661826,1000.9949590592646,1000.9949590577615,1000.0000000010542,1003.9798362292265,1008.6875431627552
1002.6959000085842,1000.9949590586998,1002.9087715512869,1000.9949590577705,1006.1085297661826,1000.9949590592646,1000.9949590577615,1000.0000000010542,1003.9798362292265,1008.6875431627552
1002.6959000085842,1000.9949590586998,1002.9087715512869,1000.994959057703,1006.1085297661826,1000.9949590592646,1000.9949590577615,1000.0000000010542,1003.9798362292265,1008.6875431627552
1002.6959000085842,1000.9949590586998,1002.9087715512869,1000.9949590577021,1006.1085297661826,1000.9949590592646,1000.9949590577615,1000.0000000010542,1003.9798362292265,1008.6875431627552
1002.6959000085842,1000.9949590586998,1002.9087715512869,1000.9949590577021,1006.1085297661826,1000.9949590592646,1000.9949590577615,1000.0000000010542,1003.9798362292265,1008.6875431627552
1002.6959000085842,1000.9949590586998,1002.9087715512869,1000.994959057695,1006.1085297661826,1000.9949590592646,1000.9949590577615,1000.0000000010542,1003.9798362292265,1008.6875431627552
1002.6959000085842,1000.9949590586998,1002.9087715512869,1000.9949590576932,1006.1085297661826,1000.9949590592646,1000.9949590577615,1000.0000000010542,1003.9798362292265,1008.6875431627552
1002.6959000085842,1000.9949590586998,1002.9087715512869,1000.9949590576932,1006.1085297661826,1000.9949590592646,1000.9949590577615,1000.0000000010542,1003.9798362290738,1008.6875431627552
1002.6959000085842,1000.9949590586998,1002.9087715512869,1000.9949590576932,1006.1085297661826,1000.9949590592646,1000.9949590577615,1000.0000000010542,1003.9798362289163,1008.6875431627552
1002.6959000085842,1000.9949590586998,1002.9087715512869,1000.9949590576932,1006.1085297661826,1000.9949590592646,1000.9949590577615,1000.0000000010542,1003.9798362289163,1008.6875431627552
1002.6959000085842,1000.9949590585184,1002.9087715512869,1000.9949590576932,1006.1085297661826,1000.9949590592646,1000.9949590577615,1000.0000000010542,1003.9798362289163,1008.6875431627552
1002.6959000085842,1000.9949590583522,1002.9087715512869,1000.9949590576932,1006.1085297661826,1000.9949590592646,1000.9949590577615,1000.0000000010542,1003.9798362289163,1008.6875431627552
1002.6959000085842,1000.994959058289,1002.9087715512869,1000.9949590576932,1006.1085297661826,1000.9949590592646,1000.9949590577615,1000.0000000010542,1003.9798362289163,1008.6875431627552
1002.6959000085842,1000.9949590582717,1002.9087715512869,1000.9949590576932,1006.1085297661826,1000.9949590592646,1000.9949590577615,1000.0000000010542,1003.9798362289163,1008.6875431627552
1002.6959000085842,1000.9949590581009,1002.9087715512869,1000.9949590576932,1006.1085297661826,1000.9949590592646,1000.9949590577615,1000.0000000010542,1003.9798362289163,1008.6875431627552
1002.6959000085842,1000.9949590581009,1002.9087715512869,1000.9949590576932,1006.1085297661826,1000.9949590592646,1000.9949590577615,1000.0000000010542,1003.9798362289163,1008.6875431627552
1002.6959000085842,1000.9949590581009,1002.9087715512869,1000.9949590576932,1006.1085297661826,1000.9949590592646,1000.9949590577615,1000.0000000010542,1003.9798362289163,1008.6875431627552
1002.6959000085842,1000.9949590581009,1002.9087715512869,1000.9949590576932,1006.1085297661826,1000.9949590592646,1000.9949590577615,1000.0000000010542,1003.9798362289163,1008.6875431627552
1002.6959000085842,1000.9949590581009,1002.9087715512869,1000.9949590576932,1006.1085297661826,1000.9949590592646,1000.9949590577615,1000.0000000010542,1003.9798362289163,1008.6875431627552
1002.6959000085842,1000.9949590581009,1002.9087715512869,1000.9949590576932,1006.1085297661826,1000.9949590592646,1000.9949590577615,1000.0000000010542,1003.9798362289163,1008.6875431627552
1002.6959000085842,1000.9949590581009,1002.9087715512869,1000.9949590576344,1006.1085297661826,1000.9949590592646,1000.9949590577615,1000.0000000010542,1003.9798362289163,1008.6875431627552
1002.6959000085842,1000.9949590581009,1002.9087715512869,1000.9949590575969,1006.1085297661826,1000.9949590592646,1000.9949590577615,1000.0000000010542,1003.9798362289163,1008.6875431627552
1002.6959000085842,1000.9949590581009,1002.9087715512869,1000.9949590575969,1006.1085297661826,1000.9949590592646,1000.9949590577615,1000.0000000010542,1003.9798362289163,1008.6875431627552
1002.6959000085842,1000.9949590581009,1002.9087715512869,1000.9949590575969,1006.1085297661826,1000.9949590592646,1000.9949590577615,1000.0000000010542,1003.9798362289163,1008.6875431627552
1002.6959000085842,1000.9949590581009,1002.9087715512869,1000.9949590575789,1006.1085297661826,1000.9949590592646,1000.9949590577615,1000.0000000010542,1003.9798362289163,1008.6875431627552
1002.6959000085842,1000.9949590581009,1002.9087715512869,1000.9949590575789,1006.1085297661826,1000.9949590592646,1000.9949590577615,1000.0000000010542,1003.9798362289163,1008.6875431627552
1002.6959000085842,1000.9949590581009,1002.5526329754844,1000.9949590575789,1006.1085297661826,1000.9949590592646,1000.9949590577615,1000.0000000010542,1003.9798362289163,1008.6875431627552
1002.6270190970527,1000.9949590581009,1002.5526329754844,1000.9949590575789,1006.1085297661826,1000.9949590592646,1000.994959057497,1000.0000000010542,1003.9798362289163,1008.6875431627552
1002.6270190970527,1000.9949590581009,1002.5526329754844,1000.9949590575789,1006.1085297661826,1000.9949590592646,1000.9949590574205,1000.0000000010542,1003.9798362289163,1008.6875431627552
1002.6270190970527,1000.9949590581009,1002.5526329754844,1000.9949590575789,1006.1085297661826,1000.9949590592646,1000.9949590573242,1000.0000000010542,1003.9798362289054,1008.6875431627552
1002.6134661748238,1000.9949590581009,1002.3342696018314,1000.9949590575789,1006.1085297661826,1000.9949590592646,1000.9949590573242,1000.0000000010542,1003.9798362288274,1008.6875431627552
1002.6025054756207,1000.9949590581009,1002.3204732148891,1000.9949590575789,1006.1085297661826,1000.9949590592646,1000.9949590573242,1000.0000000010542,1003.9798362288274,1008.6875431627552
1002.6025054756207,1000.9949590581009,1002.1712439392686,1000.9949590575789,1006.1085297661826,1000.9949590592646,1000.9949590573242,1000.0000000010542,1003.9798362288274,1008.6875431627552
1002.5993462777486,1000.9949590581009,1002.1391187014859,1000.9949590575789,1006.1085297661826,1000.9949590592646,1000.9949590573242,1000.0000000010542,1003.9798362288274,1008.6875431627552
1002.5411442862455,1000.9949590581009,1002.1391187014859,1000.9949590575789,1006.1085297661826,1000.9949590592646,1000.9949590573242,1000.0000000010542,1003.9798362288274,1008.6875431627552
1002.5411442862455,1000.9949590581009,1002.1391187014859,1000.9949590575789,1006.1085297661826,1000.9949590592646,1000.9949590573242,1000.0000000010542,1003.9798362288274,1008.6875431627552
1002.5211316729343,1000.9949590581009,1002.1391187014859,1000.994959057554,1006.1085297661826,1000.9949590592646,1000.9949590573242,1000.0000000010542,1003.9798362288274,1008.6875431627552
1002.5211316729343,1000.9949590581009,1002.1391187014859,1000.994959057471,1006.1085297661826,1000.9949590592646,1000.9949590573242,1000.0000000010542,1003.9798362288274,1008.6875431627552
1002.5211316729343,1000.9949590581009,1002.1391187014859,1000.9949590573402,1006.1085297661826,1000.9949590592646,1000.9949590573242,1000.0000000010542,1003.9798362288274,1008.6875431627552
1002.5116796373284,1000.9949590581009,1002.0994687641975,1000.9949590573402,1006.1085297661826,1000.9949590592646,1000.9949590573242,1000.0000000010542,1003.9798362288274,1008.6875431627552
1002.5116796373284,1000.9949590579956,1002.0813217971362,1000.9949590573402,1006.1085297661826,1000.9949590592646,1000.9949590573242,1000.0000000010542,1003.9798362288274,1008.6875431627552
1002.5116796373284,1000.9949590579956,1002.0813217971362,1000.9949590573402,1006.1085297661826,1000.9949590592646,1000.9949590573242,1000.0000000010542,1003.9798362288274,1008.6875431627552
1002.5116796373284,1000.9949590579646,1002.0813217971362,1000.9949590573402,1006.1085297661826,1000.9949590591801,1000.9949590573242,1000.0000000010542,1003.9798362288274,1008.6875431627552
1002.4992299839519,1000.9949590579646,1002.0813217971362,1000.9949590573402,1006.1085297661826,1000.9949590591801,1000.9949590573242,1000.0000000010542,1003.9798362288274,1008.6875431627552
1002.4785840513899,1000.9949590579646,1002.0813217971362,1000.9949590573402,1006.1085297661826,1000.9949590591801,1000.9949590573242,1000.0000000010542,1003.9798362288274,1008.6875431627552
1002.4785840513899,1000.9949590579646,1002.0813217971362,1000.9949590573402,1006.1085297661826,1000.9949590591801,1000.9949590573242,1000.0000000010542,1003.9798362288274,1008.6875431627552
1002.4615551133345,1000.9949590579646,1002.0813217971362,1000.9949590573402,1006.1085297661826,1000.9949590591801,1000.9949590573242,1000.0000000010542,1003.9798362288274,1008.6875431627552
1002.449493221,1000.9949590579646,1002.0813217971362,1000.9949590573402,1006.1085297661826,1000.9949590591801,1000.9949590573242,1000.0000000010542,1003.9798362288274,1008.6875431627552
1002.4186142187637,1000.994959057878,1002.0813217971362,1000.9949590573201,1006.1085297661826,1000.9949590591801,1000.9949590573242,1000.0000000010542,1003.9798362288274,1008.6875431627552
1002.3670129619107,1000.9949590578454,1002.0813217971362,1000.9949590573201,1006.1085297661826,1000.9949590591801,1000.9949590573242,1000.0000000010542,1003.9798362288274,1008.6875431627552
1002.3101739348585,1000.9949590577615,1002.0813217971362,1000.9949590573201,1006.1085297661826,1000.9949590591801,1000.9949590573242,1000.0000000010542,1003.9798362288274,1008.6875431627552
1002.3101739348585,1000.9949590576484,1002.0813217971362,1000.9949590573201,1006.1085297661826,1000.9949590591801,1000.9949590573242,1000.0000000010542,1003.9798362288274,1008.6875431627552
1002.3101739348585,1000.9949590576484,1002.0641744132446,1000.9949590573201,1006.1085297661826,1000.9949590589201,1000.9949590573242,1000.0000000010542,1003.9798362288274,1008.6875431627552
1002.3101739348585,1000.9949590575831,1002.0552680710205,1000.9949590573201,1006.1085297661826,1000.9949590582038,1000.9949590573242,1000.0000000010542,1003.9798362288274,1008.6875431627552
1002.3101739348585,1000.9949590575761,1002.0552680710205,1000.9949590573201,1006.1085297661826,1000.9949590578736,1000.9949590573242,1000.0000000010542,1003.9798362288274,1008.6875431627552
1002.3101739348585,1000.9949590575347,1002.0552680710205,1000.9949590573201,1006.1085297661826,1000.9949590577711,1000.9949590573242,1000.0000000010542,1003.9798362288274,1008.6875431627552
1002.3101739348585,1000.9949590575037,1002.0208458003674,1000.9949590573201,1006.1085297661826,1000.9949590576834,1000.9949590573242,1000.0000000010542,1003.9798362288274,1008.6875431627552
1002.3101739348585,1000.9949590574639,1002.0091457511074,1000.9949590573201,1006.1085297661826,1000.9949590576573,1000.9949590573242,1000.0000000010542,1003.9798362288274,1008.6875431627552
1002.3101739348585,1000.9949590574639,1002.0091457511074,1000.9949590573201,1006.1085297661826,1000.9949590576573,1000.9949590573242,1000.0000000010542,1003.9798362288274,1008.6875431627552
1002.3101739348585,1000.994959057418,1002.0091457511074,1000.9949590573201,1006.1085297661826,1000.9949590576184,1000.9949590573242,1000.0000000010542,1003.9798362288274,1008.6875431627552
1002.3101739348585,1000.9949590573415,1002.0091457511074,1000.9949590573201,1006.1085297661826,1000.9949590574632,1000.9949590573242,1000.0000000010542,1003.9798362288274,1008.6875431627552
1002.3101739348585,1000.9949590572755,1002.0091457511074,1000.9949590573201,1006.1085297661826,1000.9949590573817,1000.9949590573242,1000.0000000010542,1003.9798362288274,1008.6875431627552
1002.3101739348585,1000.9949590572755,1002.0091457511074,1000.9949590573201,1006.1085297661826,1000.9949590573817,1000.9949590573242,1000.0000000010542,1003.9798362288274,1008.6875431627552
1002.3101739348585,1000.9949590572755,1002.0091457511074,1000.9949590573201,1006.1085297661826,1000.9949590573817,1000.9949590573242,1000.0000000010542,1003.9798362288274,1008.6875431627552
1002.3101739348585,1000.9949590572755,1002.0091457511074,1000.9949590573201,1006.1085297661826,1000.9949590573817,1000.9949590573242,1000.0000000010542,1003.9798362288235,1008.6875431627552
1002.3101739348585,1000.9949590572755,1002.0091457511074,1000.9949590573201,1006.1085297661826,1000.9949590573817,1000.9949590573242,1000.0000000007699,1003.9798362286846,1008.6875431627552
1002.3101739348585,1000.9949590572755,1002.0091457511074,1000.9949590573201,1006.1085297661826,1000.9949590573817,1000.9949590573242,1000.0000000005228,1003.9798362286475,1008.6875431627552
1002.3101739348585,1000.9949590572755,1002.0091457511074,1000.9949590573201,1006.1085297661826,1000.9949590573817,1000.9949590573242,1000.0000000004248,1003.9798362285425,1008.6875431627552
1002.3101739348585,1000.9949590572755,1002.0091457511074,1000.9949590573201,1006.1085297661826,1000.9949590573817,1000.9949590573242,1000.0000000004248,1003.9798362285425,1008.6875431627552
1002.3101739348585,1000.9949590572755,1002.0091457511074,1000.9949590573201,1006.1085297661826,1000.9949590573817,1000.9949590573242,1000.0000000004248,1003.9798362285425,1008.6875431627552
1002.3101739348585,1000.9949590572755,1002.0091457511074,1000.9949590573201,1006.1085297661826,1000.9949590573817,1000.9949590573242,1000.0000000004248,1003.9798362285425,1008.6875431627552
1002.3101739348585,1000.9949590572755,1002.0091457511074,1000.9949590573201,1006.1085297661826,1000.9949590573817,1000.9949590573242,1000.0000000004248,1003.9798362285425,1008.6875431627552
1002.3101739348585,1000.9949590572755,1002.0091457511074,1000.9949590573201,1006.1085297661826,1000.9949590573817,1000.9949590573242,1000.0000000004248,1003.9798362285425,1008.6875431627552
1002.3101739348585,1000.9949590572755,1002.0091457511074,1000.9949590573201,1006.1085297661826,1000.9949590573817,1000.9949590573242,1000.0000000004248,1003.9798362285425,1008.6875431627552
1002.3101739348585,1000.9949590572755,1002.0091457511074,1000.9949590573201,1006.1085297661826,1000.9949590573817,1000.9949590573242,1000.0000000004248,1003.9798362285425,1008.6875431627552
1002.3101739348585,1000.9949590572755,1002.0091457511074,1000.9949590573201,1006.1085297661826,1000.9949590573301,1000.9949590573242,1000.0000000004248,1003.9798362285425,1008.6875431627552
1002.3101739348585,1000.9949590572755,1002.0091457511074,1000.9949590573201,1006.1085297661826,1000.9949590573301,1000.9949590573242,1000.0000000004248,1003.9798362285425,1008.6875431627552
1002.3101739348585,1000.9949590572755,1002.0091457511074,1000.9949590573161,1006.1085297661826,1000.9949590573301,1000.9949590573242,1000.0000000004248,1003.9798362285425,1008.6875431627552
1002.3101739348585,1000.9949590572755,1002.0091457511074,1000.9949590572496,1006.1085297661826,1000.9949590572843,1000.9949590573242,1000.0000000004248,1003.9798362285425,1008.6875431627552
1002.3101739348585,1000.9949590572755,1002.0091457511074,1000.9949590572496,1006.1085297661826,1000.9949590572729,1000.9949590573242,1000.0000000004248,1003.9798362285425,1008.6875431627552
1002.3101739348585,1000.9949590572755,1002.0091457511074,1000.9949590572496,1006.1085297661826,1000.9949590572729,1000.9949590573242,1000.0000000004248,1003.9798362285425,1008.6875431627552
1002.3101739348585,1000.9949590572755,1002.0091457511074,1000.9949590572496,1006.1085297661826,1000.9949590572729,1000.9949590573242,1000.0000000004248,1003.9798362285425,1008.6875431627552
1002.3101739348585,1000.9949590572755,1002.0091457511074,1000.9949590572496,1006.1085297661826,1000.9949590572729,1000.9949590573242,1000.0000000004248,1003.9798362285425,1008.6875431627552
1002.3101739348585,1000.9949590572755,1002.0091457511074,1000.9949590572496,1006.1085297661826,1000.9949590572729,1000.9949590573242,1000.0000000004248,1003.9798362285425,1008.6875431627552
1002.3101739348585,1000.9949590572755,1002.0091457511074,1000.9949590572496,1006.1085297661826,1000.9949590572729,1000.9949590573075,1000.0000000004248,1003.9798362285425,1008.6875431627552
1002.3101739348585,1000.9949590572755,1001.9246056836445,1000.9949590572496,1006.1085297661826,1000.9949590572729,1000.9949590573059,1000.0000000004248,1003.9798362285425,1008.6875431627552
1002.3101739348585,1000.9949590572755,1001.9246056836445,1000.9949590572496,1006.1085297661826,1000.9949590572729,1000.9949590573059,1000.0000000004248,1003.9798362285425,1008.6875431627552
1002.3101739348585,1000.9949590572755,1001.511915252378,1000.9949590572496,1006.1085297661826,1000.9949590572729,1000.9949590573059,1000.0000000004248,1003.9798362285425,1008.6875431627552
1002.3101739348585,1000.9949590572755,1001.511915252378,1000.9949590572496,1006.1085297661826,1000.9949590572729,1000.9949590573059,1000.0000000004248,1003.9798362285425,1008.6875431627552
1002.3101739348585,1000.9949590572755,1001.511915252378,1000.9949590572496,1006.1085297661826,1000.9949590572729,1000.9949590573059,1000.0000000004248,1003.9798362285425,1008.6875431627552
1002.3101739348585,1000.9949590572755,1001.511915252378,1000.9949590572496,1006.1085297661826,1000.9949590572729,1000.9949590573059,1000.0000000004248,1003.9798362285425,1008.6875431627552
1002.3101739348585,1000.9949590572755,1001.511915252378,1000.9949590572496,1006.1085297661826,1000.9949590572729,1000.9949590573059,1000.0000000004248,1003.9798362285425,1008.6875431627552
1002.3101739348585,1000.9949590572755,1001.511915252378,1000.9949590572496,1006.1085297661826,1000.9949590572729,1000.9949590573059,1000.0000000004248,1003.9798362285425,1008.6875431627552
1002.3101739348585,1000.9949590572755,1001.511915252378,1000.9949590572496,1006.1085297661826,1000.9949590572729,1000.9949590573059,1000.0000000004248,1003.9798362285425,1008.6875431627552
1002.3101739348585,1000.9949590572755,1001.511915252378,1000.9949590572496,1006.1085297661826,1000.9949590572729,1000.9949590573059,1000.0000000004248,1003.9798362285425,1008.6875431627552
1002.3101739348585,1000.9949590572755,1001.511915252378,1000.9949590572496,1006.1085297661826,1000.9949590572729,1000.9949590573059,1000.0000000004248,1003.9798362285425,1008.6875431627552
1002.3101739348585,1000.9949590572755,1001.511915252378,1000.994959057244,1006.1085297661826,1000.9949590572729,1000.9949590573059,1000.0000000004248,1003.9798362285425,1008.6875431627552
1002.3101739348585,1000.9949590572755,1001.511915252378,1000.994959057244,1006.1085297661826,1000.9949590572729,1000.9949590573059,1000.0000000004248,1003.9798362285425,1008.6875431627552
1002.3101739348585,1000.9949590572755,1001.511915252378,1000.994959057244,1006.1085297661826,1000.9949590572729,1000.9949590573059,1000.0000000004248,1003.9798362285425,1008.6875431627552
1002.3101739348585,1000.9949590572755,1001.511915252378,1000.994959057244,1006.1085297661826,1000.9949590572729,1000.9949590573059,1000.0000000004248,1003.9798362285425,1008.6875431627552
1002.3101739348585,1000.9949590572755,1001.511915252378,1000.994959057244,1006.1085297661826,1000.9949590572729,1000.9949590573059,1000.0000000004248,1003.9798362285425,1008.6875431627552
1002.3101739348585,1000.9949590572755,1001.511915252378,1000.994959057244,1006.1085297661826,1000.9949590572729,1000.9949590573059,1000.0000000004248,1003.9798362285425,1008.6875431627552
1002.3101739348585,1000.9949590572755,1001.511915252378,1000.994959057244,1006.1085297661826,1000.9949590572729,1000.9949590573059,1000.0000000004248,1003.9798362285425,1008.6875431627552
1002.3101739348585,1000.9949590572755,1001.511915252378,1000.994959057244,1006.1085297661826,1000.9949590572729,1000.9949590573059,1000.0000000004248,1003.9798362285425,1008.6875431627552
1002.3101739348585,1000.9949590572755,1001.511915252378,1000.994959057244,1006.1085297661826,1000.9949590572729,1000.9949590573059,1000.0000000004248,1003.9798362285425,1008.6875431627552
1002.3101739348585,1000.9949590572755,1001.511915252378,1000.994959057244,1006.1085297661826,1000.9949590572654,1000.9949590573059,1000.0000000004248,1003.9798362285425,1008.6875431627552
1002.3101739348585,1000.9949590572755,1001.511915252378,1000.994959057244,1006.1085297661826,1000.9949590572157,1000.9949590573059,1000.0000000004248,1003.9798362285425,1008.6875431627552
1002.3101739348585,1000.9949590572755,1001.511915252378,1000.994959057244,1006.1085297661826,1000.9949590572157,1000.9949590573029,1000.0000000004248,1003.9798362285425,1008.6875431627552
1002.3101739348585,1000.9949590572755,1001.511915252378,1000.994959057244,1006.1085297661826,1000.9949590572157,1000.9949590572464,1000.0000000004248,1003.9798362285425,1008.6875431627552
1002.3101739348585,1000.9949590572755,1001.511915252378,1000.994959057244,1006.1085297661826,1000.9949590572003,1000.9949590572203,1000.0000000004248,1003.9798362285379,1008.6875431627552
1002.3101739348585,1000.9949590572755,1001.511915252378,1000.994959057244,1006.1085297661826,1000.9949590572003,1000.9949590572203,1000.0000000004248,1003.9798362285379,1008.6875431627552
1002.3101739348585,1000.9949590572755,1001.511915252378,1000.994959057244,1006.1085297661826,1000.9949590572003,1000.9949590572203,1000.0000000004248,1003.9798362285379,1008.6875431627552
1002.3101739348585,1000.9949590572755,1001.511915252378,1000.994959057244,1006.1085297661826,1000.9949590572003,1000.9949590572203,1000.0000000004248,1003.9798362285379,1008.6875431627552
1002.3101739348585,1000.9949590572755,1001.511915252378,1000.994959057244,1006.1085297661826,1000.9949590572003,1000.9949590572203,1000.0000000004248,1003.9798362285379,1008.6875431627552
1002.3101739348585,1000.9949590572755,1001.511915252378,1000.994959057244,1006.1085297661826,1000.9949590572003,1000.9949590572203,1000.0000000004248,1003.9798362285379,1008.6875431627552
1002.3101739348585,1000.9949590572755,1001.511915252378,1000.994959057244,1006.1085297661826,1000.9949590572003,1000.9949590572203,1000.0000000004248,1003.9798362285379,1008.6875431627552
1002.3101739348585,1000.9949590572755,1001.511915252378,1000.994959057244,1006.1085297661826,1000.9949590572003,1000.9949590572203,1000.0000000004248,1003.9798362285379,1008.6875431627552
1002.3101739348585,1000.9949590572755,1001.511915252378,1000.994959057244,1006.1085297661826,1000.9949590572003,1000.9949590571941,1000.0000000004248,1003.9798362285379,1008.6875431627552
1002.248469789404,1000.9949590572755,1001.511915252378,1000.994959057244,1006.1085297661826,1000.9949590572003,1000.9949590571823,1000.0000000004248,1003.9798362285379,1008.6875431627552
1002.248469789404,1000.9949590572755,1001.511915252378,1000.994959057244,1006.1085297661826,1000.9949590572003,1000.9949590571823,1000.0000000004248,1003.979836228525,1008.6875431627552
1002.248469789404,1000.9949590572755,1001.511915252378,1000.994959057244,1006.1085297661826,1000.9949590572003,1000.9949590571823,1000.0000000004248,1003.9798362285042,1008.6875431627552
1002.248469789404,1000.9949590572755,1001.511915252378,1000.9949590572371,1006.1085297661826,1000.9949590572003,1000.9949590571791,1000.0000000004248,1003.9798362285042,1008.6875431627552
1002.2402144914172,1000.9949590572755,1001.511915252378,1000.994959057215,1006.1085297661826,1000.9949590572003,1000.9949590571407,1000.0000000004248,1003.9798362285042,1008.6875431627552
1002.2337128802369,1000.9949590572755,1001.511915252378,1000.994959057215,1006.1085297661826,1000.9949590572003,1000.994959057121,1000.0000000004248,1003.9798362285042,1008.6875431627552
1002.2275708820889,1000.9949590572755,1001.511915252378,1000.994959057215,1006.1085297661826,1000.9949590572003,1000.994959057121,1000.0000000004248,1003.9798362284871,1008.6875431627552
1002.225937915711,1000.9949590572755,1001.511915252378,1000.994959057215,1006.1085297661826,1000.9949590572003,1000.994959057121,1000.0000000004248,1003.9798362284773,1008.6875431627552
1002.2197692638154,1000.9949590572755,1001.511915252378,1000.994959057215,1006.1085297661826,1000.9949590572003,1000.994959057121,1000.0000000004248,1003.9798362284577,1008.6875431627552
1002.2099823749625,1000.9949590572755,1001.511915252378,1000.9949590572086,1006.1085297661826,1000.9949590572003,1000.994959057121,1000.0000000004248,1003.9798362284577,1008.6875431627552
1002.201935119506,1000.9949590572755,1001.511915252378,1000.9949590571935,1006.1085297661826,1000.9949590572003,1000.994959057121,1000.0000000004248,1003.9798362284577,1008.6875431627552
1002.1990203043536,1000.9949590572755,1001.511915252378,1000.9949590571844,1006.1085297661826,1000.9949590572003,1000.994959057121,1000.0000000004248,1003.9798362284577,1008.6875431627552
1002.192726132785,1000.9949590572755,1001.511915252378,1000.9949590571671,1006.1085297661826,1000.9949590572003,1000.994959057121,1000.0000000004248,1003.9798362284577,1008.6875431627552
1002.192726132785,1000.9949590572755,1001.511915252378,1000.9949590571671,1006.1085297661826,1000.9949590572003,1000.994959057121,1000.0000000004248,1003.9798362284577,1008.6875431627552
1002.192726132785,1000.9949590572755,1001.511915252378,1000.9949590571671,1006.1085297661826,1000.9949590572003,1000.994959057121,1000.0000000004248,1003.9798362284577,1008.6875431627552
1002.1913781353232,1000.9949590572755,1001.511915252378,1000.9949590571555,1006.1085297661826,1000.9949590572003,1000.994959057121,1000.0000000004248,1003.9798362284577,1008.6875431627552
1002.1913781353232,1000.9949590572755,1001.511915252378,1000.9949590571504,1006.1085297661826,1000.9949590572003,1000.994959057121,1000.0000000004248,1003.9798362284577,1008.6875431627552
1002.1872151855466,1000.9949590572755,1001.511915252378,1000.9949590571504,1006.1085297661826,1000.9949590572003,1000.994959057121,1000.0000000004248,1003.9798362284577,1008.6875431627552
1002.1841637486548,1000.9949590572755,1001.511915252378,1000.9949590571504,1006.1085297661826,1000.9949590572003,1000.994959057121,1000.0000000004248,1003.9798362284416,1008.6875431627552
1002.1738705294769,1000.9949590572755,1001.511915252378,1000.9949590571504,1006.1085297661826,1000.9949590572003,1000.994959057121,1000.0000000004248,1003.9798362284416,1008.6875431627552
1002.1738705294769,1000.9949590572755,1001.511915252378,1000.9949590571504,1006.1085297661826,1000.9949590572003,1000.994959057121,1000.0000000004248,1003.9798362284416,1008.6875431627552
1002.1738705294769,1000.9949590572755,1001.511915252378,1000.9949590571504,1006.1085297661826,1000.9949590572003,1000.994959057121,1000.0000000004248,1003.9798362284416,1008.6875431627552
1002.1727673058662,1000.9949590572755,1001.511915252378,1000.9949590571504,1006.1085297661826,1000.9949590572003,1000.994959057121,1000.0000000004248,1003.9798362284416,1008.6875431627552
1002.1727673058662,1000.9949590572755,1001.511915252378,1000.9949590571504,1006.1085297661826,1000.9949590572003,1000.994959057121,1000.0000000004248,1003.9798362284305,1008.6875431627552
1002.1727673058662,1000.9949590572755,1001.511915252378,1000.9949590571504,1006.1085297661826,1000.9949590572003,1000.994959057121,1000.0000000004248,1003.9798362284267,1008.6875431627552
1002.1727673058662,1000.9949590572755,1001.511915252378,1000.9949590571504,1006.1085297661826,1000.9949590572003,1000.994959057121,1000.0000000004248,1003.9798362284258,1008.6875431627552
1002.1727673058662,1000.9949590572755,1001.511915252378,1000.9949590571504,1006.1085297661826,1000.9949590572003,1000.994959057121,1000.0000000004248,1003.9798362284258,1008.6875431627552
1002.1727673058662,1000.9949590572755,1001.511915252378,1000.9949590571504,1006.1085297661826,1000.9949590572003,1000.994959057121,1000.0000000004248,1003.9798362284258,1008.6875431627552
1002.1727673058662,1000.9949590572755,1001.511915252378,1000.9949590571504,1006.1085297661826,1000.9949590572003,1000.994959057121,1000.0000000004248,1003.9798362284258,1008.6875431627552
1002.1727673058662,1000.9949590572755,1001.511915252378,1000.9949590571504,1006.1085297661826,1000.9949590572003,1000.994959057121,1000.0000000004248,1003.9798362284258,1008.6875431627552
1002.1547479027975,1000.9949590572351,1001.511915252378,1000.9949590571504,1006.1085297661826,1000.9949590572003,1000.994959057121,1000.0000000004248,1003.9798362284258,1008.6875431627552
1002.149330561563,1000.9949590572012,1001.511915252378,1000.9949590571504,1006.1085297661826,1000.9949590572003,1000.994959057121,1000.0000000004248,1003.9798362284258,1008.6875431627552
1002.12250134776,1000.9949590571895,1001.3206356714971,1000.9949590571504,1006.1085297661826,1000.9949590572003,1000.994959057121,1000.0000000004056,1003.9798362284258,1008.6875431627552
1002.0989112656305,1000.9949590571782,1001.3206356714971,1000.9949590571504,1006.1085297661826,1000.9949590572003,1000.994959057121,1000.0000000003894,1003.9798362284258,1008.6875431627552
1002.0989112656305,1000.9949590571613,1001.2328269989388,1000.9949590571504,1006.1085297661826,1000.9949590572003,1000.994959057121,1000.0000000003894,1003.9798362284258,1008.6875431627552
1002.0989112656305,1000.9949590571351,1001.2045912174575,1000.9949590571504,1006.1085297661826,1000.9949590572003,1000.994959057121,1000.0000000003894,1003.9798362284258,1008.6875431627552
1002.0987645940618,1000.9949590571289,1001.2045912174575,1000.9949590571504,1006.1085297661826,1000.9949590572003,1000.994959057121,1000.0000000003894,1003.9798362284258,1008.6875431627552
1002.075169120323,1000.9949590571289,1001.129778411668,1000.9949590571504,1006.1085297661826,1000.9949590572003,1000.994959057121,1000.0000000003894,1003.9798362284258,1008.6875431627552
1002.0726530764329,1000.9949590571289,1001.129778411668,1000.9949590571504,1006.1085297661826,1000.9949590572003,1000.994959057121,1000.0000000003894,1003.9798362284258,1008.6875431627552
1002.0726530764329,1000.9949590571289,1001.129778411668,1000.9949590571504,1006.1085297661826,1000.9949590572003,1000.994959057121,1000.0000000003894,1003.9798362284258,1008.6875431627552
1002.0707072497571,1000.9949590571289,1001.129778411668,1000.9949590571473,1006.1085297661826,1000.9949590572003,1000.994959057121,1000.0000000003894,1003.9798362284258,1008.6875431627552
1002.0707072497571,1000.9949590571289,1001.129778411668,1000.9949590571434,1006.1085297661826,1000.9949590572003,1000.994959057121,1000.0000000003894,1003.9798362284191,1008.6875431627552
1002.0679207346541,1000.9949590571289,1001.129778411668,1000.9949590571325,1006.1085297661826,1000.9949590572003,1000.994959057121,1000.0000000003894,1003.9798362284191,1008.6875431627552
1002.0679207346541,1000.9949590571289,1001.129778411668,1000.9949590571325,1006.1085297661826,1000.9949590572003,1000.994959057121,1000.0000000003894,1003.9798362284191,1008.6875431627552
1002.0650355840351,1000.9949590571289,1001.129778411668,1000.9949590571325,1006.1085297661826,1000.9949590572003,1000.994959057121,1000.0000000003894,1003.9798362284191,1008.6875431627552
1002.061066498359,1000.9949590571289,1001.1247553365047,1000.9949590571325,1006.1085297661826,1000.9949590572003,1000.994959057121,1000.0000000003894,1003.9798362284191,1008.6875431627552
1002.056896912982,1000.9949590571194,1001.1134751214199,1000.9949590571325,1006.1085297661826,1000.9949590572003,1000.994959057121,1000.0000000003423,1003.9798362284191,1008.6875431627552
1002.0551951218009,1000.9949590571129,1001.1029773731968,1000.9949590571325,1006.1085297661826,1000.9949590572003,1000.994959057121,1000.0000000002708,1003.9798362284191,1008.6875431627552
1002.0371279621854,1000.9949590571129,1001.0891243621126,1000.9949590571325,1006.1085297661826,1000.9949590572003,1000.994959057121,1000.0000000002344,1003.9798362284191,1008.6875431627552
1002.0334335392084,1000.9949590571129,1001.0756336951679,1000.9949590571325,1006.1085297661826,1000.9949590572003,1000.994959057121,1000.0000000002002,1003.9798362284191,1008.6875431627552
1002.0334335392084,1000.9949590571129,1001.066054974785,1000.9949590571325,1006.1085297661826,1000.9949590572003,1000.994959057121,1000.000000000173,1003.9798362284191,1008.6875431627552
1002.0334335392084,1000.9949590571129,1001.0658620551685,1000.9949590571325,1006.1085297661826,1000.9949590572003,1000.994959057121,1000.0000000000919,1003.9798362284191,1008.6875431627552
1002.0334335392084,1000.9949590571129,1001.0636306382742,1000.9949590571325,1006.1085297661826,1000.9949590572003,1000.994959057121,1000.0000000000766,1003.9798362284191,1008.6875431627552
1002.0334335392084,1000.9949590571129,1001.0620306647754,1000.9949590571325,1006.1085297661826,1000.9949590572003,1000.994959057121,1000.0000000000437,1003.9798362284191,1008.6875431627552
1002.0334335392084,1000.9949590571129,1001.060184541916,1000.9949590571325,1006.1085297661826,1000.9949590572003,1000.994959057121,1000.0000000000277,1003.9798362284191,1008.6875431627552
1002.0261900276887,1000.9949590571129,1001.0588497544236,1000.9949590571325,1006.1085297661826,1000.9949590572003,1000.994959057121,1000.0000000000264,1003.9798362284191,1008.6875431627552
1002.0261900276887,1000.9949590571129,1001.0565465327278,1000.9949590571325,1006.1085297661826,1000.9949590572003,1000.994959057121,1000.0000000000264,1003.9798362284191,1008.6875431627552
1002.0261900276887,1000.9949590571129,1001.0565465327278,1000.9949590571271,1006.1085297661826,1000.9949590572003,1000.994959057121,1000.0000000000264,1003.9798362284191,1008.6875431627552
1002.0261900276887,1000.9949590571129,1001.0565465327278,1000.9949590571251,1006.1085297661826,1000.9949590572003,1000.994959057121,1000.0000000000264,1003.9798362284191,1008.6875431627552
1002.0261900276887,1000.9949590571129,1001.0565465327278,1000.9949590571251,1006.1085297661826,1000.9949590572003,1000.994959057121,1000.0000000000264,1003.9798362284191,1008.6875431627552
1002.0261900276887,1000.9949590571129,1001.0564762110889,1000.9949590571251,1006.1085297661826,1000.9949590572003,1000.994959057121,1000.0000000000264,1003.9798362284191,1008.6875431627552
1002.0261900276887,1000.9949590571129,1001.0497554647262,1000.9949590571224,1006.1085297661826,1000.9949590572003,1000.994959057121,1000.0000000000264,1003.9798362284191,1008.6875431627552
1002.0252803981558,1000.9949590571129,1001.0497554647262,1000.9949590571173,1006.1085297661826,1000.9949590572003,1000.994959057121,1000.0000000000264,1003.9798362284191,1008.6875431627552
1002.0252803981558,1000.9949590571129,1001.0497554647262,1000.9949590571173,1006.1085297661826,1000.9949590572003,1000.994959057121,1000.0000000000264,1003.9798362284191,1008.6875431627552
1002.0216605791051,1000.9949590571129,1001.0465691341313,1000.9949590571173,1006.1085297661826,1000.9949590572003,1000.994959057121,1000.0000000000264,1003.9798362284191,1008.6875431627552
1002.0195998444615,1000.9949590571129,1001.0465691341313,1000.9949590571173,1006.1085297661826,1000.9949590572003,1000.994959057121,1000.0000000000264,1003.9798362284191,1008.6875431627552
1002.0195998444615,1000.9949590571129,1001.0442294646841,1000.9949590571173,1006.1085297661826,1000.9949590572003,1000.994959057121,1000.0000000000264,1003.9798362284191,1008.6875431627552
1002.0164675414173,1000.9949590571129,1001.0353968206464,1000.9949590571173,1006.1085297661826,1000.9949590572003,1000.994959057121,1000.0000000000264,1003.9798362284191,1008.6875431627552
1002.0164675414173,1000.9949590571129,1001.0353968206464,1000.9949590571173,1006.1085297661826,1000.9949590572003,1000.994959057121,1000.0000000000264,1003.9798362284191,1008.6875431627552
1002.0091100710295,1000.9949590571129,1001.0353968206464,1000.9949590571173,1006.1085297661826,1000.9949590572003,1000.994959057121,1000.0000000000264,1003.9798362284191,1008.6875431627552
1002.0091100710295,1000.9949590571129,1001.030893695943,1000.9949590571173,1006.1085297661826,1000.9949590572003,1000.994959057121,1000.0000000000264,1003.9798362284173,1008.6875431627552
1002.0091100710295,1000.9949590571129,1001.030893695943,1000.9949590571173,1006.1085297661826,1000.9949590572003,1000.994959057121,1000.0000000000264,1003.9798362284173,1008.6875431627552
1002.0091100710295,1000.9949590571129,1001.030893695943,1000.9949590571173,1006.1085297661826,1000.9949590572003,1000.994959057121,1000.0000000000264,1003.9798362284173,1008.6875431627552
1002.0091100710295,1000.9949590571129,1001.0291964662468,1000.9949590571173,1006.1085297661826,1000.9949590572003,1000.994959057121,1000.0000000000264,1003.9798362284173,1008.6875431627552
1002.0091100710295,1000.9949590571129,1001.0264429114801,1000.9949590571173,1006.1085297661826,1000.9949590572003,1000.994959057121,1000.0000000000264,1003.9798362284173,1008.6875431627552
1002.0091100710295,1000.9949590571129,1001.0263375811714,1000.9949590571173,1006.1085297661826,1000.9949590572003,1000.994959057121,1000.0000000000264,1003.9798362284173,1008.6875431627552
1002.0091100710295,1000.9949590571129,1001.0253606083182,1000.9949590571173,1006.1085297661826,1000.9949590571958,1000.994959057121,1000.0000000000264,1003.9798362284173,1008.6875431627552
1002.0091100710295,1000.9949590571129,1001.0235978512349,1000.9949590571173,1006.1085297661826,1000.9949590571782,1000.994959057121,1000.0000000000264,1003.9798362284173,1008.6875431627552
1002.0091100710295,1000.9949590571129,1001.0234228895639,1000.9949590571173,1006.1085297661826,1000.994959057155,1000.994959057121,1000.0000000000264,1003.9798362284173,1008.6875431627552
1002.0091100710295,1000.9949590571129,1001.0198754837452,1000.9949590571173,1006.1085297661826,1000.9949590571438,1000.994959057121,1000.0000000000264,1003.9798362284173,1008.6875431627552
1002.0091100710295,1000.9949590571129,1001.017211118565,1000.9949590571173,1006.1085297661826,1000.9949590571375,1000.9949590571147,1000.0000000000264,1003.9798362284173,1008.6875431627552
1002.0091100710295,1000.9949590571129,1001.0156943109757,1000.9949590571173,1006.1085297661826,1000.9949590571255,1000.9949590571026,1000.0000000000264,1003.9798362284167,1008.6875431627552
1002.0091100710295,1000.9949590571129,1001.0149631662489,1000.9949590571173,1006.1085297661826,1000.9949590571208,1000.9949590571011,1000.0000000000264,1003.9798362284167,1008.6875431627552
1002.0091100710295,1000.9949590571129,1001.0149145694749,1000.9949590571171,1006.1085297661826,1000.9949590571143,1000.9949590571011,1000.0000000000264,1003.9798362284128,1008.6875431627552
1002.0091100710295,1000.9949590571129,1001.0134433609559,1000.9949590571132,1006.1085297661826,1000.9949590571064,1000.9949590571011,1000.0000000000264,1003.9798362284128,1008.6875431627552
1002.0091100710295,1000.9949590571129,1001.0131741001504,1000.994959057112,1006.1085297661826,1000.994959057099,1000.9949590571011,1000.0000000000264,1003.9798362284128,1008.6875431627552
1002.0091100710295,1000.99495905711,1001.0127995186733,1000.9949590571113,1006.1085297661826,1000.994959057099,1000.9949590571011,1000.0000000000264,1003.9798362284128,1008.6875431627552
1002.0048139682938,1000.9949590571092,1001.012040076897,1000.99495905711,1006.1085297661826,1000.994959057099,1000.9949590571011,1000.000000000025,1003.9798362284128,1008.6875431627552
1002.0048139682938,1000.9949590571092,1001.0072692701481,1000.9949590571093,1006.1085297661826,1000.994959057099,1000.9949590571011,1000.0000000000227,1003.9798362284056,1008.6875431627552
1002.0048139682938,1000.9949590571092,1001.0072692701481,1000.9949590571093,1006.1085297661826,1000.994959057099,1000.9949590571011,1000.0000000000177,1003.9798362284013,1008.6875431627552
1002.0048139682938,1000.9949590571092,1001.0072692701481,1000.9949590571093,1006.1085297661826,1000.994959057099,1000.9949590571011,1000.0000000000144,1003.9798362283984,1008.6875431627552
1002.0048139682938,1000.9949590571092,1001.0072692701481,1000.9949590571093,1006.1085297661826,1000.994959057099,1000.9949590571011,1000.0000000000122,1003.9798362283958,1008.6875431627552
1002.0048139682938,1000.9949590571092,1001.0072692701481,1000.9949590571093,1006.1085297661826,1000.994959057099,1000.9949590571011,1000.0000000000088,1003.9798362283886,1008.6875431627552
1002.0048139682938,1000.9949590571092,1001.0072692701481,1000.9949590571093,1006.1085297661826,1000.994959057099,1000.9949590571011,1000.0000000000088,1003.9798362283856,1008.6875431627552
1002.0048139682938,1000.9949590571092,1001.0072692701481,1000.9949590571093,1006.1085297661826,1000.994959057099,1000.9949590571011,1000.0000000000088,1003.9798362283856,1008.6875431627552
1002.0048139682938,1000.9949590571092,1001.0072692701481,1000.9949590571093,1006.1085297661826,1000.994959057099,1000.9949590571011,1000.0000000000088,1003.9798362283856,1008.6875431627552
1002.0040784160188,1000.9949590571092,1001.0072692701481,1000.9949590571093,1006.1085297661826,1000.994959057099,1000.9949590571011,1000.0000000000088,1003.9798362283849,1008.6875431627552
1002.0015853117761,1000.9949590571092,1001.0072692701481,1000.9949590571065,1006.1085297661826,1000.994959057099,1000.9949590571011,1000.0000000000088,1003.9798362283835,1008.6875431627552
1002.0015853117761,1000.9949590571092,1001.0072692701481,1000.994959057106,1006.1085297661826,1000.994959057099,1000.9949590571011,1000.0000000000088,1003.9798362283825,1007.6509067992552
1002.0015853117761,1000.9949590571092,1001.0072692701481,1000.9949590571039,1006.1085297661826,1000.994959057099,1000.9949590571011,1000.0000000000088,1003.9798362283825,1007.6509067992552
1002.0015853117761,1000.9949590571092,1001.0072692701481,1000.9949590571015,1006.1085297661826,1000.994959057099,1000.9949590571011,1000.0000000000085,1003.9798362283825,1007.6509067992552
1002.0015853117761,1000.9949590571092,1001.0072692701481,1000.9949590571015,1006.1085297661826,1000.994959057099,1000.9949590571011,1000.0000000000073,1003.9798362283825,1007.6509067992552
1001.997998919237,1000.9949590571092,1001.0072692701481,1000.9949590571015,1006.1085297661826,1000.994959057099,1000.9949590571011,1000.000000000007,1003.9798362283825,1007.6509067992552
1001.997998919237,1000.9949590571092,1001.0072692701481,1000.9949590571015,1006.1085297661826,1000.994959057099,1000.9949590571011,1000.0000000000058,1003.9798362283825,1007.6509067992552
1001.997998919237,1000.9949590571092,1001.0072692701481,1000.9949590571014,1006.1085297661826,1000.994959057099,1000.9949590571011,1000.0000000000058,1003.9798362283825,1007.6509067992552
1001.997998919237,1000.9949590571092,1001.0072692701481,1000.9949590571014,1006.1085297661826,1000.994959057099,1000.9949590571011,1000.0000000000058,1003.9798362283825,1007.6509067992552
1001.9969791847069,1000.9949590571092,1001.0072692701481,1000.9949590571014,1006.1085297661826,1000.994959057099,1000.9949590571011,1000.0000000000023,1003.9798362283825,1007.6509067992552
1001.9959661419152,1000.9949590571092,1001.0072692701481,1000.9949590571,1006.1085297661826,1000.994959057099,1000.9949590571011,1000.0000000000023,1003.9798362283825,1007.6509067992552
1001.9955301228808,1000.9949590571092,1001.0072692701481,1000.9949590571,1006.1085297661826,1000.994959057099,1000.9949590571011,1000.0000000000023,1003.9798362283825,1007.6509067992552
1001.9951771713282,1000.9949590571092,1001.0055670289405,1000.9949590571,1006.1085297661826,1000.994959057099,1000.9949590571011,1000.0000000000023,1003.9798362283825,1007.6509067992552
1001.9948832524941,1000.9949590571092,1001.0053166533492,1000.9949590571,1006.1085297661826,1000.994959057099,1000.9949590571011,1000.0000000000023,1003.9798362283825,1007.6509067992552
1001.9948832524941,1000.9949590571092,1001.0030384824995,1000.9949590571,1006.1085297661826,1000.994959057099,1000.9949590571011,1000.0000000000023,1003.9798362283825,1007.6509067992552
1001.9948832524941,1000.9949590571092,1001.0030384824995,1000.9949590571,1006.1085297661826,1000.994959057099,1000.9949590571011,1000.0000000000023,1003.9798362283825,1007.6509067992552
1001.9948832524941,1000.9949590571085,1001.0019475312432,1000.9949590571,1006.1085297661826,1000.994959057099,1000.9949590571011,1000.0000000000023,1003.9798362283825,1007.6509067992552
1001.9948832524941,1000.9949590571085,1001.0019475312432,1000.9949590571,1006.1085297661826,1000.994959057099,1000.9949590571011,1000.0000000000023,1003.9798362283825,1007.6509067992552
1001.9948832524941,1000.9949590571085,1001.0019475312432,1000.9949590571,1006.1085297661826,1000.994959057099,1000.9949590571011,1000.0000000000023,1003.9798362283825,1007.6509067992552
1001.9948832524941,1000.9949590571085,1001.0001718708945,1000.9949590571,1006.1085297661826,1000.994959057099,1000.9949590571011,1000.0000000000023,1003.9798362283825,1007.6509067992552
1001.9948832524941,1000.9949590571085,1000.9994032498472,1000.9949590571,1006.1085297661826,1000.994959057099,1000.9949590571011,1000.0000000000023,1003.9798362283825,1007.6509067992552
1001.9948832524941,1000.9949590571085,1000.9985124400198,1000.9949590571,1006.1085297661826,1000.994959057099,1000.9949590571011,1000.0000000000023,1003.9798362283825,1007.6509067992552
1001.9948832524941,1000.9949590571085,1000.9985124400198,1000.9949590571,1006.1085297661826,1000.994959057099,1000.9949590571011,1000.0000000000023,1003.9798362283816,1007.6509067992552
1001.9948832524941,1000.9949590571085,1000.9974961034357,1000.9949590571,1006.1085297661826,1000.994959057099,1000.9949590571011,1000.0000000000023,1003.9798362283808,1007.6509067992552
1001.9948832524941,1000.9949590571085,1000.9974961034357,1000.9949590571,1006.1085297661826,1000.994959057099,1000.9949590571011,1000.0000000000023,1003.9798362283808,1007.6509067992552
1001.9948832524941,1000.9949590571085,1000.9974961034357,1000.9949590571,1006.1085297661826,1000.994959057099,1000.9949590571011,1000.0000000000023,1003.9798362283808,1007.6509067992552
1001.9948832524941,1000.9949590571085,1000.9974961034357,1000.9949590571,1006.1085297661826,1000.994959057099,1000.9949590571006,1000.0000000000023,1003.9798362283808,1007.6509067992552
1001.9948832524941,1000.9949590571085,1000.9974961034357,1000.9949590571,1006.1085297661826,1000.994959057099,1000.9949590571006,1000.0000000000023,1003.9798362283808,1007.6509067992552
1001.9948832524941,1000.9949590571085,1000.9974961034357,1000.9949590571,1006.1085297661826,1000.994959057099,1000.9949590571006,1000.0000000000023,1003.9798362283808,1007.6509067992552
1001.9948832524941,1000.9949590571085,1000.9969462179104,1000.9949590571,1006.1085297661826,1000.994959057099,1000.9949590571002,1000.0000000000023,1003.9798362283808,1007.6509067992552
1001.9948832524941,1000.9949590571085,1000.9969462179104,1000.9949590571,1006.1085297661826,1000.994959057099,1000.9949590570984,1000.0000000000023,1003.9798362283808,1007.6509067992552
1001.9948832524941,1000.9949590571085,1000.9969462179104,1000.9949590571,1006.1085297661826,1000.994959057099,1000.9949590570984,1000.0000000000023,1003.9798362283808,1007.6509067992552
1001.9929872734261,1000.9949590571085,1000.9969462179104,1000.9949590571,1006.1085297661826,1000.994959057099,1000.9949590570984,1000.0000000000023,1003.9798362283808,1007.6509067992552
1001.99293791418,1000.9949590571085,1000.9969462179104,1000.9949590571,1006.1085297661826,1000.994959057099,1000.9949590570984,1000.0000000000023,1003.9798362283808,1007.6509067992552
1001.9922660599356,1000.9949590571064,1000.9966514273185,1000.9949590571,1006.1085297661826,1000.994959057099,1000.9949590570984,1000.0000000000023,1003.9798362283798,1007.6509067992552
1001.9918031597673,1000.9949590571015,1000.9966514273185,1000.9949590571,1006.1085297661826,1000.994959057099,1000.9949590570984,1000.0000000000023,1003.9798362283796,1007.6509067992552
1001.9918031597673,1000.9949590571015,1000.996185862589,1000.9949590571,1006.1085297661826,1000.994959057099,1000.9949590570984,1000.0000000000023,1003.9798362283796,1007.6509067992552
1001.9918031597673,1000.9949590571015,1000.996185862589,1000.9949590571,1006.1085297661826,1000.994959057099,1000.9949590570984,1000.0000000000023,1003.9798362283796,1007.6509067992552
1001.9918031597673,1000.9949590571015,1000.995951979728,1000.9949590571,1006.1085297661826,1000.994959057099,1000.9949590570974,1000.0000000000023,1003.9798362283796,1007.6509067992552
1001.9918031597673,1000.9949590571015,1000.995951979728,1000.9949590571,1006.1085297661826,1000.994959057099,1000.9949590570959,1000.0000000000023,1003.9798362283796,1007.6509067992552
1001.9918031597673,1000.9949590571015,1000.995951979728,1000.9949590571,1006.1085297661826,1000.994959057099,1000.9949590570959,1000.0000000000023,1003.9798362283796,1007.6509067992552
1001.9918031597673,1000.9949590571015,1000.995934755062,1000.9949590571,1006.1085297661826,1000.994959057099,1000.9949590570959,1000.0000000000023,1003.9798362283796,1007.6509067992552
1001.9918031597673,1000.9949590571015,1000.9958133818645,1000.9949590571,1006.1085297661826,1000.994959057099,1000.9949590570959,1000.0000000000023,1003.9798362283796,1007.6509067992552
1001.9918031597673,1000.9949590571015,1000.9957680082144,1000.9949590571,1006.1085297661826,1000.994959057099,1000.9949590570959,1000.0000000000023,1003.9798362283796,1007.6509067992552
1001.9918031597673,1000.9949590571015,1000.9957528097611,1000.9949590571,1006.1085297661826,1000.994959057099,1000.9949590570957,1000.0000000000023,1003.9798362283796,1007.6509067992552
1001.9918031597673,1000.9949590571015,1000.9956762644188,1000.9949590571,1006.1085297661826,1000.994959057099,1000.9949590570957,1000.0000000000023,1003.9798362283796,1007.6509067992552
1001.9918031597673,1000.9949590571015,1000.9955806944257,1000.9949590571,1006.1085297661826,1000.994959057099,1000.9949590570957,1000.0000000000023,1003.9798362283796,1007.6509067992552
1001.9918031597673,1000.9949590571015,1000.9955239497132,1000.9949590571,1006.1085297661826,1000.994959057099,1000.9949590570957,1000.0000000000023,1003.9798362283796,1007.6509067992552
1001.9918031597673,1000.9949590571015,1000.9954543734017,1000.9949590571,1006.1085297661826,1000.994959057099,1000.9949590570957,1000.0000000000023,1003.9798362283796,1007.6509067992552
1001.9918031597673,1000.9949590571015,1000.9952976134279,1000.9949590571,1006.1085297661826,1000.994959057099,1000.9949590570957,1000.0000000000023,1003.9798362283796,1007.6509067992552
1001.9918031597673,1000.9949590571015,1000.9952976134279,1000.9949590571,1006.1085297661826,1000.994959057099,1000.9949590570957,1000.0000000000023,1003.9798362283796,1007.6509067992552
1001.9918031597673,1000.9949590571015,1000.9952976134279,1000.9949590571,1006.1085297661826,1000.994959057099,1000.9949590570957,1000.0000000000023,1003.9798362283796,1007.6509067992552
1001.9918031597673,1000.9949590571015,1000.9952937831647,1000.9949590571,1006.1085297661826,1000.994959057099,1000.9949590570957,1000.0000000000023,1003.9798362283796,1007.6509067992552
1001.990931583453,1000.9949590571015,1000.995258679226,1000.9949590571,1006.1085297661826,1000.994959057099,1000.9949590570957,1000.0000000000023,1003.9798362283788,1007.6509067992552
1001.990931583453,1000.9949590571015,1000.9952020897902,1000.9949590571,1006.1085297661826,1000.994959057099,1000.9949590570957,1000.0000000000023,1003.9798362283784,1007.6509067992552
1001.990931583453,1000.9949590571015,1000.9952020897902,1000.9949590571,1006.1085297661826,1000.994959057099,1000.9949590570957,1000.0000000000023,1003.9798362283784,1007.6509067992552
1001.990931583453,1000.9949590571015,1000.9951885120139,1000.9949590571,1006.1085297661826,1000.994959057099,1000.9949590570957,1000.0000000000023,1003.9798362283784,1007.6509067992552
1001.990913089263,1000.9949590571015,1000.9951429602065,1000.9949590571,1006.1085297661826,1000.994959057099,1000.9949590570957,1000.0000000000023,1003.9798362283776,1007.6509067992552
1001.9908545771515,1000.9949590571008,1000.9951340418348,1000.9949590571,1006.1085297661826,1000.994959057099,1000.9949590570957,1000.0000000000023,1003.9798362283772,1007.6509067992552
1001.9907492722716,1000.9949590570997,1000.9951332617636,1000.9949590571,1006.1085297661826,1000.994959057099,1000.9949590570957,1000.0000000000023,1003.9798362283772,1007.6509067992552
1001.9905974706762,1000.9949590570997,1000.9951332617636,1000.9949590571,1006.1085297661826,1000.994959057099,1000.9949590570957,1000.0000000000023,1003.9798362283772,1007.6509067992552
1001.990390557074,1000.9949590570997,1000.9950972713165,1000.9949590571,1006.1085297661826,1000.994959057099,1000.9949590570957,1000.0000000000023,1003.9798362283772,1007.6509067992552
1001.990390557074,1000.9949590570989,1000.9950796257324,1000.9949590571,1006.1085297661826,1000.994959057099,1000.9949590570957,1000.0000000000023,1003.9798362283772,1007.6509067992552
1001.990390557074,1000.9949590570989,1000.9950796257324,1000.9949590571,1006.1085297661826,1000.994959057099,1000.9949590570957,1000.0000000000023,1003.9798362283772,1007.6509067992552
1001.990390557074,1000.9949590570989,1000.9950796257324,1000.9949590571,1006.1085297661826,1000.994959057099,1000.9949590570957,1000.0000000000023,1003.9798362283772,1007.6509067992552
1001.990390557074,1000.9949590570989,1000.9950796257324,1000.9949590571,1006.1085297661826,1000.994959057099,1000.9949590570957,1000.0000000000023,1003.9798362283772,1007.6509067992552
1001.990390557074,1000.9949590570989,1000.9950796257324,1000.9949590570992,1006.1085297661826,1000.994959057099,1000.9949590570957,1000.0000000000023,1003.9798362283772,1007.6509067992552
1001.990390557074,1000.9949590570989,1000.9950796257324,1000.9949590570981,1006.1085297661826,1000.994959057099,1000.9949590570957,1000.0000000000023,1003.9798362283764,1007.6509067992552
1001.990390557074,1000.9949590570989,1000.9950663640284,1000.9949590570973,1006.1085297661826,1000.994959057099,1000.9949590570957,1000.0000000000023,1003.9798362283753,1007.6509067992552
1001.990390557074,1000.9949590570989,1000.9950484441969,1000.9949590570973,1006.1085297661826,1000.994959057099,1000.9949590570957,1000.0000000000023,1003.9798362283753,1007.6509067992552
1001.990390557074,1000.9949590570989,1000.9950405825034,1000.9949590570973,1006.1085297661826,1000.994959057099,1000.9949590570957,1000.0000000000023,1003.9798362283753,1007.6509067992552
1001.990390557074,1000.9949590570989,1000.9950405825034,1000.9949590570967,1006.1085297661826,1000.994959057099,1000.9949590570957,1000.0000000000023,1003.9798362283753,1007.6509067992552
1001.990344912591,1000.9949590570989,1000.9950340906979,1000.9949590570967,1006.1085297661826,1000.994959057099,1000.9949590570957,1000.0000000000023,1003.9798362283753,1007.6509067992552
1001.990253698776,1000.9949590570989,1000.9950284062483,1000.9949590570961,1006.1085297661826,1000.994959057099,1000.9949590570957,1000.0000000000023,1003.9798362283753,1007.6509067992552
1001.9902104316052,1000.9949590570989,1000.9950155603176,1000.9949590570958,1006.1085297661826,1000.994959057099,1000.9949590570957,1000.0000000000023,1003.9798362283753,1007.6509067992552
1001.9902028251511,1000.9949590570989,1000.9950049358932,1000.9949590570956,1006.1085297661826,1000.994959057099,1000.9949590570957,1000.0000000000023,1003.9798362283753,1007.6509067992552
1001.9901994224931,1000.9949590570989,1000.9949930497365,1000.9949590570956,1006.1085297661826,1000.994959057099,1000.9949590570957,1000.0000000000022,1003.9798362283753,1007.6509067992552
1001.9901994224931,1000.9949590570989,1000.9949882859187,1000.9949590570956,1006.1085297661826,1000.994959057099,1000.9949590570957,1000.0000000000018,1003.9798362283753,1007.6509067992552
1001.9901994224931,1000.9949590570989,1000.9949823342345,1000.9949590570956,1006.1085297661826,1000.994959057099,1000.9949590570957,1000.0000000000017,1003.9798362283753,1007.6509067992552
1001.9901994224931,1000.9949590570989,1000.9949772449725,1000.9949590570956,1006.1085297661826,1000.994959057099,1000.9949590570957,1000.0000000000017,1003.9798362283753,1007.6509067992552
1001.9901994224931,1000.9949590570989,1000.9949753369106,1000.9949590570956,1006.1085297661826,1000.994959057099,1000.9949590570957,1000.0000000000017,1003.9798362283753,1007.6509067992552
1001.9901994224931,1000.9949590570981,1000.9949753369106,1000.9949590570956,1006.1085297661826,1000.994959057099,1000.9949590570957,1000.0000000000017,1003.9798362283753,1007.6509067992552
1001.9901535413045,1000.9949590570975,1000.9949753369106,1000.9949590570956,1006.1085297661826,1000.994959057099,1000.9949590570957,1000.000000000001,1003.9798362283753,1007.6509067992552
1001.9901535413045,1000.9949590570968,1000.9949716736842,1000.9949590570956,1006.1085297661826,1000.994959057099,1000.9949590570957,1000.0000000000008,1003.9798362283753,1007.6509067992552
1001.9901535413045,1000.9949590570965,1000.9949693417391,1000.9949590570956,1006.1085297661826,1000.994959057099,1000.9949590570957,1000.0000000000008,1003.9798362283753,1007.6509067992552
1001.990144055086,1000.9949590570965,1000.9949693417391,1000.9949590570956,1006.1085297661826,1000.994959057099,1000.9949590570957,1000.0000000000008,1003.9798362283753,1007.6509067992552
1001.990143758367,1000.9949590570965,1000.9949693417391,1000.9949590570956,1006.1085297661826,1000.994959057099,1000.9949590570957,1000.0000000000008,1003.9798362283753,1007.6509067992552
1001.990143758367,1000.9949590570961,1000.9949693417391,1000.9949590570951,1006.1085297661826,1000.994959057099,1000.9949590570957,1000.0000000000008,1003.9798362283746,1007.6509067992552
1001.990138971781,1000.9949590570953,1000.9949693417391,1000.9949590570945,1006.1085297661826,1000.994959057099,1000.9949590570957,1000.0000000000008,1003.9798362283746,1007.6509067992552
1001.9901216979734,1000.9949590570952,1000.9949693417391,1000.9949590570945,1006.1085297661826,1000.994959057099,1000.9949590570957,1000.0000000000008,1003.9798362283742,1007.6509067992552
1001.9900637873512,1000.9949590570951,1000.9949674695222,1000.9949590570945,1006.1085297661826,1000.994959057099,1000.9949590570957,1000.0000000000008,1003.9798362283742,1007.6509067992552
1001.9900215715588,1000.9949590570947,1000.9949653615421,1000.9949590570945,1006.1085297661826,1000.994959057099,1000.9949590570957,1000.0000000000008,1003.9798362283742,1007.6509067992552
1001.9900215715588,1000.9949590570947,1000.9949644229719,1000.9949590570945,1006.1085297661826,1000.994959057099,1000.9949590570957,1000.0000000000008,1003.9798362283742,1007.6509067992552
1001.9900215715588,1000.9949590570947,1000.9949644229719,1000.9949590570945,1006.1085297661826,1000.994959057099,1000.9949590570957,1000.0000000000007,1003.9798362283742,1007.6509067992552
1001.9899625274938,1000.9949590570947,1000.9949644229719,1000.9949590570945,1006.1085297661826,1000.994959057099,1000.9949590570957,1000.0000000000007,1003.9798362283742,1007.6509067992552
1001.9899625274938,1000.9949590570947,1000.9949644229719,1000.9949590570945,1006.1085297661826,1000.994959057099,1000.9949590570956,1000.0000000000007,1003.9798362283742,1007.6509067992552
1001.9899625274938,1000.9949590570947,1000.9949644229719,1000.9949590570945,1006.1085297661826,1000.994959057099,1000.9949590570951,1000.0000000000007,1003.9798362283742,1007.6509067992552
1001.9899625274938,1000.9949590570947,1000.9949644229719,1000.9949590570945,1006.1085297661826,1000.994959057099,1000.9949590570945,1000.0000000000007,1003.9798362283742,1007.6509067992552
1001.9899625274938,1000.9949590570947,1000.9949644229719,1000.9949590570945,1006.1085297661826,1000.994959057099,1000.9949590570945,1000.0000000000007,1003.9798362283742,1007.6509067992552
1001.989958309484,1000.9949590570947,1000.9949641443352,1000.9949590570945,1006.1085297661826,1000.994959057099,1000.9949590570945,1000.0000000000007,1003.9798362283742,1007.6509067992552
1001.9899551499494,1000.9949590570947,1000.9949633252792,1000.9949590570945,1006.1085297661826,1000.994959057099,1000.9949590570941,1000.0000000000007,1003.9798362283742,1007.6509067992552
1001.989948195952,1000.9949590570947,1000.9949625795765,1000.9949590570945,1006.1085297661826,1000.994959057099,1000.9949590570939,1000.0000000000007,1003.9798362283742,1007.6509067992552
1001.989948195952,1000.9949590570947,1000.9949622965016,1000.9949590570945,1006.1085297661826,1000.994959057099,1000.9949590570939,1000.0000000000007,1003.9798362283742,1007.6509067992552
1001.989948195952,1000.9949590570947,1000.9949622965016,1000.9949590570945,1006.1085297661826,1000.994959057099,1000.9949590570939,1000.0000000000007,1003.9798362283742,1007.6509067992552
1001.9899332871562,1000.9949590570942,1000.9949622965016,1000.9949590570945,1006.1085297661826,1000.994959057099,1000.9949590570939,1000.0000000000007,1003.9798362283742,1007.6509067992552
1001.9899332871562,1000.9949590570942,1000.9949622965016,1000.9949590570945,1006.1085297661826,1000.994959057099,1000.9949590570939,1000.0000000000007,1003.9798362283742,1007.6509067992552
1001.9899332871562,1000.9949590570942,1000.9949613329704,1000.9949590570945,1006.1085297661826,1000.994959057099,1000.9949590570939,1000.0000000000007,1003.9798362283742,1007.6509067992552
1001.9899288894923,1000.9949590570942,1000.9949613329704,1000.9949590570943,1006.1085297661826,1000.994959057099,1000.9949590570939,1000.0000000000007,1003.9798362283742,1007.6509067992552
1001.9899277612905,1000.9949590570942,1000.9949613329704,1000.9949590570941,1006.1085297661826,1000.994959057099,1000.9949590570939,1000.0000000000007,1003.9798362283742,1007.6509067992552
1001.989925226834,1000.9949590570942,1000.9949611263713,1000.9949590570941,1006.1085297661826,1000.994959057099,1000.9949590570939,1000.0000000000007,1003.9798362283742,1007.6509067992552
1001.989924771219,1000.9949590570942,1000.9949606413046,1000.9949590570941,1006.1085297661826,1000.994959057099,1000.9949590570939,1000.0000000000007,1003.9798362283742,1007.6509067992552
1001.989924771219,1000.9949590570942,1000.9949604887746,1000.994959057094,1006.1085297661826,1000.994959057099,1000.9949590570939,1000.0000000000006,1003.9798362283742,1007.6509067992552
1001.989924771219,1000.9949590570942,1000.9949604816345,1000.994959057094,1006.1085297661826,1000.994959057099,1000.9949590570939,1000.0000000000006,1003.9798362283742,1007.6509067992552
1001.989924771219,1000.9949590570942,1000.9949604816345,1000.994959057094,1006.1085297661826,1000.994959057099,1000.9949590570939,1000.0000000000006,1003.9798362283742,1007.6509067992552
1001.989924771219,1000.9949590570942,1000.9949603634818,1000.994959057094,1006.1085297661826,1000.994959057099,1000.9949590570939,1000.0000000000006,1003.9798362283742,1007.6509067992552
1001.989924771219,1000.9949590570942,1000.9949600916902,1000.994959057094,1006.1085297661826,1000.994959057099,1000.9949590570939,1000.0000000000006,1003.9798362283742,1007.6509067992552
1001.989924771219,1000.9949590570942,1000.9949600450423,1000.994959057094,1006.1085297661826,1000.994959057099,1000.9949590570939,1000.0000000000006,1003.9798362283742,1007.6509067992552
1001.989924771219,1000.9949590570942,1000.9949599730869,1000.994959057094,1006.1085297661826,1000.994959057099,1000.9949590570939,1000.0000000000006,1003.9798362283742,1007.6509067992552
1001.989924771219,1000.9949590570942,1000.9949597993159,1000.994959057094,1006.1085297661826,1000.994959057099,1000.9949590570939,1000.0000000000006,1003.9798362283742,1007.6509067992552
1001.989924771219,1000.9949590570942,1000.9949597993159,1000.994959057094,1006.1085297661826,1000.994959057099,1000.9949590570938,1000.0000000000006,1003.9798362283742,1007.6509067992552
1001.989924771219,1000.9949590570942,1000.9949597993159,1000.994959057094,1006.1085297661826,1000.994959057099,1000.9949590570935,1000.0000000000006,1003.9798362283742,1007.6509067992552
1001.989924771219,1000.9949590570942,1000.9949597993159,1000.994959057094,1006.1085297661826,1000.994959057099,1000.9949590570935,1000.0000000000006,1003.9798362283742,1007.6509067992552
1001.9899232567267,1000.9949590570942,1000.9949597993159,1000.994959057094,1006.1085297661826,1000.994959057099,1000.9949590570935,1000.0000000000006,1003.9798362283742,1007.6509067992552
1001.9899232567267,1000.9949590570942,1000.9949597437302,1000.994959057094,1006.1085297661826,1000.994959057099,1000.9949590570934,1000.0000000000006,1003.9798362283742,1007.6509067992552
1001.9899232567267,1000.9949590570942,1000.9949596167951,1000.994959057094,1006.1085297661826,1000.9949590570985,1000.9949590570934,1000.0000000000006,1003.9798362283742,1007.6509067992552
1001.9899221545253,1000.9949590570942,1000.9949594527818,1000.994959057094,1006.1085297661826,1000.9949590570977,1000.9949590570934,1000.0000000000006,1003.9798362283742,1007.6509067992552
1001.9899216509682,1000.9949590570942,1000.9949594527818,1000.994959057094,1006.1085297661826,1000.9949590570974,1000.9949590570934,1000.0000000000006,1003.9798362283742,1007.6509067992552
1001.989920948217,1000.9949590570942,1000.9949593925617,1000.994959057094,1006.1085297661826,1000.9949590570968,1000.9949590570934,1000.0000000000006,1003.9798362283742,1007.6509067992552
1001.9899206505116,1000.9949590570942,1000.994959341926,1000.994959057094,1006.1085297661826,1000.9949590570968,1000.9949590570934,1000.0000000000006,1003.9798362283742,1007.6509067992552
1001.9899206505116,1000.9949590570942,1000.9949592844763,1000.994959057094,1006.1085297661826,1000.9949590570968,1000.9949590570934,1000.0000000000006,1003.9798362283742,1007.6509067992552
1001.9899206505116,1000.9949590570942,1000.9949592844763,1000.994959057094,1006.1085297661826,1000.9949590570966,1000.9949590570934,1000.0000000000006,1003.979836228374,1007.6509067992552
1001.9899206505116,1000.9949590570942,1000.9949592844763,1000.994959057094,1006.1085297661826,1000.9949590570959,1000.9949590570934,1000.0000000000006,1003.9798362283738,1007.6509067992552
1001.9899206505116,1000.9949590570942,1000.9949592788116,1000.994959057094,1006.1085297661826,1000.9949590570953,1000.9949590570934,1000.0000000000006,1003.9798362283738,1007.6509067992552
1001.9899206505116,1000.9949590570942,1000.9949592724942,1000.994959057094,1006.1085297661826,1000.9949590570948,1000.9949590570934,1000.0000000000006,1003.9798362283738,1007.6509067992552
1001.9899206505116,1000.9949590570942,1000.9949592636024,1000.994959057094,1006.1085297661826,1000.9949590570947,1000.9949590570934,1000.0000000000006,1003.9798362283738,1007.6509067992552
1001.9899206505116,1000.9949590570942,1000.9949592521381,1000.994959057094,1006.1085297661826,1000.9949590570944,1000.9949590570934,1000.0000000000006,1003.9798362283738,1007.6509067992552
1001.9899206505116,1000.9949590570942,1000.9949592487011,1000.994959057094,1006.1085297661826,1000.9949590570943,1000.9949590570934,1000.0000000000006,1003.9798362283738,1007.6509067992552
1001.9899206505116,1000.9949590570942,1000.9949592403817,1000.994959057094,1006.1085297661826,1000.9949590570943,1000.9949590570934,1000.0000000000006,1003.9798362283738,1007.6509067992552
1001.9899206505116,1000.9949590570942,1000.9949591989218,1000.994959057094,1006.1085297661826,1000.9949590570943,1000.9949590570934,1000.0000000000006,1003.9798362283738,1007.6509067992552
1001.9899205718151,1000.9949590570942,1000.9949591664677,1000.994959057094,1006.1085297661826,1000.9949590570943,1000.9949590570934,1000.0000000000006,1003.9798362283738,1007.6509067992552
1001.9899200372543,1000.9949590570942,1000.9949591513126,1000.994959057094,1006.1085297661826,1000.9949590570942,1000.9949590570934,1000.0000000000006,1003.9798362283738,1007.6509067992552
1001.989919664047,1000.9949590570942,1000.9949591461692,1000.994959057094,1006.1085297661826,1000.9949590570941,1000.9949590570934,1000.0000000000006,1003.9798362283738,1007.6509067992552
1001.9899186308215,1000.9949590570942,1000.9949591269286,1000.994959057094,1006.1085297661826,1000.9949590570938,1000.9949590570934,1000.0000000000006,1003.9798362283738,1007.6509067992552
1001.9899186308215,1000.9949590570942,1000.9949591108266,1000.994959057094,1006.1085297661826,1000.9949590570936,1000.9949590570934,1000.0000000000006,1003.9798362283738,1007.6509067992552
1001.9899186308215,1000.9949590570942,1000.9949591108266,1000.994959057094,1006.1085297661826,1000.9949590570936,1000.9949590570934,1000.0000000000006,1003.9798362283738,1007.6509067992552
1001.9899186308215,1000.9949590570942,1000.9949591108266,1000.994959057094,1006.1085297661826,1000.9949590570936,1000.9949590570934,1000.0000000000006,1003.9798362283738,1007.6509067992552
1001.9899186308215,1000.9949590570942,1000.9949591108266,1000.994959057094,1006.1085297661826,1000.9949590570936,1000.9949590570934,1000.0000000000006,1003.9798362283738,1007.6509067992552
1001.9899186308215,1000.9949590570942,1000.9949591108266,1000.994959057094,1006.1085297661826,1000.9949590570936,1000.9949590570934,1000.0000000000006,1003.9798362283738,1007.6509067992552
1001.9899186308215,1000.9949590570942,1000.9949591108266,1000.994959057094,1006.1085297661826,1000.9949590570936,1000.9949590570934,1000.0000000000006,1003.9798362283738,1007.6509067992552
1001.9899185963619,1000.9949590570942,1000.99495910969,1000.994959057094,1006.1085297661826,1000.9949590570936,1000.9949590570934,1000.0000000000006,1003.9798362283738,1007.6509067992552
1001.989918516321,1000.9949590570942,1000.9949591023559,1000.994959057094,1006.1085297661826,1000.9949590570936,1000.9949590570934,1000.0000000000006,1003.9798362283738,1007.6509067992552
1001.9899184844438,1000.9949590570942,1000.9949590923688,1000.994959057094,1006.1085297661826,1000.9949590570936,1000.9949590570934,1000.0000000000006,1003.9798362283738,1007.6509067992552
1001.9899184536029,1000.9949590570942,1000.9949590801303,1000.994959057094,1006.1085297661826,1000.9949590570936,1000.9949590570934,1000.0000000000006,1003.9798362283738,1007.6509067992552
1001.989918423896,1000.9949590570942,1000.9949590799557,1000.994959057094,1006.1085297661826,1000.9949590570936,1000.9949590570934,1000.0000000000006,1003.9798362283736,1007.6509067992552
1001.989918423896,1000.9949590570942,1000.9949590755588,1000.994959057094,1006.1085297661826,1000.9949590570936,1000.9949590570934,1000.0000000000006,1003.9798362283735,1007.6509067992552
1001.989918423896,1000.9949590570942,1000.9949590715075,1000.9949590570939,1006.1085297661826,1000.9949590570936,1000.9949590570934,1000.0000000000006,1003.9798362283735,1007.6509067992552
1001.989918423896,1000.9949590570942,1000.9949590681637,1000.9949590570939,1006.1085297661826,1000.9949590570936,1000.9949590570934,1000.0000000000006,1003.9798362283735,1007.6509067992552
1001.98991841754,1000.9949590570942,1000.9949590653217,1000.9949590570939,1006.1085297661826,1000.9949590570936,1000.9949590570934,1000.0000000000006,1003.9798362283735,1007.6509067992552
1001.98991841754,1000.9949590570942,1000.9949590648474,1000.9949590570939,1006.1085297661826,1000.9949590570936,1000.9949590570934,1000.0000000000006,1003.9798362283735,1007.6509067992552
1001.98991841754,1000.9949590570942,1000.9949590648474,1000.9949590570939,1006.1085297661826,1000.9949590570936,1000.9949590570934,1000.0000000000006,1003.9798362283735,1007.6509067992552
1001.98991841754,1000.9949590570942,1000.9949590648474,1000.9949590570939,1006.1085297661826,1000.9949590570936,1000.9949590570934,1000.0000000000006,1003.9798362283735,1007.6509067992552
1001.98991841754,1000.9949590570942,1000.9949590648474,1000.9949590570939,1006.1085297661826,1000.9949590570936,1000.9949590570934,1000.0000000000006,1003.9798362283735,1007.6509067992552
1001.98991841754,1000.9949590570942,1000.9949590648474,1000.9949590570939,1006.1085297661826,1000.9949590570936,1000.9949590570934,1000.0000000000006,1003.9798362283735,1007.6509067992552
1001.98991841754,1000.9949590570942,1000.9949590648474,1000.9949590570939,1006.1085297661826,1000.9949590570936,1000.9949590570934,1000.0000000000006,1003.9798362283735,1007.6509067992552
1001.98991841754,1000.9949590570942,1000.9949590642798,1000.9949590570939,1006.1085297661826,1000.9949590570936,1000.9949590570934,1000.0000000000006,1003.9798362283735,1007.6509067992552
1001.98991841754,1000.9949590570942,1000.9949590633797,1000.9949590570939,1006.1085297661826,1000.9949590570936,1000.9949590570934,1000.0000000000006,1003.9798362283735,1007.6509067992552
1001.98991841754,1000.9949590570942,1000.9949590624378,1000.9949590570939,1006.1085297661826,1000.9949590570936,1000.9949590570934,1000.0000000000006,1003.9798362283735,1007.6509067992552
1001.98991841754,1000.9949590570942,1000.9949590621285,1000.9949590570939,1006.1085297661826,1000.9949590570936,1000.9949590570934,1000.0000000000006,1003.9798362283735,1007.6509067992552
1001.98991841754,1000.9949590570942,1000.9949590615463,1000.9949590570939,1006.1085297661826,1000.9949590570936,1000.9949590570934,1000.0000000000006,1003.9798362283735,1007.6509067992552
1001.98991841754,1000.9949590570942,1000.9949590615463,1000.9949590570939,1006.1085297661826,1000.9949590570936,1000.9949590570934,1000.0000000000006,1003.9798362283735,1007.6509067992552
1001.98991841754,1000.9949590570942,1000.9949590615463,1000.9949590570939,1006.1085297661826,1000.9949590570936,1000.9949590570934,1000.0000000000006,1003.9798362283735,1007.6509067992552
1001.98991841754,1000.9949590570942,1000.9949590615463,1000.9949590570939,1006.1085297661826,1000.9949590570936,1000.9949590570934,1000.0000000000006,1003.9798362283735,1007.6509067992552
1001.98991841754,1000.9949590570942,1000.9949590615463,1000.9949590570939,1006.1085297661826,1000.9949590570936,1000.9949590570934,1000.0000000000006,1003.9798362283735,1007.6509067992552
1001.98991841754,1000.9949590570942,1000.9949590615463,1000.9949590570939,1006.1085297661826,1000.9949590570936,1000.9949590570934,1000.0000000000006,1003.9798362283735,1007.6509067992552
1001.98991841754,1000.9949590570942,1000.9949590615463,1000.9949590570939,1006.1085297661826,1000.9949590570936,1000.9949590570934,1000.0000000000006,1003.9798362283735,1007.6509067992552
1001.98991841754,1000.9949590570942,1000.9949590615463,1000.9949590570939,1006.1085297661826,1000.9949590570936,1000.9949590570934,1000.0000000000006,1003.9798362283735,1007.6509067992552
1001.98991841754,1000.9949590570942,1000.9949590615463,1000.9949590570938,1006.1085297661826,1000.9949590570936,1000.9949590570934,1000.0000000000006,1003.9798362283735,1007.6509067992552
1001.98991841754,1000.9949590570942,1000.9949590615463,1000.9949590570938,1006.1085297661826,1000.9949590570936,1000.9949590570934,1000.0000000000006,1003.9798362283735,1007.6509067992552
1001.98991841754,1000.9949590570942,1000.9949590615463,1000.9949590570936,1006.1085297661826,1000.9949590570936,1000.9949590570934,1000.0000000000006,1003.9798362283735,1007.6509067992552
1001.98991841754,1000.9949590570942,1000.9949590615463,1000.9949590570936,1006.1085297661826,1000.9949590570936,1000.9949590570934,1000.0000000000006,1003.9798362283735,1007.6509067992552
1001.98991841754,1000.9949590570939,1000.9949590615463,1000.9949590570936,1006.1085297661826,1000.9949590570936,1000.9949590570934,1000.0000000000006,1003.9798362283735,1007.6509067992552
1001.98991841754,1000.9949590570938,1000.9949590609768,1000.9949590570936,1006.1085297661826,1000.9949590570936,1000.9949590570934,1000.0000000000006,1003.9798362283735,1007.6509067992552
1001.98991841754,1000.9949590570936,1000.9949590588715,1000.9949590570936,1006.1085297661826,1000.9949590570936,1000.9949590570934,1000.0000000000006,1003.9798362283735,1007.6509067992552
1001.98991841754,1000.9949590570936,1000.9949590588715,1000.9949590570936,1006.1085297661826,1000.9949590570936,1000.9949590570934,1000.0000000000006,1003.9798362283735,1007.6509067992552
1001.98991841754,1000.9949590570936,1000.9949590588715,1000.9949590570936,1006.1085297661826,1000.9949590570936,1000.9949590570934,1000.0000000000006,1003.9798362283735,1007.6509067992552
1001.98991841754,1000.9949590570936,1000.9949590588715,1000.9949590570936,1006.1085297661826,1000.9949590570936,1000.9949590570934,1000.0000000000006,1003.9798362283735,1007.6509067992552
1001.98991841754,1000.9949590570936,1000.9949590588715,1000.9949590570936,1006.1085297661826,1000.9949590570936,1000.9949590570934,1000.0000000000006,1003.9798362283735,1007.6509067992552
1001.98991841754,1000.9949590570936,1000.9949590588715,1000.9949590570936,1006.1085297661826,1000.9949590570936,1000.9949590570934,1000.0000000000006,1003.9798362283735,1007.6509067992552
1001.98991841754,1000.9949590570936,1000.9949590588715,1000.9949590570936,1006.1085297661826,1000.9949590570936,1000.9949590570934,1000.0000000000006,1003.9798362283735,1007.6509067992552
1001.98991841754,1000.9949590570936,1000.9949590588715,1000.9949590570936,1006.1085297661826,1000.9949590570936,1000.9949590570934,1000.0000000000006,1003.9798362283735,1007.6509067992552
1001.9899183888124,1000.9949590570936,1000.9949590588715,1000.9949590570936,1006.1085297661826,1000.9949590570936,1000.9949590570934,1000.0000000000006,1003.9798362283735,1007.6509067992552
1001.9899183576156,1000.9949590570936,1000.9949590588645,1000.9949590570936,1006.1085297661826,1000.9949590570936,1000.9949590570934,1000.0000000000006,1003.9798362283735,1007.6509067992552
1001.9899182101767,1000.9949590570936,1000.9949590588645,1000.9949590570936,1006.1085297661826,1000.9949590570936,1000.9949590570934,1000.0000000000006,1003.9798362283735,1007.6509067992552
1001.9899182101767,1000.9949590570936,1000.9949590588151,1000.9949590570936,1006.1085297661826,1000.9949590570936,1000.9949590570934,1000.0000000000006,1003.9798362283735,1007.6509067992552
1001.9899182101767,1000.9949590570935,1000.9949590583981,1000.9949590570936,1006.1085297661826,1000.9949590570935,1000.9949590570934,1000.0000000000006,1003.9798362283735,1007.6509067992552
1001.9899182101767,1000.9949590570934,1000.994959057899,1000.9949590570936,1006.1085297661826,1000.9949590570935,1000.9949590570934,1000.0000000000006,1003.9798362283735,1007.6509067992552
1001.9899182101767,1000.9949590570934,1000.9949590577995,1000.9949590570936,1006.1085297661826,1000.9949590570934,1000.9949590570934,1000.0000000000006,1003.9798362283735,1007.6509067992552
1001.9899181842743,1000.9949590570934,1000.9949590576498,1000.9949590570936,1006.1085297661826,1000.9949590570934,1000.9949590570934,1000.0000000000006,1003.9798362283735,1007.6509067992552
1001.9899181787265,1000.9949590570934,1000.9949590575477,1000.9949590570936,1006.1085297661826,1000.9949590570934,1000.9949590570934,1000.0000000000006,1003.9798362283735,1007.6509067992552
1001.9899181658081,1000.9949590570934,1000.9949590574793,1000.9949590570936,1006.1085297661826,1000.9949590570934,1000.9949590570934,1000.0000000000006,1003.9798362283735,1007.6509067992552
1001.9899181584838,1000.9949590570934,1000.9949590572041,1000.9949590570936,1006.1085297661826,1000.9949590570934,1000.9949590570934,1000.0000000000006,1003.9798362283735,1007.6509067992552
1001.9899181441804,1000.9949590570934,1000.9949590572041,1000.9949590570936,1006.1085297661826,1000.9949590570934,1000.9949590570934,1000.0000000000006,1003.9798362283735,1007.6509067992552
1001.9899181360043,1000.9949590570934,1000.9949590571849,1000.9949590570936,1006.1085297661826,1000.9949590570934,1000.9949590570934,1000.0000000000006,1003.9798362283735,1007.6509067992552
1001.9899181316943,1000.9949590570934,1000.9949590571849,1000.9949590570936,1006.1085297661826,1000.9949590570934,1000.9949590570934,1000.0000000000006,1003.9798362283735,1007.6509067992552
1001.9899181289189,1000.9949590570934,1000.9949590571849,1000.9949590570936,1006.1085297661826,1000.9949590570934,1000.9949590570934,1000.0000000000006,1003.9798362283735,1007.6509067992552
1001.989918127966,1000.9949590570934,1000.9949590571841,1000.9949590570936,1006.1085297661826,1000.9949590570934,1000.9949590570934,1000.0000000000006,1003.9798362283735,1007.6509067992552
1001.989918127966,1000.9949590570934,1000.9949590571607,1000.9949590570936,1006.1085297661826,1000.9949590570934,1000.9949590570934,1000.0000000000006,1003.9798362283735,1007.6509067992552
1001.9899181260448,1000.9949590570934,1000.9949590571588,1000.9949590570936,1006.1085297661826,1000.9949590570934,1000.9949590570934,1000.0000000000006,1003.9798362283735,1007.6509067992552
1001.9899181242404,1000.9949590570934,1000.994959057138,1000.9949590570935,1006.1085297661826,1000.9949590570934,1000.9949590570934,1000.0000000000006,1003.9798362283735,1007.6509067992552
1001.9899181221072,1000.9949590570934,1000.994959057138,1000.9949590570935,1006.1085297661826,1000.9949590570934,1000.9949590570934,1000.0000000000006,1003.9798362283735,1007.6509067992552
1001.989918119938,1000.9949590570934,1000.9949590571332,1000.9949590570935,1006.1085297661826,1000.9949590570934,1000.9949590570934,1000.0000000000006,1003.9798362283735,1007.6509067992552
1001.98991811822,1000.9949590570934,1000.9949590571217,1000.9949590570934,1006.1085297661826,1000.9949590570934,1000.9949590570934,1000.0000000000006,1003.9798362283735,1007.6509067992552
1001.9899181174923,1000.9949590570934,1000.9949590571191,1000.9949590570934,1006.1085297661826,1000.9949590570934,1000.9949590570934,1000.0000000000006,1003.9798362283735,1007.6509067992552
1001.9899181172406,1000.9949590570934,1000.994959057118,1000.9949590570934,1006.1085297661826,1000.9949590570934,1000.9949590570934,1000.0000000000006,1003.9798362283735,1007.6509067992552
1001.9899181165207,1000.9949590570934,1000.994959057118,1000.9949590570934,1006.1085297661826,1000.9949590570934,1000.9949590570934,1000.0000000000006,1003.9798362283735,1007.6509067992552
1001.9899181165207,1000.9949590570934,1000.994959057118,1000.9949590570934,1006.1085297661826,1000.9949590570934,1000.9949590570934,1000.0000000000006,1003.9798362283735,1007.6509067992552
1001.9899181165207,1000.9949590570934,1000.994959057118,1000.9949590570934,1006.1085297661826,1000.9949590570934,1000.9949590570934,1000.0000000000006,1003.9798362283735,1007.6509067992552
1001.9899181165207,1000.9949590570934,1000.994959057118,1000.9949590570934,1006.1085297661826,1000.9949590570934,1000.9949590570934,1000.0000000000006,1003.9798362283735,1007.6509067992552
1001.9899181165207,1000.9949590570934,1000.994959057118,1000.9949590570934,1006.1085297661826,1000.9949590570934,1000.9949590570934,1000.0000000000006,1003.9798362283735,1007.6509067992552
1001.9899181165207,1000.9949590570934,1000.994959057118,1000.9949590570934,1006.1085297661826,1000.9949590570934,1000.9949590570934,1000.0000000000006,1003.9798362283735,1007.6509067992552
1001.9899181165207,1000.9949590570934,1000.994959057118,1000.9949590570934,1006.1085297661826,1000.9949590570934,1000.9949590570934,1000.0000000000006,1003.9798362283735,1007.6509067992552
1001.9899181165207,1000.9949590570934,1000.9949590571126,1000.9949590570934,1006.1085297661826,1000.9949590570934,1000.9949590570934,1000.0000000000005,1003.9798362283735,1007.6509067992552
1001.9899181165207,1000.9949590570934,1000.9949590571126,1000.9949590570934,1006.1085297661826,1000.9949590570934,1000.9949590570934,1000.0000000000005,1003.9798362283735,1007.6509067992552
1001.9899181165207,1000.9949590570934,1000.9949590571102,1000.9949590570934,1006.1085297661826,1000.9949590570934,1000.9949590570934,1000.0000000000005,1003.9798362283734,1007.6509067992552
1001.9899181165207,1000.9949590570934,1000.9949590571072,1000.9949590570934,1006.1085297661826,1000.9949590570934,1000.9949590570934,1000.0000000000005,1003.9798362283734,1007.6509067992552
1001.9899181165207,1000.9949590570934,1000.9949590571039,1000.9949590570934,1006.1085297661826,1000.9949590570934,1000.9949590570934,1000.0000000000005,1003.9798362283734,1007.6509067992552
1001.9899181165207,1000.9949590570934,1000.994959057102,1000.9949590570934,1006.1085297661826,1000.9949590570934,1000.9949590570934,1000.0000000000005,1003.9798362283734,1007.6509067992552
1001.9899181165207,1000.9949590570934,1000.9949590570998,1000.9949590570934,1006.1085297661826,1000.9949590570934,1000.9949590570934,1000.0000000000003,1003.9798362283734,1007.6509067992552
1001.9899181165207,1000.9949590570934,1000.9949590570981,1000.9949590570934,1006.1085297661826,1000.9949590570934,1000.9949590570934,1000.0000000000003,1003.9798362283734,1007.6509067992552
1001.9899181165207,1000.9949590570934,1000.9949590570969,1000.9949590570934,1006.1085297661826,1000.9949590570934,1000.9949590570934,1000.0000000000002,1003.9798362283733,1007.6509067992552
1001.9899181165207,1000.9949590570934,1000.9949590570964,1000.9949590570934,1006.1085297661826,1000.9949590570934,1000.9949590570934,1000.0000000000001,1003.9798362283733,1007.6509067992552
1001.9899181165207,1000.9949590570934,1000.9949590570957,1000.9949590570934,1006.1085297661826,1000.9949590570934,1000.9949590570934,1000.0000000000001,1003.9798362283733,1007.6509067992552
1001.9899181165207,1000.9949590570934,1000.9949590570952,1000.9949590570934,1006.1085297661826,1000.9949590570934,1000.9949590570934,1000.0000000000001,1003.9798362283733,1007.6509067992552
1001.9899181165207,1000.9949590570934,1000.9949590570948,1000.9949590570934,1006.1085297661826,1000.9949590570934,1000.9949590570934,1000.0000000000001,1003.9798362283733,1007.6509067992552
1001.9899181165207,1000.9949590570934,1000.9949590570948,1000.9949590570934,1006.1085297661826,1000.9949590570934,1000.9949590570934,1000.0000000000001,1003.9798362283733,1007.6509067992552
1001.9899181165207,1000.9949590570934,1000.9949590570948,1000.9949590570934,1006.1085297661826,1000.9949590570934,1000.9949590570934,1000.0000000000001,1003.9798362283733,1007.6509067992552
1001.9899181165207,1000.9949590570934,1000.9949590570947,1000.9949590570934,1006.1085297661826,1000.9949590570934,1000.9949590570934,1000.0000000000001,1003.9798362283733,1007.6509067992552
1001.9899181165207,1000.9949590570934,1000.9949590570947,1000.9949590570934,1006.1085297661826,1000.9949590570934,1000.9949590570934,1000.0000000000001,1003.9798362283733,1007.6509067992552
1001.9899181165207,1000.9949590570934,1000.9949590570947,1000.9949590570934,1006.1085297661826,1000.9949590570934,1000.9949590570934,1000.0000000000001,1003.9798362283733,1007.6509067992552
1001.9899181165207,1000.9949590570934,1000.9949590570947,1000.9949590570934,1006.1085297661826,1000.9949590570934,1000.9949590570934,1000.0000000000001,1003.9798362283732,1007.6509067992552
1001.9899181165207,1000.9949590570934,1000.9949590570947,1000.9949590570934,1006.1085297661826,1000.9949590570934,1000.9949590570934,1000.0,1003.9798362283732,1007.6509067992552
1001.9899181165207,1000.9949590570934,1000.9949590570947,1000.9949590570934,1006.1085297661826,1000.9949590570934,1000.9949590570934,1000.0,1003.9798362283732,1007.6509067992552
1001.9899181165207,1000.9949590570934,1000.9949590570947,1000.9949590570934,1006.1085297661826,1000.9949590570934,1000.9949590570934,1000.0,1003.9798362283732,1007.6509067992552
1001.9899181165207,1000.9949590570934,1000.9949590570947,1000.9949590570934,1006.1085297661826,1000.9949590570934,1000.9949590570934,1000.0,1003.9798362283732,1007.6509067992552
1001.9899181165207,1000.9949590570934,1000.9949590570947,1000.9949590570934,1006.1085297661826,1000.9949590570934,1000.9949590570934,1000.0,1003.9798362283732,1007.6509067992552
1001.9899181165207,1000.9949590570934,1000.9949590570947,1000.9949590570934,1006.1085297661826,1000.9949590570934,1000.9949590570934,1000.0,1003.9798362283732,1007.6509067992552
1001.9899181165207,1000.9949590570934,1000.9949590570947,1000.9949590570934,1006.1085297661826,1000.9949590570934,1000.9949590570934,1000.0,1003.9798362283732,1007.6509067992552
1001.9899181165207,1000.9949590570934,1000.9949590570947,1000.9949590570934,1006.1085297661826,1000.9949590570934,1000.9949590570934,1000.0,1003.9798362283732,1007.6509067992552
1001.9899181165207,1000.9949590570934,1000.9949590570947,1000.9949590570934,1006.1085297661826,1000.9949590570934,1000.9949590570934,1000.0,1003.9798362283732,1007.6509067992552
1001.9899181165207,1000.9949590570934,1000.9949590570947,1000.9949590570934,1006.1085297661826,1000.9949590570934,1000.9949590570934,1000.0,1003.9798362283732,1007.6509067992552
1001.9899181165207,1000.9949590570934,1000.9949590570947,1000.9949590570934,1006.1085297661826,1000.9949590570934,1000.9949590570934,1000.0,1003.9798362283732,1007.6509067992552
1001.9899181165207,1000.9949590570934,1000.9949590570947,1000.9949590570934,1006.1085297661826,1000.9949590570934,1000.9949590570934,1000.0,1003.9798362283732,1007.6509067992552
1001.9899181164932,1000.9949590570934,1000.9949590570947,1000.9949590570934,1006.1085297661826,1000.9949590570934,1000.9949590570934,1000.0,1003.9798362283732,1007.6509067992552
1001.98991811613,1000.9949590570934,1000.9949590570947,1000.9949590570934,1006.1085297661826,1000.9949590570934,1000.9949590570934,1000.0,1003.9798362283732,1007.6509067992552
1001.9899181158798,1000.9949590570934,1000.9949590570947,1000.9949590570934,1006.1085297661826,1000.9949590570934,1000.9949590570934,1000.0,1003.9798362283732,1007.6509067992552
1001.9899181157981,1000.9949590570934,1000.9949590570947,1000.9949590570934,1006.1085297661826,1000.9949590570934,1000.9949590570934,1000.0,1003.9798362283732,1007.6509067992552
1001.9899181155629,1000.9949590570934,1000.9949590570947,1000.9949590570934,1006.1085297661826,1000.9949590570934,1000.9949590570934,1000.0,1003.9798362283732,1007.6509067992552
1001.9899181153928,1000.9949590570934,1000.9949590570947,1000.9949590570934,1006.1085297661826,1000.9949590570934,1000.9949590570934,1000.0,1003.9798362283732,1007.6509067992552
1001.98991811514,1000.9949590570934,1000.9949590570944,1000.9949590570934,1006.1085297661826,1000.9949590570934,1000.9949590570934,1000.0,1003.9798362283732,1007.6509067992552
1001.9899181149098,1000.9949590570934,1000.9949590570942,1000.9949590570934,1006.1085297661826,1000.9949590570934,1000.9949590570934,1000.0,1003.9798362283732,1007.6509067992552
1001.989918114799,1000.9949590570934,1000.994959057094,1000.9949590570934,1006.1085297661826,1000.9949590570934,1000.9949590570934,1000.0,1003.9798362283732,1007.6509067992552
1001.9899181146852,1000.9949590570934,1000.9949590570938,1000.9949590570934,1006.1085297661826,1000.9949590570934,1000.9949590570934,1000.0,1003.9798362283732,1007.6509067992552
1001.9899181146169,1000.9949590570934,1000.9949590570938,1000.9949590570934,1006.1085297661826,1000.9949590570934,1000.9949590570934,1000.0,1003.9798362283732,1007.6509067992552
1001.9899181145456,1000.9949590570934,1000.9949590570936,1000.9949590570934,1006.1085297661826,1000.9949590570934,1000.9949590570934,1000.0,1003.9798362283732,1007.6509067992552
1001.9899181144772,1000.9949590570934,1000.9949590570936,1000.9949590570934,1006.1085297661826,1000.9949590570934,1000.9949590570934,1000.0,1003.9798362283732,1007.6509067992552
1001.9899181144235,1000.9949590570934,1000.9949590570936,1000.9949590570934,1006.1085297661826,1000.9949590570934,1000.9949590570934,1000.0,1003.9798362283732,1007.6509067992552
1001.9899181143859,1000.9949590570934,1000.9949590570936,1000.9949590570934,1006.1085297661826,1000.9949590570934,1000.9949590570934,1000.0,1003.9798362283732,1007.6509067992552
1001.9899181143331,1000.9949590570934,1000.9949590570936,1000.9949590570934,1006.1085297661826,1000.9949590570934,1000.9949590570934,1000.0,1003.9798362283732,1007.6509067992552
1001.9899181142813,1000.9949590570934,1000.9949590570936,1000.9949590570934,1006.1085297661826,1000.9949590570934,1000.9949590570934,1000.0,1003.9798362283732,1007.6509067992552
1001.9899181142648,1000.9949590570934,1000.9949590570936,1000.9949590570934,1006.1085297661826,1000.9949590570934,1000.9949590570934,1000.0,1003.9798362283732,1007.6509067992552
1001.9899181142463,1000.9949590570934,1000.9949590570936,1000.9949590570934,1006.1085297661826,1000.9949590570934,1000.9949590570934,1000.0,1003.9798362283732,1007.6509067992552
1001.9899181142313,1000.9949590570934,1000.9949590570936,1000.9949590570934,1006.1085297661826,1000.9949590570934,1000.9949590570934,1000.0,1003.9798362283732,1007.6509067992552
1001.9899181142225,1000.9949590570934,1000.9949590570936,1000.9949590570934,1006.1085297661826,1000.9949590570934,1000.9949590570934,1000.0,1003.9798362283732,1007.6509067992552
1001.9899181142176,1000.9949590570934,1000.9949590570936,1000.9949590570934,1006.1085297661826,1000.9949590570934,1000.9949590570934,1000.0,1003.9798362283732,1007.6509067992552
1001.9899181142035,1000.9949590570934,1000.9949590570936,1000.9949590570934,1006.1085297661826,1000.9949590570934,1000.9949590570934,1000.0,1003.9798362283732,1007.6509067992552
1001.9899181141972,1000.9949590570934,1000.9949590570936,1000.9949590570934,1006.1085297661826,1000.9949590570934,1000.9949590570934,1000.0,1003.9798362283732,1007.6509067992552
1001.9899181141972,1000.9949590570934,1000.9949590570936,1000.9949590570934,1006.1085297661826,1000.9949590570934,1000.9949590570933,1000.0,1003.9798362283732,1007.6509067992552
1001.9899181141972,1000.9949590570934,1000.9949590570935,1000.9949590570934,1006.1085297661826,1000.9949590570934,1000.9949590570933,1000.0,1003.9798362283732,1007.6509067992552
1001.9899181141972,1000.9949590570934,1000.9949590570934,1000.9949590570934,1006.1085297661826,1000.9949590570934,1000.9949590570933,1000.0,1003.9798362283732,1007.6509067992552
1001.9899181141972,1000.9949590570934,1000.9949590570934,1000.9949590570934,1006.1085297661826,1000.9949590570934,1000.9949590570933,1000.0,1003.9798362283732,1007.6509067992552
1001.9899181141972,1000.9949590570934,1000.9949590570934,1000.9949590570934,1006.1085297661826,1000.9949590570934,1000.9949590570933,1000.0,1003.9798362283732,1007.6509067992552
1001.9899181141972,1000.9949590570934,1000.9949590570934,1000.9949590570934,1006.1085297661826,1000.9949590570934,1000.9949590570933,1000.0,1003.9798362283732,1007.6509067992552
1001.9899181141972,1000.9949590570934,1000.9949590570934,1000.9949590570934,1006.1085297661826,1000.9949590570934,1000.9949590570933,1000.0,1003.9798362283732,1007.6509067992552
1001.9899181141972,1000.9949590570934,1000.9949590570934,1000.9949590570934,1006.1085297661826,1000.9949590570934,1000.9949590570933,1000.0,1003.9798362283732,1007.6509067992552
1001.9899181141972,1000.9949590570934,1000.9949590570934,1000.9949590570934,1006.1085297661826,1000.9949590570934,1000.9949590570933,1000.0,1003.9798362283732,1007.6509067992552
1001.9899181141972,1000.9949590570934,1000.9949590570934,1000.9949590570934,1006.1085297661826,1000.9949590570934,1000.9949590570933,1000.0,1003.9798362283732,1007.6509067992552
1001.9899181141972,1000.9949590570934,1000.9949590570933,1000.9949590570934,1006.1085297661826,1000.9949590570934,1000.9949590570933,1000.0,1003.9798362283732,1007.6509067992552
1001.9899181141972,1000.9949590570934,1000.9949590570933,1000.9949590570934,1006.1085297661826,1000.9949590570934,1000.9949590570933,1000.0,1003.9798362283732,1007.6509067992552
1001.9899181141972,1000.9949590570934,1000.9949590570933,1000.9949590570934,1006.1085297661826,1000.9949590570934,1000.9949590570933,1000.0,1003.9798362283732,1007.6509067992552
1001.9899181141972,1000.9949590570934,1000.9949590570933,1000.9949590570934,1006.1085297661826,1000.9949590570934,1000.9949590570933,1000.0,1003.9798362283732,1007.6509067992552
1001.9899181141972,1000.9949590570934,1000.9949590570933,1000.9949590570933,1006.1085297661826,1000.9949590570934,1000.9949590570933,1000.0,1003.9798362283732,1007.6509067992552
1001.9899181141972,1000.9949590570934,1000.9949590570933,1000.9949590570933,1006.1085297661826,1000.9949590570934,1000.9949590570933,1000.0,1003.9798362283732,1007.6509067992552
1001.9899181141972,1000.9949590570934,1000.9949590570933,1000.9949590570933,1006.1085297661826,1000.9949590570934,1000.9949590570933,1000.0,1003.9798362283732,1007.6509067992552
1001.9899181141972,1000.9949590570934,1000.9949590570933,1000.9949590570933,1006.1085297661826,1000.9949590570934,1000.9949590570933,1000.0,1003.9798362283732,1007.6509067992552
1001.9899181141972,1000.9949590570934,1000.9949590570933,1000.9949590570933,1006.1085297661826,1000.9949590570934,1000.9949590570933,1000.0,1003.9798362283732,1007.6509067992552
1001.9899181141972,1000.9949590570934,1000.9949590570933,1000.9949590570933,1006.1085297661826,1000.9949590570934,1000.9949590570933,1000.0,1003.9798362283732,1007.6509067992552
1001.9899181141972,1000.9949590570934,1000.9949590570933,1000.9949590570933,1006.1085297661826,1000.9949590570934,1000.9949590570933,1000.0,1003.9798362283732,1007.6509067992552
1001.9899181141972,1000.9949590570934,1000.9949590570933,1000.9949590570933,1006.1085297661826,1000.9949590570934,1000.9949590570933,1000.0,1003.9798362283732,1007.6509067992552
1001.9899181141972,1000.9949590570934,1000.9949590570933,1000.9949590570933,1006.1085297661826,1000.9949590570934,1000.9949590570933,1000.0,1003.9798362283732,1007.6509067992552
1001.9899181141972,1000.9949590570934,1000.9949590570933,1000.9949590570933,1006.1085297661826,1000.9949590570934,1000.9949590570933,1000.0,1003.9798362283732,1007.6509067992552
1001.9899181141972,1000.9949590570934,1000.9949590570933,1000.9949590570933,1006.1085297661826,1000.9949590570934,1000.9949590570933,1000.0,1003.9798362283732,1007.6509067992552
1001.9899181141972,1000.9949590570934,1000.9949590570933,1000.9949590570933,1006.1085297661826,1000.9949590570934,1000.9949590570933,1000.0,1003.9798362283732,1007.6509067992552
1001.9899181141972,1000.9949590570934,1000.9949590570933,1000.9949590570933,1006.1085297661826,1000.9949590570934,1000.9949590570933,1000.0,1003.9798362283732,1007.6509067992552
1001.9899181141972,1000.9949590570934,1000.9949590570933,1000.9949590570933,1006.1085297661826,1000.9949590570934,1000.9949590570933,1000.0,1003.9798362283732,1007.6509067992552
1001.9899181141972,1000.9949590570934,1000.9949590570933,1000.9949590570933,1006.1085297661826,1000.9949590570934,1000.9949590570933,1000.0,1003.9798362283732,1007.6509067992552
1001.9899181141972,1000.9949590570934,1000.9949590570933,1000.9949590570933,1006.1085297661826,1000.9949590570933,1000.9949590570933,1000.0,1003.9798362283732,1007.6509067992552
1001.9899181141972,1000.9949590570934,1000.9949590570933,1000.9949590570933,1006.1085297661826,1000.9949590570933,1000.9949590570933,1000.0,1003.9798362283732,1007.6509067992552
1001.9899181141972,1000.9949590570934,1000.9949590570933,1000.9949590570933,1006.1085297661826,1000.9949590570933,1000.9949590570933,1000.0,1003.9798362283732,1007.6509067992552
1001.9899181141933,1000.9949590570934,1000.9949590570933,1000.9949590570933,1006.1085297661826,1000.9949590570933,1000.9949590570933,1000.0,1003.9798362283732,1007.6509067992552
1001.9899181141933,1000.9949590570934,1000.9949590570933,1000.9949590570933,1006.1085297661826,1000.9949590570933,1000.9949590570933,1000.0,1003.9798362283732,1007.6509067992552
1001.9899181141933,1000.9949590570934,1000.9949590570933,1000.9949590570933,1006.1085297661826,1000.9949590570933,1000.9949590570933,1000.0,1003.9798362283732,1007.6509067992552
1001.9899181141933,1000.9949590570934,1000.9949590570933,1000.9949590570933,1006.1085297661826,1000.9949590570933,1000.9949590570933,1000.0,1003.9798362283732,1007.6509067992552
1001.989918114193,1000.9949590570934,1000.9949590570933,1000.9949590570933,1006.1085297661826,1000.9949590570933,1000.9949590570933,1000.0,1003.9798362283732,1007.6509067992552
1001.9899181141923,1000.9949590570934,1000.9949590570933,1000.9949590570933,1006.1085297661826,1000.9949590570933,1000.9949590570933,1000.0,1003.9798362283732,1007.6509067992552
1001.9899181141916,1000.9949590570934,1000.9949590570933,1000.9949590570933,1006.1085297661826,1000.9949590570933,1000.9949590570933,1000.0,1003.9798362283732,1007.6509067992552
1001.9899181141909,1000.9949590570934,1000.9949590570933,1000.9949590570933,1006.1085297661826,1000.9949590570933,1000.9949590570933,1000.0,1003.9798362283732,1007.6509067992552
1001.9899181141894,1000.9949590570934,1000.9949590570933,1000.9949590570933,1006.1085297661826,1000.9949590570933,1000.9949590570933,1000.0,1003.9798362283732,1007.6509067992552
1001.9899181141893,1000.9949590570934,1000.9949590570933,1000.9949590570933,1006.1085297661826,1000.9949590570933,1000.9949590570933,1000.0,1003.9798362283732,1007.6509067992552
1001.9899181141888,1000.9949590570934,1000.9949590570933,1000.9949590570933,1006.1085297661826,1000.9949590570933,1000.9949590570933,1000.0,1003.9798362283732,1007.6509067992552
1001.9899181141888,1000.9949590570934,1000.9949590570933,1000.9949590570933,1006.1085297661826,1000.9949590570933,1000.9949590570933,1000.0,1003.9798362283732,1007.6509067992552
1001.9899181141888,1000.9949590570934,1000.9949590570933,1000.9949590570933,1006.1085297661826,1000.9949590570933,1000.9949590570933,1000.0,1003.9798362283732,1007.6509067992552
1001.9899181141888,1000.9949590570934,1000.9949590570933,1000.9949590570933,1006.1085297661826,1000.9949590570933,1000.9949590570933,1000.0,1003.9798362283732,1007.6509067992552
1001.9899181141888,1000.9949590570934,1000.9949590570933,1000.9949590570933,1006.1085297661826,1000.9949590570933,1000.9949590570933,1000.0,1003.9798362283732,1007.6509067992552
1001.9899181141888,1000.9949590570934,1000.9949590570933,1000.9949590570933,1006.1085297661826,1000.9949590570933,1000.9949590570933,1000.0,1003.9798362283732,1007.6509067992552
1001.9899181141888,1000.9949590570934,1000.9949590570933,1000.9949590570933,1006.1085297661826,1000.9949590570933,1000.9949590570933,1000.0,1003.9798362283732,1007.6509067992552
1001.9899181141888,1000.9949590570934,1000.9949590570933,1000.9949590570933,1006.1085297661826,1000.9949590570933,1000.9949590570933,1000.0,1003.9798362283732,1007.6509067992552
1001.9899181141888,1000.9949590570934,1000.9949590570933,1000.9949590570933,1006.1085297661826,1000.9949590570933,1000.9949590570933,1000.0,1003.9798362283732,1007.6509067992552
1001.9899181141888,1000.9949590570934,1000.9949590570933,1000.9949590570933,1006.1085297661826,1000.9949590570933,1000.9949590570933,1000.0,1003.9798362283732,1007.6509067992552
1001.9899181141888,1000.9949590570934,1000.9949590570933,1000.9949590570933,1006.1085297661826,1000.9949590570933,1000.9949590570933,1000.0,1003.9798362283732,1007.6509067992552
1001.9899181141888,1000.9949590570934,1000.9949590570933,1000.9949590570933,1006.1085297661826,1000.9949590570933,1000.9949590570933,1000.0,1003.9798362283732,1007.6509067992552
1001.9899181141888,1000.9949590570934,1000.9949590570933,1000.9949590570933,1006.1085297661826,1000.9949590570933,1000.9949590570933,1000.0,1003.9798362283732,1007.6509067992552
1001.9899181141888,1000.9949590570934,1000.9949590570933,1000.9949590570933,1006.1085297661826,1000.9949590570933,1000.9949590570933,1000.0,1003.9798362283732,1007.6509067992552
1001.9899181141888,1000.9949590570934,1000.9949590570933,1000.9949590570933,1006.1085297661826,1000.9949590570933,1000.9949590570933,1000.0,1003.9798362283732,1007.6509067992552
1001.9899181141885,1000.9949590570934,1000.9949590570933,1000.9949590570933,1006.1085297661826,1000.9949590570933,1000.9949590570933,1000.0,1003.9798362283732,1007.6509067992552
1001.9899181141882,1000.9949590570934,1000.9949590570933,1000.9949590570933,1006.1085297661826,1000.9949590570933,1000.9949590570933,1000.0,1003.9798362283732,1007.6509067992552
1001.9899181141878,1000.9949590570934,1000.9949590570933,1000.9949590570933,1006.1085297661826,1000.9949590570933,1000.9949590570933,1000.0,1003.9798362283732,1007.6509067992552
1001.9899181141874,1000.9949590570934,1000.9949590570933,1000.9949590570933,1006.1085297661826,1000.9949590570933,1000.9949590570933,1000.0,1003.9798362283732,1007.6509067992552
1001.9899181141872,1000.9949590570934,1000.9949590570933,1000.9949590570933,1006.1085297661826,1000.9949590570933,1000.9949590570933,1000.0,1003.9798362283732,1007.6509067992552
1001.9899181141869,1000.9949590570934,1000.9949590570933,1000.9949590570933,1006.1085297661826,1000.9949590570933,1000.9949590570933,1000.0,1003.9798362283732,1007.6509067992552
1001.9899181141868,1000.9949590570934,1000.9949590570933,1000.9949590570933,1006.1085297661826,1000.9949590570933,1000.9949590570933,1000.0,1003.9798362283732,1007.6509067992552
1001.9899181141868,1000.9949590570934,1000.9949590570933,1000.9949590570933,1006.1085297661826,1000.9949590570933,1000.9949590570933,1000.0,1003.9798362283732,1007.6509067992552
1001.9899181141868,1000.9949590570934,1000.9949590570933,1000.9949590570933,1006.1085297661826,1000.9949590570933,1000.9949590570933,1000.0,1003.9798362283732,1007.6509067992552
1001.9899181141868,1000.9949590570934,1000.9949590570933,1000.9949590570933,1006.1085297661826,1000.9949590570933,1000.9949590570933,1000.0,1003.9798362283732,1007.6509067992552
1001.9899181141868,1000.9949590570934,1000.9949590570933,1000.9949590570933,1006.1085297661826,1000.9949590570933,1000.9949590570933,1000.0,1003.9798362283732,1007.6509067992552
1001.9899181141867,1000.9949590570934,1000.9949590570933,1000.9949590570933,1006.1085297661826,1000.9949590570933,1000.9949590570933,1000.0,1003.9798362283732,1007.6509067992552
1001.9899181141867,1000.9949590570934,1000.9949590570933,1000.9949590570933,1006.1085297661826,1000.9949590570933,1000.9949590570933,1000.0,1003.9798362283732,1007.6509067992552
1001.9899181141867,1000.9949590570934,1000.9949590570933,1000.9949590570933,1006.1085297661826,1000.9949590570933,1000.9949590570933,1000.0,1003.9798362283732,1007.6509067992552
1001.9899181141867,1000.9949590570934,1000.9949590570933,1000.9949590570933,1006.1085297661826,1000.9949590570933,1000.9949590570933,1000.0,1003.9798362283732,1007.6509067992552
1001.9899181141866,1000.9949590570934,1000.9949590570933,1000.9949590570933,1006.1085297661826,1000.9949590570933,1000.9949590570933,1000.0,1003.9798362283732,1007.6509067992552
1001.9899181141866,1000.9949590570934,1000.9949590570933,1000.9949590570933,1006.1085297661826,1000.9949590570933,1000.9949590570933,1000.0,1003.9798362283732,1007.6509067992552
1001.9899181141866,1000.9949590570934,1000.9949590570933,1000.9949590570933,1006.1085297661826,1000.9949590570933,1000.9949590570933,1000.0,1003.9798362283732,1007.6509067992552
1001.9899181141866,1000.9949590570934,1000.9949590570933,1000.9949590570933,1006.1085297661826,1000.9949590570933,1000.9949590570933,1000.0,1003.9798362283732,1007.6509067992552
1001.9899181141866,1000.9949590570934,1000.9949590570933,1000.9949590570933,1006.1085297661826,1000.9949590570933,1000.9949590570933,1000.0,1003.9798362283732,1007.6509067992552
1001.9899181141866,1000.9949590570934,1000.9949590570933,1000.9949590570933,1006.1085297661826,1000.9949590570933,1000.9949590570933,1000.0,1003.9798362283732,1007.6509067992552
1001.9899181141866,1000.9949590570934,1000.9949590570933,1000.9949590570933,1006.1085297661826,1000.9949590570933,1000.9949590570933,1000.0,1003.9798362283732,1007.6509067992552
1001.9899181141866,1000.9949590570934,1000.9949590570933,1000.9949590570933,1006.1085297661826,1000.9949590570933,1000.9949590570933,1000.0,1003.9798362283732,1007.6509067992552
1001.9899181141866,1000.9949590570934,1000.9949590570933,1000.9949590570933,1006.1085297661826,1000.9949590570933,1000.9949590570933,1000.0,1003.9798362283732,1007.6509067992552
1001.9899181141866,1000.9949590570934,1000.9949590570933,1000.9949590570933,1006.1085297661826,1000.9949590570933,1000.9949590570933,1000.0,1003.9798362283732,1007.6509067992552
1001.9899181141866,1000.9949590570934,1000.9949590570933,1000.9949590570933,1006.1085297661826,1000.9949590570933,1000.9949590570933,1000.0,1003.9798362283732,1007.6509067992552
1001.9899181141866,1000.9949590570934,1000.9949590570933,1000.9949590570933,1006.1085297661826,1000.9949590570933,1000.9949590570933,1000.0,1003.9798362283732,1007.6509067992552
1001.9899181141866,1000.9949590570934,1000.9949590570933,1000.9949590570933,1006.1085297661826,1000.9949590570933,1000.9949590570933,1000.0,1003.9798362283732,1007.6509067992552
1001.9899181141866,1000.9949590570934,1000.9949590570933,1000.9949590570933,1006.1085297661826,1000.9949590570933,1000.9949590570933,1000.0,1003.9798362283732,1007.6509067992552
1001.9899181141866,1000.9949590570934,1000.9949590570933,1000.9949590570933,1006.1085297661826,1000.9949590570933,1000.9949590570933,1000.0,1003.9798362283732,1007.6509067992552
1001.9899181141866,1000.9949590570934,1000.9949590570933,1000.9949590570933,1006.1085297661826,1000.9949590570933,1000.9949590570933,1000.0,1003.9798362283732,1007.6509067992552
1001.9899181141866,1000.9949590570934,1000.9949590570933,1000.9949590570933,1006.1085297661826,1000.9949590570933,1000.9949590570933,1000.0,1003.9798362283732,1007.6509067992552
1001.9899181141866,1000.9949590570934,1000.9949590570933,1000.9949590570933,1006.1085297661826,1000.9949590570933,1000.9949590570933,1000.0,1003.9798362283732,1007.6509067992552
1001.9899181141866,1000.9949590570934,1000.9949590570933,1000.9949590570933,1006.1085297661826,1000.9949590570933,1000.9949590570933,1000.0,1003.9798362283732,1007.6509067992552
1001.9899181141866,1000.9949590570934,1000.9949590570933,1000.9949590570933,1006.1085297661826,1000.9949590570933,1000.9949590570933,1000.0,1003.9798362283732,1007.6509067992552
1001.9899181141866,1000.9949590570934,1000.9949590570933,1000.9949590570933,1006.1085297661826,1000.9949590570933,1000.9949590570933,1000.0,1003.9798362283732,1007.6509067992552
1001.9899181141866,1000.9949590570934,1000.9949590570933,1000.9949590570933,1006.1085297661826,1000.9949590570933,1000.9949590570933,1000.0,1003.9798362283732,1007.6509067992552
1001.9899181141866,1000.9949590570934,1000.9949590570933,1000.9949590570933,1006.1085297661826,1000.9949590570933,1000.9949590570933,1000.0,1003.9798362283732,1007.6509067992552
1001.9899181141866,1000.9949590570934,1000.9949590570933,1000.9949590570933,1006.1085297661826,1000.9949590570933,1000.9949590570933,1000.0,1003.9798362283732,1007.6509067992552
1001.9899181141866,1000.9949590570934,1000.9949590570933,1000.9949590570933,1006.1085297661826,1000.9949590570933,1000.9949590570933,1000.0,1003.9798362283732,1007.6509067992552
1001.9899181141866,1000.9949590570934,1000.9949590570933,1000.9949590570933,1006.1085297661826,1000.9949590570933,1000.9949590570933,1000.0,1003.9798362283732,1007.6509067992552
1001.9899181141866,1000.9949590570934,1000.9949590570933,1000.9949590570933,1006.1085297661826,1000.9949590570933,1000.9949590570933,1000.0,1003.9798362283732,1007.6509067992552
1001.9899181141866,1000.9949590570934,1000.9949590570933,1000.9949590570933,1006.1085297661826,1000.9949590570933,1000.9949590570933,1000.0,1003.9798362283732,1007.6509067992552
1001.9899181141866,1000.9949590570934,1000.9949590570933,1000.9949590570933,1006.1085297661826,1000.9949590570933,1000.9949590570933,1000.0,1003.9798362283732,1007.6509067992552
1001.9899181141866,1000.9949590570934,1000.9949590570933,1000.9949590570933,1006.1085297661826,1000.9949590570933,1000.9949590570933,1000.0,1003.9798362283732,1007.6509067992552
1001.9899181141866,1000.9949590570934,1000.9949590570933,1000.9949590570933,1006.1085297661826,1000.9949590570933,1000.9949590570933,1000.0,1003.9798362283732,1007.6509067992552
1001.9899181141866,1000.9949590570934,1000.9949590570933,1000.9949590570933,1006.1085297661826,1000.9949590570933,1000.9949590570933,1000.0,1003.9798362283732,1007.6509067992552
1001.9899181141866,1000.9949590570934,1000.9949590570933,1000.9949590570933,1006.1085297661826,1000.9949590570933,1000.9949590570933,1000.0,1003.9798362283732,1007.6509067992552
1001.9899181141866,1000.9949590570934,1000.9949590570933,1000.9949590570933,1006.1085297661826,1000.9949590570933,1000.9949590570933,1000.0,1003.9798362283732,1007.6509067992552
1001.9899181141866,1000.9949590570934,1000.9949590570933,1000.9949590570933,1006.1085297661826,1000.9949590570933,1000.9949590570933,1000.0,1003.9798362283732,1007.6509067992552
1001.9899181141866,1000.9949590570934,1000.9949590570933,1000.9949590570933,1006.1085297661826,1000.9949590570933,1000.9949590570933,1000.0,1003.9798362283732,1007.6509067992552
1001.9899181141866,1000.9949590570934,1000.9949590570933,1000.9949590570933,1006.1085297661826,1000.9949590570933,1000.9949590570933,1000.0,1003.9798362283732,1007.6509067992552
1001.9899181141866,1000.9949590570934,1000.9949590570933,1000.9949590570933,1006.1085297661826,1000.9949590570933,1000.9949590570933,1000.0,1003.9798362283732,1007.6509067992552
1001.9899181141866,1000.9949590570934,1000.9949590570933,1000.9949590570933,1006.1085297661826,1000.9949590570933,1000.9949590570933,1000.0,1003.9798362283732,1007.6509067992552
1001.9899181141866,1000.9949590570934,1000.9949590570933,1000.9949590570933,1006.1085297661826,1000.9949590570933,1000.9949590570933,1000.0,1003.9798362283732,1007.6509067992552
1001.9899181141866,1000.9949590570934,1000.9949590570933,1000.9949590570933,1006.1085297661826,1000.9949590570933,1000.9949590570933,1000.0,1003.9798362283732,1007.6509067992552
1001.9899181141866,1000.9949590570934,1000.9949590570933,1000.9949590570933,1006.1085297661826,1000.9949590570933,1000.9949590570933,1000.0,1003.9798362283732,1007.6509067992552
1001.9899181141866,1000.9949590570934,1000.9949590570933,1000.9949590570933,1006.1085297661826,1000.9949590570933,1000.9949590570933,1000.0,1003.9798362283732,1007.6509067992552
1001.9899181141866,1000.9949590570934,1000.9949590570933,1000.9949590570933,1006.1085297661826,1000.9949590570933,1000.9949590570933,1000.0,1003.9798362283732,1007.6509067992552
1001.9899181141866,1000.9949590570934,1000.9949590570933,1000.9949590570933,1006.1085297661826,1000.9949590570933,1000.9949590570933,1000.0,1003.9798362283732,1007.6509067992552
1001.9899181141866,1000.9949590570934,1000.9949590570933,1000.9949590570933,1006.1085297661826,1000.9949590570933,1000.9949590570933,1000.0,1003.9798362283732,1007.6509067992552
1001.9899181141866,1000.9949590570934,1000.9949590570933,1000.9949590570933,1006.1085297661826,1000.9949590570933,1000.9949590570933,1000.0,1003.9798362283732,1007.6509067992552
1001.9899181141866,1000.9949590570934,1000.9949590570933,1000.9949590570933,1006.1085297661826,1000.9949590570933,1000.9949590570933,1000.0,1003.9798362283732,1007.6509067992552
1001.9899181141866,1000.9949590570934,1000.9949590570933,1000.9949590570933,1006.1085297661826,1000.9949590570933,1000.9949590570933,1000.0,1003.9798362283732,1007.6509067992552
1001.9899181141866,1000.9949590570934,1000.9949590570933,1000.9949590570933,1006.1085297661826,1000.9949590570933,1000.9949590570933,1000.0,1003.9798362283732,1007.6509067992552
1001.9899181141866,1000.9949590570934,1000.9949590570933,1000.9949590570933,1006.1085297661826,1000.9949590570933,1000.9949590570933,1000.0,1003.9798362283732,1007.6509067992552
1001.9899181141866,1000.9949590570934,1000.9949590570933,1000.9949590570933,1006.1085297661826,1000.9949590570933,1000.9949590570933,1000.0,1003.9798362283732,1007.6509067992552
1001.9899181141866,1000.9949590570934,1000.9949590570933,1000.9949590570933,1006.1085297661826,1000.9949590570933,1000.9949590570933,1000.0,1003.9798362283732,1007.6509067992552
1001.9899181141866,1000.9949590570934,1000.9949590570933,1000.9949590570933,1006.1085297661826,1000.9949590570933,1000.9949590570933,1000.0,1003.9798362283732,1007.6509067992552
1001.9899181141866,1000.9949590570934,1000.9949590570933,1000.9949590570933,1006.1085297661826,1000.9949590570933,1000.9949590570933,1000.0,1003.9798362283732,1007.6509067992552
1001.9899181141866,1000.9949590570934,1000.9949590570933,1000.9949590570933,1006.1085297661826,1000.9949590570933,1000.9949590570933,1000.0,1003.9798362283732,1007.6509067992552
1001.9899181141866,1000.9949590570934,1000.9949590570933,1000.9949590570933,1006.1085297661826,1000.9949590570933,1000.9949590570933,1000.0,1003.9798362283732,1007.6509067992552
1001.9899181141866,1000.9949590570934,1000.9949590570933,1000.9949590570933,1006.1085297661826,1000.9949590570933,1000.9949590570933,1000.0,1003.9798362283732,1007.6509067992552
1001.9899181141866,1000.9949590570934,1000.9949590570933,1000.9949590570933,1006.1085297661826,1000.9949590570933,1000.9949590570933,1000.0,1003.9798362283732,1007.6509067992552
1001.9899181141866,1000.9949590570934,1000.9949590570933,1000.9949590570933,1006.1085297661826,1000.9949590570933,1000.9949590570933,1000.0,1003.9798362283732,1007.6509067992552
1001.9899181141866,1000.9949590570934,1000.9949590570933,1000.9949590570933,1006.1085297661826,1000.9949590570933,1000.9949590570933,1000.0,1003.9798362283732,1007.6509067992552
1001.9899181141866,1000.9949590570934,1000.9949590570933,1000.9949590570933,1006.1085297661826,1000.9949590570933,1000.9949590570933,1000.0,1003.9798362283732,1007.6509067992552
1001.9899181141866,1000.9949590570934,1000.9949590570933,1000.9949590570933,1006.1085297661826,1000.9949590570933,1000.9949590570933,1000.0,1003.9798362283732,1007.6509067992552
1001.9899181141866,1000.9949590570934,1000.9949590570933,1000.9949590570933,1006.1085297661826,1000.9949590570933,1000.9949590570933,1000.0,1003.9798362283732,1007.6509067992552
1001.9899181141866,1000.9949590570934,1000.9949590570933,1000.9949590570933,1006.1085297661826,1000.9949590570933,1000.9949590570933,1000.0,1003.9798362283732,1007.6509067992552
1001.9899181141866,1000.9949590570934,1000.9949590570933,1000.9949590570933,1006.1085297661826,1000.9949590570933,1000.9949590570933,1000.0,1003.9798362283732,1007.6509067992552
1001.9899181141866,1000.9949590570934,1000.9949590570933,1000.9949590570933,1006.1085297661826,1000.9949590570933,1000.9949590570933,1000.0,1003.9798362283732,1007.6509067992552
1001.9899181141866,1000.9949590570934,1000.9949590570933,1000.9949590570933,1006.1085297661826,1000.9949590570933,1000.9949590570933,1000.0,1003.9798362283732,1007.6509067992552
1001.9899181141866,1000.9949590570934,1000.9949590570933,1000.9949590570933,1006.1085297661826,1000.9949590570933,1000.9949590570933,1000.0,1003.9798362283732,1007.6509067992552
1001.9899181141866,1000.9949590570934,1000.9949590570933,1000.9949590570933,1006.1085297661826,1000.9949590570933,1000.9949590570933,1000.0,1003.9798362283732,1007.6509067992552
1001.9899181141866,1000.9949590570934,1000.9949590570933,1000.9949590570933,1006.1085297661826,1000.9949590570933,1000.9949590570933,1000.0,1003.9798362283732,1007.6509067992552
1001.9899181141866,1000.9949590570934,1000.9949590570933,1000.9949590570933,1006.1085297661826,1000.9949590570933,1000.9949590570933,1000.0,1003.9798362283732,1007.6509067992552
1001.9899181141866,1000.9949590570934,1000.9949590570933,1000.9949590570933,1006.1085297661826,1000.9949590570933,1000.9949590570933,1000.0,1003.9798362283732,1007.6509067992552
1001.9899181141866,1000.9949590570934,1000.9949590570933,1000.9949590570933,1006.1085297661826,1000.9949590570933,1000.9949590570933,1000.0,1003.9798362283732,1007.6509067992552
1001.9899181141866,1000.9949590570934,1000.9949590570933,1000.9949590570933,1006.1085297661826,1000.9949590570933,1000.9949590570933,1000.0,1003.9798362283732,1007.6509067992552
1001.9899181141866,1000.9949590570934,1000.9949590570933,1000.9949590570933,1006.1085297661826,1000.9949590570933,1000.9949590570933,1000.0,1003.9798362283732,1007.6509067992552
1001.9899181141866,1000.9949590570934,1000.9949590570933,1000.9949590570933,1006.1085297661826,1000.9949590570933,1000.9949590570933,1000.0,1003.9798362283732,1007.6509067992552
1001.9899181141866,1000.9949590570934,1000.9949590570933,1000.9949590570933,1006.1085297661826,1000.9949590570933,1000.9949590570933,1000.0,1003.9798362283732,1007.6509067992552
1001.9899181141866,1000.9949590570934,1000.9949590570933,1000.9949590570933,1006.1085297661826,1000.9949590570933,1000.9949590570933,1000.0,1003.9798362283732,1007.6509067992552
1001.9899181141866,1000.9949590570934,1000.9949590570933,1000.9949590570933,1006.1085297661826,1000.9949590570933,1000.9949590570933,1000.0,1003.9798362283732,1007.6509067992552
1001.9899181141866,1000.9949590570934,1000.9949590570933,1000.9949590570933,1006.1085297661826,1000.9949590570933,1000.9949590570933,1000.0,1003.9798362283732,1007.6509067992552
1001.9899181141866,1000.9949590570934,1000.9949590570933,1000.9949590570933,1006.1085297661826,1000.9949590570933,1000.9949590570933,1000.0,1003.9798362283732,1007.6509067992552
1001.9899181141866,1000.9949590570934,1000.9949590570933,1000.9949590570933,1006.1085297661826,1000.9949590570933,1000.9949590570933,1000.0,1003.9798362283732,1007.6509067992552
1001.9899181141866,1000.9949590570934,1000.9949590570933,1000.9949590570933,1006.1085297661826,1000.9949590570933,1000.9949590570933,1000.0,1003.9798362283732,1007.6509067992552
1001.9899181141866,1000.9949590570934,1000.9949590570933,1000.9949590570933,1006.1085297661826,1000.9949590570933,1000.9949590570933,1000.0,1003.9798362283732,1007.6509067992552
1001.9899181141866,1000.9949590570934,1000.9949590570933,1000.9949590570933,1006.1085297661826,1000.9949590570933,1000.9949590570933,1000.0,1003.9798362283732,1007.6509067992552
1001.9899181141866,1000.9949590570934,1000.9949590570933,1000.9949590570933,1006.1085297661826,1000.9949590570933,1000.9949590570933,1000.0,1003.9798362283732,1007.6509067992552
1001.9899181141866,1000.9949590570934,1000.9949590570933,1000.9949590570933,1006.1085297661826,1000.9949590570933,1000.9949590570933,1000.0,1003.9798362283732,1007.6509067992552
1001.9899181141866,1000.9949590570934,1000.9949590570933,1000.9949590570933,1006.1085297661826,1000.9949590570933,1000.9949590570933,1000.0,1003.9798362283732,1007.6509067992552
1001.9899181141866,1000.9949590570934,1000.9949590570933,1000.9949590570933,1006.1085297661826,1000.9949590570933,1000.9949590570933,1000.0,1003.9798362283732,1007.6509067992552
1001.9899181141866,1000.9949590570934,1000.9949590570933,1000.9949590570933,1006.1085297661826,1000.9949590570933,1000.9949590570933,1000.0,1003.9798362283732,1007.6509067992552
1001.9899181141866,1000.9949590570934,1000.9949590570933,1000.9949590570933,1006.1085297661826,1000.9949590570933,1000.9949590570933,1000.0,1003.9798362283732,1007.6509067992552
1001.9899181141866,1000.9949590570934,1000.9949590570933,1000.9949590570933,1006.1085297661826,1000.9949590570933,1000.9949590570933,1000.0,1003.9798362283732,1007.6509067992552
1001.9899181141866,1000.9949590570934,1000.9949590570933,1000.9949590570933,1006.1085297661826,1000.9949590570933,1000.9949590570933,1000.0,1003.9798362283732,1007.6509067992552
1001.9899181141866,1000.9949590570934,1000.9949590570933,1000.9949590570933,1006.1085297661826,1000.9949590570933,1000.9949590570933,1000.0,1003.9798362283732,1007.6509067992552
1001.9899181141866,1000.9949590570934,1000.9949590570933,1000.9949590570933,1006.1085297661826,1000.9949590570933,1000.9949590570933,1000.0,1003.9798362283732,1007.6509067992552
1001.9899181141866,1000.9949590570934,1000.9949590570933,1000.9949590570933,1006.1085297661826,1000.9949590570933,1000.9949590570933,1000.0,1003.9798362283732,1007.6509067992552
1001.9899181141866,1000.9949590570934,1000.9949590570933,1000.9949590570933,1006.1085297661826,1000.9949590570933,1000.9949590570933,1000.0,1003.9798362283732,1007.6509067992552
1001.9899181141866,1000.9949590570934,1000.9949590570933,1000.9949590570933,1006.1085297661826,1000.9949590570933,1000.9949590570933,1000.0,1003.9798362283732,1007.6509067992552
1001.9899181141866,1000.9949590570934,1000.9949590570933,1000.9949590570933,1006.1085297661826,1000.9949590570933,1000.9949590570933,1000.0,1003.9798362283732,1007.6509067992552
1001.9899181141866,1000.9949590570934,1000.9949590570933,1000.9949590570933,1006.1085297661826,1000.9949590570933,1000.9949590570933,1000.0,1003.9798362283732,1007.6509067992552
1001.9899181141866,1000.9949590570933,1000.9949590570933,1000.9949590570933,1006.1085297661826,1000.9949590570933,1000.9949590570933,1000.0,1003.9798362283732,1007.6509067992552
1001.9899181141866,1000.9949590570933,1000.9949590570933,1000.9949590570933,1006.1085297661826,1000.9949590570933,1000.9949590570933,1000.0,1003.9798362283732,1007.6509067992552
1001.9899181141866,1000.9949590570933,1000.9949590570933,1000.9949590570933,1006.1085297661826,1000.9949590570933,1000.9949590570933,1000.0,1003.9798362283732,1007.6509067992552
1001.9899181141866,1000.9949590570933,1000.9949590570933,1000.9949590570933,1006.1085297661826,1000.9949590570933,1000.9949590570933,1000.0,1003.9798362283732,1007.6509067992552
1001.9899181141866,1000.9949590570933,1000.9949590570933,1000.9949590570933,1006.1085297661826,1000.9949590570933,1000.9949590570933,1000.0,1003.9798362283732,1007.6509067992552
1001.9899181141866,1000.9949590570933,1000.9949590570933,1000.9949590570933,1006.1085297661826,1000.9949590570933,1000.9949590570933,1000.0,1003.9798362283732,1007.6509067992552
1001.9899181141866,1000.9949590570933,1000.9949590570933,1000.9949590570933,1006.1085297661826,1000.9949590570933,1000.9949590570933,1000.0,1003.9798362283732,1007.6509067992552
1001.9899181141866,1000.9949590570933,1000.9949590570933,1000.9949590570933,1006.1085297661826,1000.9949590570933,1000.9949590570933,1000.0,1003.9798362283732,1007.6509067992552
1001.9899181141866,1000.9949590570933,1000.9949590570933,1000.9949590570933,1006.1085297661826,1000.9949590570933,1000.9949590570933,1000.0,1003.9798362283732,1007.6509067992552
1001.9899181141866,1000.9949590570933,1000.9949590570933,1000.9949590570933,1006.1085297661826,1000.9949590570933,1000.9949590570933,1000.0,1003.9798362283732,1007.6509067992552
1001.9899181141866,1000.9949590570933,1000.9949590570933,1000.9949590570933,1006.1085297661826,1000.9949590570933,1000.9949590570933,1000.0,1003.9798362283732,1007.6509067992552
1001.9899181141866,1000.9949590570933,1000.9949590570933,1000.9949590570933,1006.1085297661826,1000.9949590570933,1000.9949590570933,1000.0,1003.9798362283732,1007.6509067992552
1001.9899181141866,1000.9949590570933,1000.9949590570933,1000.9949590570933,1006.1085297661826,1000.9949590570933,1000.9949590570933,1000.0,1003.9798362283732,1007.6509067992552
1001.9899181141866,1000.9949590570933,1000.9949590570933,1000.9949590570933,1006.1085297661826,1000.9949590570933,1000.9949590570933,1000.0,1003.9798362283732,1007.6509067992552
1001.9899181141866,1000.9949590570933,1000.9949590570933,1000.9949590570933,1006.1085297661826,1000.9949590570933,1000.9949590570933,1000.0,1003.9798362283732,1007.6509067992552
1001.9899181141866,1000.9949590570933,1000.9949590570933,1000.9949590570933,1006.1085297661826,1000.9949590570933,1000.9949590570933,1000.0,1003.9798362283732,1007.6509067992552
1001.9899181141866,1000.9949590570933,1000.9949590570933,1000.9949590570933,1006.1085297661826,1000.9949590570933,1000.9949590570933,1000.0,1003.9798362283732,1007.6509067992552
1001.9899181141866,1000.9949590570933,1000.9949590570933,1000.9949590570933,1006.1085297661826,1000.9949590570933,1000.9949590570933,1000.0,1003.9798362283732,1007.6509067992552
1001.9899181141866,1000.9949590570933,1000.9949590570933,1000.9949590570933,1006.1085297661826,1000.9949590570933,1000.9949590570933,1000.0,1003.9798362283732,1007.6509067992552
1001.9899181141866,1000.9949590570933,1000.9949590570933,1000.9949590570933,1006.1085297661826,1000.9949590570933,1000.9949590570933,1000.0,1003.9798362283732,1007.6509067992552
1001.9899181141866,1000.9949590570933,1000.9949590570933,1000.9949590570933,1006.1085297661826,1000.9949590570933,1000.9949590570933,1000.0,1003.9798362283732,1007.6509067992552
1001.9899181141866,1000.9949590570933,1000.9949590570933,1000.9949590570933,1006.1085297661826,1000.9949590570933,1000.9949590570933,1000.0,1003.9798362283732,1007.6509067992552
1001.9899181141866,1000.9949590570933,1000.9949590570933,1000.9949590570933,1006.1085297661826,1000.9949590570933,1000.9949590570933,1000.0,1003.9798362283732,1007.6509067992552
1001.9899181141866,1000.9949590570933,1000.9949590570933,1000.9949590570933,1006.1085297661826,1000.9949590570933,1000.9949590570933,1000.0,1003.9798362283732,1007.6509067992552
1001.9899181141866,1000.9949590570933,1000.9949590570933,1000.9949590570933,1006.1085297661826,1000.9949590570933,1000.9949590570933,1000.0,1003.9798362283732,1007.6509067992552
1001.9899181141866,1000.9949590570933,1000.9949590570933,1000.9949590570933,1006.1085297661826,1000.9949590570933,1000.9949590570933,1000.0,1003.9798362283732,1007.6509067992552
1001.9899181141866,1000.9949590570933,1000.9949590570933,1000.9949590570933,1006.1085297661826,1000.9949590570933,1000.9949590570933,1000.0,1003.9798362283732,1007.6509067992552
1001.9899181141866,1000.9949590570933,1000.9949590570933,1000.9949590570933,1006.1085297661826,1000.9949590570933,1000.9949590570933,1000.0,1003.9798362283732,1007.6509067992552
1001.9899181141866,1000.9949590570933,1000.9949590570933,1000.9949590570933,1006.1085297661826,1000.9949590570933,1000.9949590570933,1000.0,1003.9798362283732,1007.6509067992552
1001.9899181141866,1000.9949590570933,1000.9949590570933,1000.9949590570933,1006.1085297661826,1000.9949590570933,1000.9949590570933,1000.0,1003.9798362283732,1007.6509067992552
1001.9899181141866,1000.9949590570933,1000.9949590570933,1000.9949590570933,1006.1085297661826,1000.9949590570933,1000.9949590570933,1000.0,1003.9798362283732,1007.6509067992552
1001.9899181141866,1000.9949590570933,1000.9949590570933,1000.9949590570933,1006.1085297661826,1000.9949590570933,1000.9949590570933,1000.0,1003.9798362283732,1007.6509067992552
1001.9899181141866,1000.9949590570933,1000.9949590570933,1000.9949590570933,1006.1085297661826,1000.9949590570933,1000.9949590570933,1000.0,1003.9798362283732,1007.6509067992552
1001.9899181141866,1000.9949590570933,1000.9949590570933,1000.9949590570933,1006.1085297661826,1000.9949590570933,1000.9949590570933,1000.0,1003.9798362283732,1007.6509067992552
1001.9899181141866,1000.9949590570933,1000.9949590570933,1000.9949590570933,1006.1085297661826,1000.9949590570933,1000.9949590570933,1000.0,1003.9798362283732,1007.6509067992552
1001.9899181141866,1000.9949590570933,1000.9949590570933,1000.9949590570933,1006.1085297661826,1000.9949590570933,1000.9949590570933,1000.0,1003.9798362283732,1007.6509067992552
1001.9899181141866,1000.9949590570933,1000.9949590570933,1000.9949590570933,1006.1085297661826,1000.9949590570933,1000.9949590570933,1000.0,1003.9798362283732,1007.6509067992552
1001.9899181141866,1000.9949590570933,1000.9949590570933,1000.9949590570933,1006.1085297661826,1000.9949590570933,1000.9949590570933,1000.0,1003.9798362283732,1007.6509067992552
1001.9899181141866,1000.9949590570933,1000.9949590570933,1000.9949590570933,1006.1085297661826,1000.9949590570933,1000.9949590570933,1000.0,1003.9798362283732,1007.6509067992552
1001.9899181141866,1000.9949590570933,1000.9949590570933,1000.9949590570933,1006.1085297661826,1000.9949590570933,1000.9949590570933,1000.0,1003.9798362283732,1007.6509067992552
1001.9899181141866,1000.9949590570933,1000.9949590570933,1000.9949590570933,1006.1085297661826,1000.9949590570933,1000.9949590570933,1000.0,1003.9798362283732,1007.6509067992552
1001.9899181141866,1000.9949590570933,1000.9949590570933,1000.9949590570933,1006.1085297661826,1000.9949590570933,1000.9949590570933,1000.0,1003.9798362283732,1007.6509067992552
1001.9899181141866,1000.9949590570933,1000.9949590570933,1000.9949590570933,1006.1085297661826,1000.9949590570933,1000.9949590570933,1000.0,1003.9798362283732,1007.6509067992552
1001.9899181141866,1000.9949590570933,1000.9949590570933,1000.9949590570933,1006.1085297661826,1000.9949590570933,1000.9949590570933,1000.0,1003.9798362283732,1007.6509067992552
1001.9899181141866,1000.9949590570933,1000.9949590570933,1000.9949590570933,1006.1085297661826,1000.9949590570933,1000.9949590570933,1000.0,1003.9798362283732,1007.6509067992552
1001.9899181141866,1000.9949590570933,1000.9949590570933,1000.9949590570933,1006.1085297661826,1000.9949590570933,1000.9949590570933,1000.0,1003.9798362283732,1007.6509067992552
1001.9899181141866,1000.9949590570933,1000.9949590570933,1000.9949590570933,1006.1085297661826,1000.9949590570933,1000.9949590570933,1000.0,1003.9798362283732,1007.6509067992552
1001.9899181141866,1000.9949590570933,1000.9949590570933,1000.9949590570933,1006.1085297661826,1000.9949590570933,1000.9949590570933,1000.0,1003.9798362283732,1007.6509067992552
1001.9899181141866,1000.9949590570933,1000.9949590570933,1000.9949590570933,1006.1085297661826,1000.9949590570933,1000.9949590570933,1000.0,1003.9798362283732,1007.6509067992552
1001.9899181141866,1000.9949590570933,1000.9949590570933,1000.9949590570933,1006.1085297661826,1000.9949590570933,1000.9949590570933,1000.0,1003.9798362283732,1007.6509067992552
1001.9899181141866,1000.9949590570933,1000.9949590570933,1000.9949590570933,1006.1085297661826,1000.9949590570933,1000.9949590570933,1000.0,1003.9798362283732,1007.6509067992552
1001.9899181141866,1000.9949590570933,1000.9949590570933,1000.9949590570933,1006.1085297661826,1000.9949590570933,1000.9949590570933,1000.0,1003.9798362283732,1007.6509067992552
1001.9899181141866,1000.9949590570933,1000.9949590570933,1000.9949590570933,1006.1085297661826,1000.9949590570933,1000.9949590570933,1000.0,1003.9798362283732,1007.6509067992552
1001.9899181141866,1000.9949590570933,1000.9949590570933,1000.9949590570933,1006.1085297661826,1000.9949590570933,1000.9949590570933,1000.0,1003.9798362283732,1007.6509067992552
1001.9899181141866,1000.9949590570933,1000.9949590570933,1000.9949590570933,1006.1085297661826,1000.9949590570933,1000.9949590570933,1000.0,1003.9798362283732,1007.6509067992552
1001.9899181141866,1000.9949590570933,1000.9949590570933,1000.9949590570933,1006.1085297661826,1000.9949590570933,1000.9949590570933,1000.0,1003.9798362283732,1007.6509067992552
1001.9899181141866,1000.9949590570933,1000.9949590570933,1000.9949590570933,1006.1085297661826,1000.9949590570933,1000.9949590570933,1000.0,1003.9798362283732,1007.6509067992552
1001.9899181141866,1000.9949590570933,1000.9949590570933,1000.9949590570933,1006.1085297661826,1000.9949590570933,1000.9949590570933,1000.0,1003.9798362283732,1007.6509067992552
1001.9899181141866,1000.9949590570933,1000.9949590570933,1000.9949590570933,1006.1085297661826,1000.9949590570933,1000.9949590570933,1000.0,1003.9798362283732,1007.6509067992552
1001.9899181141866,1000.9949590570933,1000.9949590570933,1000.9949590570933,1006.1085297661826,1000.9949590570933,1000.9949590570933,1000.0,1003.9798362283732,1007.6509067992552
1001.9899181141866,1000.9949590570933,1000.9949590570933,1000.9949590570933,1006.1085297661826,1000.9949590570933,1000.9949590570933,1000.0,1003.9798362283732,1007.6509067992552
1001.9899181141866,1000.9949590570933,1000.9949590570933,1000.9949590570933,1006.1085297661826,1000.9949590570933,1000.9949590570933,1000.0,1003.9798362283732,1007.6509067992552
1001.9899181141866,1000.9949590570933,1000.9949590570933,1000.9949590570933,1006.1085297661826,1000.9949590570933,1000.9949590570933,1000.0,1003.9798362283732,1007.6509067992552
1001.9899181141866,1000.9949590570933,1000.9949590570933,1000.9949590570933,1006.1085297661826,1000.9949590570933,1000.9949590570933,1000.0,1003.9798362283732,1007.6509067992552
1001.9899181141866,1000.9949590570933,1000.9949590570933,1000.9949590570933,1006.1085297661826,1000.9949590570933,1000.9949590570933,1000.0,1003.9798362283732,1007.6509067992552
1001.9899181141866,1000.9949590570933,1000.9949590570933,1000.9949590570933,1006.1085297661826,1000.9949590570933,1000.9949590570933,1000.0,1003.9798362283732,1007.6509067992552
1001.9899181141866,1000.9949590570933,1000.9949590570933,1000.9949590570933,1006.1085297661826,1000.9949590570933,1000.9949590570933,1000.0,1003.9798362283732,1007.6509067992552
1001.9899181141866,1000.9949590570933,1000.9949590570933,1000.9949590570933,1006.1085297661826,1000.9949590570933,1000.9949590570933,1000.0,1003.9798362283732,1007.6509067992552
1001.9899181141866,1000.9949590570933,1000.9949590570933,1000.9949590570933,1006.1085297661826,1000.9949590570933,1000.9949590570933,1000.0,1003.9798362283732,1007.6509067992552
1001.9899181141866,1000.9949590570933,1000.9949590570933,1000.9949590570933,1006.1085297661826,1000.9949590570933,1000.9949590570933,1000.0,1003.9798362283732,1007.6509067992552
1001.9899181141866,1000.9949590570933,1000.9949590570933,1000.9949590570933,1006.1085297661826,1000.9949590570933,1000.9949590570933,1000.0,1003.9798362283732,1007.6509067992552
1001.9899181141866,1000.9949590570933,1000.9949590570933,1000.9949590570933,1006.1085297661826,1000.9949590570933,1000.9949590570933,1000.0,1003.9798362283732,1007.6509067992552
1001.9899181141866,1000.9949590570933,1000.9949590570933,1000.9949590570933,1006.1085297661826,1000.9949590570933,1000.9949590570933,1000.0,1003.9798362283732,1007.6509067992552
1001.9899181141866,1000.9949590570933,1000.9949590570933,1000.9949590570933,1006.1085297661826,1000.9949590570933,1000.9949590570933,1000.0,1003.9798362283732,1007.6509067992552
1001.9899181141866,1000.9949590570933,1000.9949590570933,1000.9949590570933,1006.1085297661826,1000.9949590570933,1000.9949590570933,1000.0,1003.9798362283732,1007.6509067992552
1001.9899181141866,1000.9949590570933,1000.9949590570933,1000.9949590570933,1006.1085297661826,1000.9949590570933,1000.9949590570933,1000.0,1003.9798362283732,1007.6509067992552
1001.9899181141866,1000.9949590570933,1000.9949590570933,1000.9949590570933,1006.1085297661826,1000.9949590570933,1000.9949590570933,1000.0,1003.9798362283732,1007.6509067992552
1001.9899181141866,1000.9949590570933,1000.9949590570933,1000.9949590570933,1006.1085297661826,1000.9949590570933,1000.9949590570933,1000.0,1003.9798362283732,1007.6509067992552
1001.9899181141866,1000.9949590570933,1000.9949590570933,1000.9949590570933,1006.1085297661826,1000.9949590570933,1000.9949590570933,1000.0,1003.9798362283732,1007.6509067992552
1001.9899181141866,1000.9949590570933,1000.9949590570933,1000.9949590570933,1006.1085297661826,1000.9949590570933,1000.9949590570933,1000.0,1003.9798362283732,1007.6509067992552
1001.9899181141866,1000.9949590570933,1000.9949590570933,1000.9949590570933,1006.1085297661826,1000.9949590570933,1000.9949590570933,1000.0,1003.9798362283732,1007.6509067992552
1001.9899181141866,1000.9949590570933,1000.9949590570933,1000.9949590570933,1006.1085297661826,1000.9949590570933,1000.9949590570933,1000.0,1003.9798362283732,1007.6509067992552
1001.9899181141866,1000.9949590570933,1000.9949590570933,1000.9949590570933,1006.1085297661826,1000.9949590570933,1000.9949590570933,1000.0,1003.9798362283732,1007.6509067992552
1001.9899181141866,1000.9949590570933,1000.9949590570933,1000.9949590570933,1006.1085297661826,1000.9949590570933,1000.9949590570933,1000.0,1003.9798362283732,1007.6509067992552
1001.9899181141866,1000.9949590570933,1000.9949590570933,1000.9949590570933,1006.1085297661826,1000.9949590570933,1000.9949590570933,1000.0,1003.9798362283732,1007.6509067992552
1001.9899181141866,1000.9949590570933,1000.9949590570933,1000.9949590570933,1006.1085297661826,1000.9949590570933,1000.9949590570933,1000.0,1003.9798362283732,1007.6509067992552
1001.9899181141866,1000.9949590570933,1000.9949590570933,1000.9949590570933,1006.1085297661826,1000.9949590570933,1000.9949590570933,1000.0,1003.9798362283732,1007.6509067992552
1001.9899181141866,1000.9949590570933,1000.9949590570933,1000.9949590570933,1006.1085297661826,1000.9949590570933,1000.9949590570933,1000.0,1003.9798362283732,1007.6509067992552
1001.9899181141866,1000.9949590570933,1000.9949590570933,1000.9949590570933,1006.1085297661826,1000.9949590570933,1000.9949590570933,1000.0,1003.9798362283732,1007.6509067992552
1001.9899181141866,1000.9949590570933,1000.9949590570933,1000.9949590570933,1006.1085297661826,1000.9949590570933,1000.9949590570933,1000.0,1003.9798362283732,1007.6509067992552
1001.9899181141866,1000.9949590570933,1000.9949590570933,1000.9949590570933,1006.1085297661826,1000.9949590570933,1000.9949590570933,1000.0,1003.9798362283732,1007.6509067992552
1001.9899181141866,1000.9949590570933,1000.9949590570933,1000.9949590570933,1006.1085297661826,1000.9949590570933,1000.9949590570933,1000.0,1003.9798362283732,1007.6509067992552
1001.9899181141866,1000.9949590570933,1000.9949590570933,1000.9949590570933,1006.1085297661826,1000.9949590570933,1000.9949590570933,1000.0,1003.9798362283732,1007.6509067992552
1001.9899181141866,1000.9949590570933,1000.9949590570933,1000.9949590570933,1006.1085297661826,1000.9949590570933,1000.9949590570933,1000.0,1003.9798362283732,1007.6509067992552
1001.9899181141866,1000.9949590570933,1000.9949590570933,1000.9949590570933,1006.1085297661826,1000.9949590570933,1000.9949590570933,1000.0,1003.9798362283732,1007.6509067992552
1001.9899181141866,1000.9949590570933,1000.9949590570933,1000.9949590570933,1006.1085297661826,1000.9949590570933,1000.9949590570933,1000.0,1003.9798362283732,1007.6509067992552
1001.9899181141866,1000.9949590570933,1000.9949590570933,1000.9949590570933,1006.1085297661826,1000.9949590570933,1000.9949590570933,1000.0,1003.9798362283732,1007.6509067992552
1001.9899181141866,1000.9949590570933,1000.9949590570933,1000.9949590570933,1006.1085297661826,1000.9949590570933,1000.9949590570933,1000.0,1003.9798362283732,1007.6509067992552
1001.9899181141866,1000.9949590570933,1000.9949590570933,1000.9949590570933,1006.1085297661826,1000.9949590570933,1000.9949590570933,1000.0,1003.9798362283732,1007.6509067992552
1001.9899181141866,1000.9949590570933,1000.9949590570933,1000.9949590570933,1006.1085297661826,1000.9949590570933,1000.9949590570933,1000.0,1003.9798362283732,1007.6509067992552
1001.9899181141866,1000.9949590570933,1000.9949590570933,1000.9949590570933,1006.1085297661826,1000.9949590570933,1000.9949590570933,1000.0,1003.9798362283732,1007.6509067992552
1001.9899181141866,1000.9949590570933,1000.9949590570933,1000.9949590570933,1006.1085297661826,1000.9949590570933,1000.9949590570933,1000.0,1003.9798362283732,1007.6509067992552
1001.9899181141866,1000.9949590570933,1000.9949590570933,1000.9949590570933,1006.1085297661826,1000.9949590570933,1000.9949590570933,1000.0,1003.9798362283732,1007.6509067992552
1001.9899181141866,1000.9949590570933,1000.9949590570933,1000.9949590570933,1006.1085297661826,1000.9949590570933,1000.9949590570933,1000.0,1003.9798362283732,1007.6509067992552
1001.9899181141866,1000.9949590570933,1000.9949590570933,1000.9949590570933,1006.1085297661826,1000.9949590570933,1000.9949590570933,1000.0,1003.9798362283732,1007.6509067992552
1001.9899181141866,1000.9949590570933,1000.9949590570933,1000.9949590570933,1006.1085297661826,1000.9949590570933,1000.9949590570933,1000.0,1003.9798362283732,1007.6509067992552
1001.9899181141866,1000.9949590570933,1000.9949590570933,1000.9949590570933,1006.1085297661826,1000.9949590570933,1000.9949590570933,1000.0,1003.9798362283732,1007.6509067992552
1001.9899181141866,1000.9949590570933,1000.9949590570933,1000.9949590570933,1006.1085297661826,1000.9949590570933,1000.9949590570933,1000.0,1003.9798362283732,1007.6509067992552
1001.9899181141866,1000.9949590570933,1000.9949590570933,1000.9949590570933,1006.1085297661826,1000.9949590570933,1000.9949590570933,1000.0,1003.9798362283732,1007.6509067992552
1001.9899181141866,1000.9949590570933,1000.9949590570933,1000.9949590570933,1006.1085297661826,1000.9949590570933,1000.9949590570933,1000.0,1003.9798362283732,1007.6509067992552
1001.9899181141866,1000.9949590570933,1000.9949590570933,1000.9949590570933,1006.1085297661826,1000.9949590570933,1000.9949590570933,1000.0,1003.9798362283732,1007.6509067992552
1001.9899181141866,1000.9949590570933,1000.9949590570933,1000.9949590570933,1006.1085297661826,1000.9949590570933,1000.9949590570933,1000.0,1003.9798362283732,1007.6509067992552
1001.9899181141866,1000.9949590570933,1000.9949590570933,1000.9949590570933,1006.1085297661826,1000.9949590570933,1000.9949590570933,1000.0,1003.9798362283732,1007.6509067992552
1001.9899181141866,1000.9949590570933,1000.9949590570933,1000.9949590570933,1006.1085297661826,1000.9949590570933,1000.9949590570933,1000.0,1003.9798362283732,1007.6509067992552
1001.9899181141866,1000.9949590570933,1000.9949590570933,1000.9949590570933,1006.1085297661826,1000.9949590570933,1000.9949590570933,1000.0,1003.9798362283732,1007.6509067992552
1001.9899181141866,1000.9949590570933,1000.9949590570933,1000.9949590570933,1006.1085297661826,1000.9949590570933,1000.9949590570933,1000.0,1003.9798362283732,1007.6509067992552
1001.9899181141866,1000.9949590570933,1000.9949590570933,1000.9949590570933,1006.1085297661826,1000.9949590570933,1000.9949590570933,1000.0,1003.9798362283732,1007.6509067992552
1001.9899181141866,1000.9949590570933,1000.9949590570933,1000.9949590570933,1006.1085297661826,1000.9949590570933,1000.9949590570933,1000.0,1003.9798362283732,1007.6509067992552
1001.9899181141866,1000.9949590570933,1000.9949590570933,1000.9949590570933,1006.1085297661826,1000.9949590570933,1000.9949590570933,1000.0,1003.9798362283732,1007.6509067992552
1001.9899181141866,1000.9949590570933,1000.9949590570933,1000.9949590570933,1006.1085297661826,1000.9949590570933,1000.9949590570933,1000.0,1003.9798362283732,1007.6509067992552
1001.9899181141866,1000.9949590570933,1000.9949590570933,1000.9949590570933,1006.1085297661826,1000.9949590570933,1000.9949590570933,1000.0,1003.9798362283732,1007.6509067992552
1001.9899181141866,1000.9949590570933,1000.9949590570933,1000.9949590570933,1006.1085297661826,1000.9949590570933,1000.9949590570933,1000.0,1003.9798362283732,1007.6509067992552
1001.9899181141866,1000.9949590570933,1000.9949590570933,1000.9949590570933,1006.1085297661826,1000.9949590570933,1000.9949590570933,1000.0,1003.9798362283732,1007.6509067992552
1001.9899181141866,1000.9949590570933,1000.9949590570933,1000.9949590570933,1006.1085297661826,1000.9949590570933,1000.9949590570933,1000.0,1003.9798362283732,1007.6509067992552
1001.9899181141866,1000.9949590570933,1000.9949590570933,1000.9949590570933,1006.1085297661826,1000.9949590570933,1000.9949590570933,1000.0,1003.9798362283732,1007.6509067992552
1001.9899181141866,1000.9949590570933,1000.9949590570933,1000.9949590570933,1006.1085297661826,1000.9949590570933,1000.9949590570933,1000.0,1003.9798362283732,1007.6509067992552
1001.9899181141866,1000.9949590570933,1000.9949590570933,1000.9949590570933,1006.1085297661826,1000.9949590570933,1000.9949590570933,1000.0,1003.9798362283732,1007.6509067992552
1001.9899181141866,1000.9949590570933,1000.9949590570933,1000.9949590570933,1006.1085297661826,1000.9949590570933,1000.9949590570933,1000.0,1003.9798362283732,1007.6509067992552
1001.9899181141866,1000.9949590570933,1000.9949590570933,1000.9949590570933,1006.1085297661826,1000.9949590570933,1000.9949590570933,1000.0,1003.9798362283732,1007.6509067992552
1001.9899181141866,1000.9949590570933,1000.9949590570933,1000.9949590570933,1006.1085297661826,1000.9949590570933,1000.9949590570933,1000.0,1003.9798362283732,1007.6509067992552
1001.9899181141866,1000.9949590570933,1000.9949590570933,1000.9949590570933,1006.1085297661826,1000.9949590570933,1000.9949590570933,1000.0,1003.9798362283732,1007.6509067992552
1001.9899181141866,1000.9949590570933,1000.9949590570933,1000.9949590570933,1006.1085297661826,1000.9949590570933,1000.9949590570933,1000.0,1003.9798362283732,1007.6509067992552
1001.9899181141866,1000.9949590570933,1000.9949590570933,1000.9949590570933,1006.1085297661826,1000.9949590570933,1000.9949590570933,1000.0,1003.9798362283732,1007.6509067992552
1001.9899181141866,1000.9949590570933,1000.9949590570933,1000.9949590570933,1006.1085297661826,1000.9949590570933,1000.9949590570933,1000.0,1003.9798362283732,1007.6509067992552
1001.9899181141866,1000.9949590570933,1000.9949590570933,1000.9949590570933,1006.1085297661826,1000.9949590570933,1000.9949590570933,1000.0,1003.9798362283732,1007.6509067992552
1001.9899181141866,1000.9949590570933,1000.9949590570933,1000.9949590570933,1006.1085297661826,1000.9949590570933,1000.9949590570933,1000.0,1003.9798362283732,1007.6509067992552
1001.9899181141866,1000.9949590570933,1000.9949590570933,1000.9949590570933,1006.1085297661826,1000.9949590570933,1000.9949590570933,1000.0,1003.9798362283732,1007.6509067992552
1001.9899181141866,1000.9949590570933,1000.9949590570933,1000.9949590570933,1006.1085297661826,1000.9949590570933,1000.9949590570933,1000.0,1003.9798362283732,1007.6509067992552
1001.9899181141866,1000.9949590570933,1000.9949590570933,1000.9949590570933,1006.1085297661826,1000.9949590570933,1000.9949590570933,1000.0,1003.9798362283732,1007.6509067992552
1001.9899181141866,1000.9949590570933,1000.9949590570933,1000.9949590570933,1006.1085297661826,1000.9949590570933,1000.9949590570933,1000.0,1003.9798362283732,1007.6509067992552
1001.9899181141866,1000.9949590570933,1000.9949590570933,1000.9949590570933,1006.1085297661826,1000.9949590570933,1000.9949590570933,1000.0,1003.9798362283732,1007.6509067992552
1001.9899181141866,1000.9949590570933,1000.9949590570933,1000.9949590570933,1006.1085297661826,1000.9949590570933,1000.9949590570933,1000.0,1003.9798362283732,1007.6509067992552
1001.9899181141866,1000.9949590570933,1000.9949590570933,1000.9949590570933,1006.1085297661826,1000.9949590570933,1000.9949590570933,1000.0,1003.9798362283732,1007.6509067992552
1001.9899181141866,1000.9949590570933,1000.9949590570933,1000.9949590570933,1006.1085297661826,1000.9949590570933,1000.9949590570933,1000.0,1003.9798362283732,1007.6509067992552
1001.9899181141866,1000.9949590570933,1000.9949590570933,1000.9949590570933,1006.1085297661826,1000.9949590570933,1000.9949590570933,1000.0,1003.9798362283732,1007.6509067992552
1001.9899181141866,1000.9949590570933,1000.9949590570933,1000.9949590570933,1006.1085297661826,1000.9949590570933,1000.9949590570933,1000.0,1003.9798362283732,1007.6509067992552
1001.9899181141866,1000.9949590570933,1000.9949590570933,1000.9949590570933,1006.1085297661826,1000.9949590570933,1000.9949590570933,1000.0,1003.9798362283732,1007.6509067992552
1001.9899181141866,1000.9949590570933,1000.9949590570933,1000.9949590570933,1006.1085297661826,1000.9949590570933,1000.9949590570933,1000.0,1003.9798362283732,1007.6509067992552
1001.9899181141866,1000.9949590570933,1000.9949590570933,1000.9949590570933,1006.1085297661826,1000.9949590570933,1000.9949590570933,1000.0,1003.9798362283732,1007.6509067992552
1001.9899181141866,1000.9949590570933,1000.9949590570933,1000.9949590570933,1006.1085297661826,1000.9949590570933,1000.9949590570933,1000.0,1003.9798362283732,1007.6509067992552
1001.9899181141866,1000.9949590570933,1000.9949590570933,1000.9949590570933,1006.1085297661826,1000.9949590570933,1000.9949590570933,1000.0,1003.9798362283732,1007.6509067992552
1001.9899181141866,1000.9949590570933,1000.9949590570933,1000.9949590570933,1006.1085297661826,1000.9949590570933,1000.9949590570933,1000.0,1003.9798362283732,1007.6509067992552
1001.9899181141866,1000.9949590570933,1000.9949590570933,1000.9949590570933,1006.1085297661826,1000.9949590570933,1000.9949590570933,1000.0,1003.9798362283732,1007.6509067992552
1001.9899181141866,1000.9949590570933,1000.9949590570933,1000.9949590570933,1006.1085297661826,1000.9949590570933,1000.9949590570933,1000.0,1003.9798362283732,1007.6509067992552
1001.9899181141866,1000.9949590570933,1000.9949590570933,1000.9949590570933,1006.1085297661826,1000.9949590570933,1000.9949590570933,1000.0,1003.9798362283732,1007.6509067992552
1001.9899181141866,1000.9949590570933,1000.9949590570933,1000.9949590570933,1006.1085297661826,1000.9949590570933,1000.9949590570933,1000.0,1003.9798362283732,1007.6509067992552
1001.9899181141866,1000.9949590570933,1000.9949590570933,1000.9949590570933,1006.1085297661826,1000.9949590570933,1000.9949590570933,1000.0,1003.9798362283732,1007.6509067992552
1001.9899181141866,1000.9949590570933,1000.9949590570933,1000.9949590570933,1006.1085297661826,1000.9949590570933,1000.9949590570933,1000.0,1003.9798362283732,1007.6509067992552
1001.9899181141866,1000.9949590570933,1000.9949590570933,1000.9949590570933,1006.1085297661826,1000.9949590570933,1000.9949590570933,1000.0,1003.9798362283732,1007.6509067992552
1001.9899181141866,1000.9949590570933,1000.9949590570933,1000.9949590570933,1006.1085297661826,1000.9949590570933,1000.9949590570933,1000.0,1003.9798362283732,1007.6509067992552
1001.9899181141866,1000.9949590570933,1000.9949590570933,1000.9949590570933,1006.1085297661826,1000.9949590570933,1000.9949590570933,1000.0,1003.9798362283732,1007.6509067992552
1001.9899181141866,1000.9949590570933,1000.9949590570933,1000.9949590570933,1006.1085297661826,1000.9949590570933,1000.9949590570933,1000.0,1003.9798362283732,1007.6509067992552
1001.9899181141866,1000.9949590570933,1000.9949590570933,1000.9949590570933,1006.1085297661826,1000.9949590570933,1000.9949590570933,1000.0,1003.9798362283732,1007.6509067992552
1001.9899181141866,1000.9949590570933,1000.9949590570933,1000.9949590570933,1006.1085297661826,1000.9949590570933,1000.9949590570933,1000.0,1003.9798362283732,1007.6509067992552
1001.9899181141866,1000.9949590570933,1000.9949590570933,1000.9949590570933,1006.1085297661826,1000.9949590570933,1000.9949590570933,1000.0,1003.9798362283732,1007.6509067992552
1001.9899181141866,1000.9949590570933,1000.9949590570933,1000.9949590570933,1006.1085297661826,1000.9949590570933,1000.9949590570933,1000.0,1003.9798362283732,1007.6509067992552
1001.9899181141866,1000.9949590570933,1000.9949590570933,1000.9949590570933,1006.1085297661826,1000.9949590570933,1000.9949590570933,1000.0,1003.9798362283732,1007.6509067992552
1001.9899181141866,1000.9949590570933,1000.9949590570933,1000.9949590570933,1006.1085297661826,1000.9949590570933,1000.9949590570933,1000.0,1003.9798362283732,1007.6509067992552
1001.9899181141866,1000.9949590570933,1000.9949590570933,1000.9949590570933,1006.1085297661826,1000.9949590570933,1000.9949590570933,1000.0,1003.9798362283732,1007.6509067992552
1001.9899181141866,1000.9949590570933,1000.9949590570933,1000.9949590570933,1006.1085297661826,1000.9949590570933,1000.9949590570933,1000.0,1003.9798362283732,1007.6509067992552
1001.9899181141866,1000.9949590570933,1000.9949590570933,1000.9949590570933,1006.1085297661826,1000.9949590570933,1000.9949590570933,1000.0,1003.9798362283732,1007.6509067992552
1001.9899181141866,1000.9949590570933,1000.9949590570933,1000.9949590570933,1006.1085297661826,1000.9949590570933,1000.9949590570933,1000.0,1003.9798362283732,1007.6509067992552
1001.9899181141866,1000.9949590570933,1000.9949590570933,1000.9949590570933,1006.1085297661826,1000.9949590570933,1000.9949590570933,1000.0,1003.9798362283732,1007.6509067992552
1001.9899181141866,1000.9949590570933,1000.9949590570933,1000.9949590570933,1006.1085297661826,1000.9949590570933,1000.9949590570933,1000.0,1003.9798362283732,1007.6509067992552
1001.9899181141866,1000.9949590570933,1000.9949590570933,1000.9949590570933,1006.1085297661826,1000.9949590570933,1000.9949590570933,1000.0,1003.9798362283732,1007.6509067992552
1001.9899181141866,1000.9949590570933,1000.9949590570933,1000.9949590570933,1006.1085297661826,1000.9949590570933,1000.9949590570933,1000.0,1003.9798362283732,1007.6509067992552
1001.9899181141866,1000.9949590570933,1000.9949590570933,1000.9949590570933,1006.1085297661826,1000.9949590570933,1000.9949590570933,1000.0,1003.9798362283732,1007.6509067992552
1001.9899181141866,1000.9949590570933,1000.9949590570933,1000.9949590570933,1006.1085297661826,1000.9949590570933,1000.9949590570933,1000.0,1003.9798362283732,1007.6509067992552
1001.9899181141866,1000.9949590570933,1000.9949590570933,1000.9949590570933,1006.1085297661826,1000.9949590570933,1000.9949590570933,1000.0,1003.9798362283732,1007.6509067992552
1001.9899181141866,1000.9949590570933,1000.9949590570933,1000.9949590570933,1006.1085297661826,1000.9949590570933,1000.9949590570933,1000.0,1003.9798362283732,1007.6509067992552
1001.9899181141866,1000.9949590570933,1000.9949590570933,1000.9949590570933,1006.1085297661826,1000.9949590570933,1000.9949590570933,1000.0,1003.9798362283732,1007.6509067992552
1001.9899181141866,1000.9949590570933,1000.9949590570933,1000.9949590570933,1006.1085297661826,1000.9949590570933,1000.9949590570933,1000.0,1003.9798362283732,1007.6509067992552
1001.9899181141866,1000.9949590570933,1000.9949590570933,1000.9949590570933,1006.1085297661826,1000.9949590570933,1000.9949590570933,1000.0,1003.9798362283732,1007.6509067992552
1001.9899181141866,1000.9949590570933,1000.9949590570933,1000.9949590570933,1006.1085297661826,1000.9949590570933,1000.9949590570933,1000.0,1003.9798362283732,1007.6509067992552
1001.9899181141866,1000.9949590570933,1000.9949590570933,1000.9949590570933,1006.1085297661826,1000.9949590570933,1000.9949590570933,1000.0,1003.9798362283732,1007.6509067992552
1001.9899181141866,1000.9949590570933,1000.9949590570933,1000.9949590570933,1006.1085297661826,1000.9949590570933,1000.9949590570933,1000.0,1003.9798362283732,1007.6509067992552
1001.9899181141866,1000.9949590570933,1000.9949590570933,1000.9949590570933,1006.1085297661826,1000.9949590570933,1000.9949590570933,1000.0,1003.9798362283732,1007.6509067992552
1001.9899181141866,1000.9949590570933,1000.9949590570933,1000.9949590570933,1006.1085297661826,1000.9949590570933,1000.9949590570933,1000.0,1003.9798362283732,1007.6509067992552
1001.9899181141866,1000.9949590570933,1000.9949590570933,1000.9949590570933,1006.1085297661826,1000.9949590570933,1000.9949590570933,1000.0,1003.9798362283732,1007.6509067992552
1001.9899181141866,1000.9949590570933,1000.9949590570933,1000.9949590570933,1006.1085297661826,1000.9949590570933,1000.9949590570933,1000.0,1003.9798362283732,1007.6509067992552
1001.9899181141866,1000.9949590570933,1000.9949590570933,1000.9949590570933,1006.1085297661826,1000.9949590570933,1000.9949590570933,1000.0,1003.9798362283732,1007.6509067992552
1001.9899181141866,1000.9949590570933,1000.9949590570933,1000.9949590570933,1006.1085297661826,1000.9949590570933,1000.9949590570933,1000.0,1003.9798362283732,1007.6509067992552
1001.9899181141866,1000.9949590570933,1000.9949590570933,1000.9949590570933,1006.1085297661826,1000.9949590570933,1000.9949590570933,1000.0,1003.9798362283732,1007.6509067992552
1001.9899181141866,1000.9949590570933,1000.9949590570933,1000.9949590570933,1006.1085297661826,1000.9949590570933,1000.9949590570933,1000.0,1003.9798362283732,1007.6509067992552
1001.9899181141866,1000.9949590570933,1000.9949590570933,1000.9949590570933,1006.1085297661826,1000.9949590570933,1000.9949590570933,1000.0,1003.9798362283732,1007.6509067992552
1001.9899181141866,1000.9949590570933,1000.9949590570933,1000.9949590570933,1006.1085297661826,1000.9949590570933,1000.9949590570933,1000.0,1003.9798362283732,1007.6509067992552
1001.9899181141866,1000.9949590570933,1000.9949590570933,1000.9949590570933,1006.1085297661826,1000.9949590570933,1000.9949590570933,1000.0,1003.9798362283732,1007.6509067992552
1001.9899181141866,1000.9949590570933,1000.9949590570933,1000.9949590570933,1006.1085297661826,1000.9949590570933,1000.9949590570933,1000.0,1003.9798362283732,1007.6509067992552
1001.9899181141866,1000.9949590570933,1000.9949590570933,1000.9949590570933,1006.1085297661826,1000.9949590570933,1000.9949590570933,1000.0,1003.9798362283732,1007.6509067992552
1001.9899181141866,1000.9949590570933,1000.9949590570933,1000.9949590570933,1006.1085297661826,1000.9949590570933,1000.9949590570933,1000.0,1003.9798362283732,1007.6509067992552
1001.9899181141866,1000.9949590570933,1000.9949590570933,1000.9949590570933,1006.1085297661826,1000.9949590570933,1000.9949590570933,1000.0,1003.9798362283732,1007.6509067992552
1001.9899181141866,1000.9949590570933,1000.9949590570933,1000.9949590570933,1006.1085297661826,1000.9949590570933,1000.9949590570933,1000.0,1003.9798362283732,1007.6509067992552
1001.9899181141866,1000.9949590570933,1000.9949590570933,1000.9949590570933,1006.1085297661826,1000.9949590570933,1000.9949590570933,1000.0,1003.9798362283732,1007.6509067992552
1001.9899181141866,1000.9949590570933,1000.9949590570933,1000.9949590570933,1006.1085297661826,1000.9949590570933,1000.9949590570933,1000.0,1003.9798362283732,1007.6509067992552
1001.9899181141866,1000.9949590570933,1000.9949590570933,1000.9949590570933,1006.1085297661826,1000.9949590570933,1000.9949590570933,1000.0,1003.9798362283732,1007.6509067992552
1001.9899181141866,1000.9949590570933,1000.9949590570933,1000.9949590570933,1006.1085297661826,1000.9949590570933,1000.9949590570933,1000.0,1003.9798362283732,1007.6509067992552
1001.9899181141866,1000.9949590570933,1000.9949590570933,1000.9949590570933,1006.1085297661826,1000.9949590570933,1000.9949590570933,1000.0,1003.9798362283732,1007.6509067992552
1001.9899181141866,1000.9949590570933,1000.9949590570933,1000.9949590570933,1006.1085297661826,1000.9949590570933,1000.9949590570933,1000.0,1003.9798362283732,1007.6509067992552
1001.9899181141866,1000.9949590570933,1000.9949590570933,1000.9949590570933,1006.1085297661826,1000.9949590570933,1000.9949590570933,1000.0,1003.9798362283732,1007.6509067992552
1001.9899181141866,1000.9949590570933,1000.9949590570933,1000.9949590570933,1006.1085297661826,1000.9949590570933,1000.9949590570933,1000.0,1003.9798362283732,1007.6509067992552
1001.9899181141866,1000.9949590570933,1000.9949590570933,1000.9949590570933,1006.1085297661826,1000.9949590570933,1000.9949590570933,1000.0,1003.9798362283732,1007.6509067992552
1001.9899181141866,1000.9949590570933,1000.9949590570933,1000.9949590570933,1006.1085297661826,1000.9949590570933,1000.9949590570933,1000.0,1003.9798362283732,1007.6509067992552
1001.9899181141866,1000.9949590570933,1000.9949590570933,1000.9949590570933,1006.1085297661826,1000.9949590570933,1000.9949590570933,1000.0,1003.9798362283732,1007.6509067992552
1001.9899181141866,1000.9949590570933,1000.9949590570933,1000.9949590570933,1006.1085297661826,1000.9949590570933,1000.9949590570933,1000.0,1003.9798362283732,1007.6509067992552
1001.9899181141866,1000.9949590570933,1000.9949590570933,1000.9949590570933,1006.1085297661826,1000.9949590570933,1000.9949590570933,1000.0,1003.9798362283732,1007.6509067992552
1001.9899181141866,1000.9949590570933,1000.9949590570933,1000.9949590570933,1006.1085297661826,1000.9949590570933,1000.9949590570933,1000.0,1003.9798362283732,1007.6509067992552
1001.9899181141866,1000.9949590570933,1000.9949590570933,1000.9949590570933,1006.1085297661826,1000.9949590570933,1000.9949590570933,1000.0,1003.9798362283732,1007.6509067992552
1001.9899181141866,1000.9949590570933,1000.9949590570933,1000.9949590570933,1006.1085297661826,1000.9949590570933,1000.9949590570933,1000.0,1003.9798362283732,1007.6509067992552
1001.9899181141866,1000.9949590570933,1000.9949590570933,1000.9949590570933,1006.1085297661826,1000.9949590570933,1000.9949590570933,1000.0,1003.9798362283732,1007.6509067992552
1001.9899181141866,1000.9949590570933,1000.9949590570933,1000.9949590570933,1006.1085297661826,1000.9949590570933,1000.9949590570933,1000.0,1003.9798362283732,1007.6509067992552
1001.9899181141866,1000.9949590570933,1000.9949590570933,1000.9949590570933,1006.1085297661826,1000.9949590570933,1000.9949590570933,1000.0,1003.9798362283732,1007.6509067992552
1001.9899181141866,1000.9949590570933,1000.9949590570933,1000.9949590570933,1006.1085297661826,1000.9949590570933,1000.9949590570933,1000.0,1003.9798362283732,1007.6509067992552
1001.9899181141866,1000.9949590570933,1000.9949590570933,1000.9949590570933,1006.1085297661826,1000.9949590570933,1000.9949590570933,1000.0,1003.9798362283732,1007.6509067992552
1001.9899181141866,1000.9949590570933,1000.9949590570933,1000.9949590570933,1006.1085297661826,1000.9949590570933,1000.9949590570933,1000.0,1003.9798362283732,1007.6509067992552
1001.9899181141866,1000.9949590570933,1000.9949590570933,1000.9949590570933,1006.1085297661826,1000.9949590570933,1000.9949590570933,1000.0,1003.9798362283732,1007.6509067992552
1001.9899181141866,1000.9949590570933,1000.9949590570933,1000.9949590570933,1006.1085297661826,1000.9949590570933,1000.9949590570933,1000.0,1003.9798362283732,1007.6509067992552
1001.9899181141866,1000.9949590570933,1000.9949590570933,1000.9949590570933,1006.1085297661826,1000.9949590570933,1000.9949590570933,1000.0,1003.9798362283732,1007.6509067992552
1001.9899181141866,1000.9949590570933,1000.9949590570933,1000.9949590570933,1006.1085297661826,1000.9949590570933,1000.9949590570933,1000.0,1003.9798362283732,1007.6509067992552
1001.9899181141866,1000.9949590570933,1000.9949590570933,1000.9949590570933,1006.1085297661826,1000.9949590570933,1000.9949590570933,1000.0,1003.9798362283732,1007.6509067992552
1001.9899181141866,1000.9949590570933,1000.9949590570933,1000.9949590570933,1006.1085297661826,1000.9949590570933,1000.9949590570933,1000.0,1003.9798362283732,1007.6509067992552
1001.9899181141866,1000.9949590570933,1000.9949590570933,1000.9949590570933,1006.1085297661826,1000.9949590570933,1000.9949590570933,1000.0,1003.9798362283732,1007.6509067992552
1001.9899181141866,1000.9949590570933,1000.9949590570933,1000.9949590570933,1006.1085297661826,1000.9949590570933,1000.9949590570933,1000.0,1003.9798362283732,1007.6509067992552
1001.9899181141866,1000.9949590570933,1000.9949590570933,1000.9949590570933,1006.1085297661826,1000.9949590570933,1000.9949590570933,1000.0,1003.9798362283732,1007.6509067992552
1001.9899181141866,1000.9949590570933,1000.9949590570933,1000.9949590570933,1006.1085297661826,1000.9949590570933,1000.9949590570933,1000.0,1003.9798362283732,1007.6509067992552
1001.9899181141866,1000.9949590570933,1000.9949590570933,1000.9949590570933,1006.1085297661826,1000.9949590570933,1000.9949590570933,1000.0,1003.9798362283732,1007.6509067992552
1001.9899181141866,1000.9949590570933,1000.9949590570933,1000.9949590570933,1006.1085297661826,1000.9949590570933,1000.9949590570933,1000.0,1003.9798362283732,1007.6509067992552
1001.9899181141866,1000.9949590570933,1000.9949590570933,1000.9949590570933,1006.1085297661826,1000.9949590570933,1000.9949590570933,1000.0,1003.9798362283732,1007.6509067992552
1001.9899181141866,1000.9949590570933,1000.9949590570933,1000.9949590570933,1006.1085297661826,1000.9949590570933,1000.9949590570933,1000.0,1003.9798362283732,1007.6509067992552
1001.9899181141866,1000.9949590570933,1000.9949590570933,1000.9949590570933,1006.1085297661826,1000.9949590570933,1000.9949590570933,1000.0,1003.9798362283732,1007.6509067992552
1001.9899181141866,1000.9949590570933,1000.9949590570933,1000.9949590570933,1006.1085297661826,1000.9949590570933,1000.9949590570933,1000.0,1003.9798362283732,1007.6509067992552
1001.9899181141866,1000.9949590570933,1000.9949590570933,1000.9949590570933,1006.1085297661826,1000.9949590570933,1000.9949590570933,1000.0,1003.9798362283732,1007.6509067992552
1001.9899181141866,1000.9949590570933,1000.9949590570933,1000.9949590570933,1006.1085297661826,1000.9949590570933,1000.9949590570933,1000.0,1003.9798362283732,1007.6509067992552
1001.9899181141866,1000.9949590570933,1000.9949590570933,1000.9949590570933,1006.1085297661826,1000.9949590570933,1000.9949590570933,1000.0,1003.9798362283732,1007.6509067992552
1001.9899181141866,1000.9949590570933,1000.9949590570933,1000.9949590570933,1006.1085297661826,1000.9949590570933,1000.9949590570933,1000.0,1003.9798362283732,1007.6509067992552
1001.9899181141866,1000.9949590570933,1000.9949590570933,1000.9949590570933,1006.1085297661826,1000.9949590570933,1000.9949590570933,1000.0,1003.9798362283732,1007.6509067992552
1001.9899181141866,1000.9949590570933,1000.9949590570933,1000.9949590570933,1006.1085297661826,1000.9949590570933,1000.9949590570933,1000.0,1003.9798362283732,1007.6509067992552
1001.9899181141866,1000.9949590570933,1000.9949590570933,1000.9949590570933,1006.1085297661826,1000.9949590570933,1000.9949590570933,1000.0,1003.9798362283732,1007.6509067992552
1001.9899181141866,1000.9949590570933,1000.9949590570933,1000.9949590570933,1006.1085297661826,1000.9949590570933,1000.9949590570933,1000.0,1003.9798362283732,1007.6509067992552
1001.9899181141866,1000.9949590570933,1000.9949590570933,1000.9949590570933,1006.1085297661826,1000.9949590570933,1000.9949590570933,1000.0,1003.9798362283732,1007.6509067992552
1001.9899181141866,1000.9949590570933,1000.9949590570933,1000.9949590570933,1006.1085297661826,1000.9949590570933,1000.9949590570933,1000.0,1003.9798362283732,1007.6509067992552
1001.9899181141866,1000.9949590570933,1000.9949590570933,1000.9949590570933,1006.1085297661826,1000.9949590570933,1000.9949590570933,1000.0,1003.9798362283732,1007.6509067992552
1001.9899181141866,1000.9949590570933,1000.9949590570933,1000.9949590570933,1006.1085297661826,1000.9949590570933,1000.9949590570933,1000.0,1003.9798362283732,1007.6509067992552
1001.9899181141866,1000.9949590570933,1000.9949590570933,1000.9949590570933,1006.1085297661826,1000.9949590570933,1000.9949590570933,1000.0,1003.9798362283732,1007.6509067992552
1001.9899181141866,1000.9949590570933,1000.9949590570933,1000.9949590570933,1006.1085297661826,1000.9949590570933,1000.9949590570933,1000.0,1003.9798362283732,1007.6509067992552
1001.9899181141866,1000.9949590570933,1000.9949590570933,1000.9949590570933,1006.1085297661826,1000.9949590570933,1000.9949590570933,1000.0,1003.9798362283732,1007.6509067992552
1001.9899181141866,1000.9949590570933,1000.9949590570933,1000.9949590570933,1006.1085297661826,1000.9949590570933,1000.9949590570933,1000.0,1003.9798362283732,1007.6509067992552
1001.9899181141866,1000.9949590570933,1000.9949590570933,1000.9949590570933,1006.1085297661826,1000.9949590570933,1000.9949590570933,1000.0,1003.9798362283732,1007.6509067992552
1001.9899181141866,1000.9949590570933,1000.9949590570933,1000.9949590570933,1006.1085297661826,1000.9949590570933,1000.9949590570933,1000.0,1003.9798362283732,1007.6509067992552
1001.9899181141866,1000.9949590570933,1000.9949590570933,1000.9949590570933,1006.1085297661826,1000.9949590570933,1000.9949590570933,1000.0,1003.9798362283732,1007.6509067992552
1001.9899181141866,1000.9949590570933,1000.9949590570933,1000.9949590570933,1006.1085297661826,1000.9949590570933,1000.9949590570933,1000.0,1003.9798362283732,1007.6509067992552
1001.9899181141866,1000.9949590570933,1000.9949590570933,1000.9949590570933,1006.1085297661826,1000.9949590570933,1000.9949590570933,1000.0,1003.9798362283732,1007.6509067992552
1001.9899181141866,1000.9949590570933,1000.9949590570933,1000.9949590570933,1006.1085297661826,1000.9949590570933,1000.9949590570933,1000.0,1003.9798362283732,1007.6509067992552
1001.9899181141866,1000.9949590570933,1000.9949590570933,1000.9949590570933,1006.1085297661826,1000.9949590570933,1000.9949590570933,1000.0,1003.9798362283732,1007.6509067992552
1001.9899181141866,1000.9949590570933,1000.9949590570933,1000.9949590570933,1006.1085297661826,1000.9949590570933,1000.9949590570933,1000.0,1003.9798362283732,1007.6509067992552
1001.9899181141866,1000.9949590570933,1000.9949590570933,1000.9949590570933,1006.1085297661826,1000.9949590570933,1000.9949590570933,1000.0,1003.9798362283732,1007.6509067992552
1001.9899181141866,1000.9949590570933,1000.9949590570933,1000.9949590570933,1006.1085297661826,1000.9949590570933,1000.9949590570933,1000.0,1003.9798362283732,1007.6509067992552
1001.9899181141866,1000.9949590570933,1000.9949590570933,1000.9949590570933,1006.1085297661826,1000.9949590570933,1000.9949590570933,1000.0,1003.9798362283732,1007.6509067992552
1001.9899181141866,1000.9949590570933,1000.9949590570933,1000.9949590570933,1006.1085297661826,1000.9949590570933,1000.9949590570933,1000.0,1003.9798362283732,1007.6509067992552
1001.9899181141866,1000.9949590570933,1000.9949590570933,1000.9949590570933,1006.1085297661826,1000.9949590570933,1000.9949590570933,1000.0,1003.9798362283732,1007.6509067992552
1001.9899181141866,1000.9949590570933,1000.9949590570933,1000.9949590570933,1006.1085297661826,1000.9949590570933,1000.9949590570933,1000.0,1003.9798362283732,1007.6509067992552
1001.9899181141866,1000.9949590570933,1000.9949590570933,1000.9949590570933,1006.1085297661826,1000.9949590570933,1000.9949590570933,1000.0,1003.9798362283732,1007.6509067992552
1001.9899181141866,1000.9949590570933,1000.9949590570933,1000.9949590570933,1006.1085297661826,1000.9949590570933,1000.9949590570933,1000.0,1003.9798362283732,1007.6509067992552
1001.9899181141866,1000.9949590570933,1000.9949590570933,1000.9949590570933,1006.1085297661826,1000.9949590570933,1000.9949590570933,1000.0,1003.9798362283732,1007.6509067992552
1001.9899181141866,1000.9949590570933,1000.9949590570933,1000.9949590570933,1006.1085297661826,1000.9949590570933,1000.9949590570933,1000.0,1003.9798362283732,1007.6509067992552
1001.9899181141866,1000.9949590570933,1000.9949590570933,1000.9949590570933,1006.1085297661826,1000.9949590570933,1000.9949590570933,1000.0,1003.9798362283732,1007.6509067992552
1001.9899181141866,1000.9949590570933,1000.9949590570933,1000.9949590570933,1006.1085297661826,1000.9949590570933,1000.9949590570933,1000.0,1003.9798362283732,1007.6509067992552
1001.9899181141866,1000.9949590570933,1000.9949590570933,1000.9949590570933,1006.1085297661826,1000.9949590570933,1000.9949590570933,1000.0,1003.9798362283732,1007.6509067992552
1001.9899181141866,1000.9949590570933,1000.9949590570933,1000.9949590570933,1006.1085297661826,1000.9949590570933,1000.9949590570933,1000.0,1003.9798362283732,1007.6509067992552
1001.9899181141866,1000.9949590570933,1000.9949590570933,1000.9949590570933,1006.1085297661826,1000.9949590570933,1000.9949590570933,1000.0,1003.9798362283732,1007.6509067992552
1001.9899181141866,1000.9949590570933,1000.9949590570933,1000.9949590570933,1006.1085297661826,1000.9949590570933,1000.9949590570933,1000.0,1003.9798362283732,1007.6509067992552
1001.9899181141866,1000.9949590570933,1000.9949590570933,1000.9949590570933,1006.1085297661826,1000.9949590570933,1000.9949590570933,1000.0,1003.9798362283732,1007.6509067992552
1001.9899181141866,1000.9949590570933,1000.9949590570933,1000.9949590570933,1006.1085297661826,1000.9949590570933,1000.9949590570933,1000.0,1003.9798362283732,1007.6509067992552
1001.9899181141866,1000.9949590570933,1000.9949590570933,1000.9949590570933,1006.1085297661826,1000.9949590570933,1000.9949590570933,1000.0,1003.9798362283732,1007.6509067992552
1001.9899181141866,1000.9949590570933,1000.9949590570933,1000.9949590570933,1006.1085297661826,1000.9949590570933,1000.9949590570933,1000.0,1003.9798362283732,1007.6509067992552
1001.9899181141866,1000.9949590570933,1000.9949590570933,1000.9949590570933,1006.1085297661826,1000.9949590570933,1000.9949590570933,1000.0,1003.9798362283732,1007.6509067992552
1001.9899181141866,1000.9949590570933,1000.9949590570933,1000.9949590570933,1006.1085297661826,1000.9949590570933,1000.9949590570933,1000.0,1003.9798362283732,1007.6509067992552
1001.9899181141866,1000.9949590570933,1000.9949590570933,1000.9949590570933,1006.1085297661826,1000.9949590570933,1000.9949590570933,1000.0,1003.9798362283732,1007.6509067992552
1001.9899181141866,1000.9949590570933,1000.9949590570933,1000.9949590570933,1006.1085297661826,1000.9949590570933,1000.9949590570933,1000.0,1003.9798362283732,1007.6509067992552
1001.9899181141866,1000.9949590570933,1000.9949590570933,1000.9949590570933,1006.1085297661826,1000.9949590570933,1000.9949590570933,1000.0,1003.9798362283732,1007.6509067992552
1001.9899181141866,1000.9949590570933,1000.9949590570933,1000.9949590570933,1006.1085297661826,1000.9949590570933,1000.9949590570933,1000.0,1003.9798362283732,1007.6509067992552
1001.9899181141866,1000.9949590570933,1000.9949590570933,1000.9949590570933,1006.1085297661826,1000.9949590570933,1000.9949590570933,1000.0,1003.9798362283732,1007.6509067992552
1001.9899181141866,1000.9949590570933,1000.9949590570933,1000.9949590570933,1006.1085297661826,1000.9949590570933,1000.9949590570933,1000.0,1003.9798362283732,1007.6509067992552
1001.9899181141866,1000.9949590570933,1000.9949590570933,1000.9949590570933,1006.1085297661826,1000.9949590570933,1000.9949590570933,1000.0,1003.9798362283732,1007.6509067992552
1001.9899181141866,1000.9949590570933,1000.9949590570933,1000.9949590570933,1006.1085297661826,1000.9949590570933,1000.9949590570933,1000.0,1003.9798362283732,1007.6509067992552
1001.9899181141866,1000.9949590570933,1000.9949590570933,1000.9949590570933,1006.1085297661826,1000.9949590570933,1000.9949590570933,1000.0,1003.9798362283732,1007.6509067992552
1001.9899181141866,1000.9949590570933,1000.9949590570933,1000.9949590570933,1006.1085297661826,1000.9949590570933,1000.9949590570933,1000.0,1003.9798362283732,1007.6509067992552
1001.9899181141866,1000.9949590570933,1000.9949590570933,1000.9949590570933,1006.1085297661826,1000.9949590570933,1000.9949590570933,1000.0,1003.9798362283732,1007.6509067992552
1001.9899181141866,1000.9949590570933,1000.9949590570933,1000.9949590570933,1006.1085297661826,1000.9949590570933,1000.9949590570933,1000.0,1003.9798362283732,1007.6509067992552
1001.9899181141866,1000.9949590570933,1000.9949590570933,1000.9949590570933,1006.1085297661826,1000.9949590570933,1000.9949590570933,1000.0,1003.9798362283732,1007.6509067992552
1001.9899181141866,1000.9949590570933,1000.9949590570933,1000.9949590570933,1006.1085297661826,1000.9949590570933,1000.9949590570933,1000.0,1003.9798362283732,1007.6509067992552
1001.9899181141866,1000.9949590570933,1000.9949590570933,1000.9949590570933,1006.1085297661826,1000.9949590570933,1000.9949590570933,1000.0,1003.9798362283732,1007.6509067992552
1001.9899181141866,1000.9949590570933,1000.9949590570933,1000.9949590570933,1006.1085297661826,1000.9949590570933,1000.9949590570933,1000.0,1003.9798362283732,1007.6509067992552
1001.9899181141866,1000.9949590570933,1000.9949590570933,1000.9949590570933,1006.1085297661826,1000.9949590570933,1000.9949590570933,1000.0,1003.9798362283732,1007.6509067992552
1001.9899181141866,1000.9949590570933,1000.9949590570933,1000.9949590570933,1006.1085297661826,1000.9949590570933,1000.9949590570933,1000.0,1003.9798362283732,1007.6509067992552
1001.9899181141866,1000.9949590570933,1000.9949590570933,1000.9949590570933,1006.1085297661826,1000.9949590570933,1000.9949590570933,1000.0,1003.9798362283732,1007.6509067992552
1001.9899181141866,1000.9949590570933,1000.9949590570933,1000.9949590570933,1006.1085297661826,1000.9949590570933,1000.9949590570933,1000.0,1003.9798362283732,1007.6509067992552
1001.9899181141866,1000.9949590570933,1000.9949590570933,1000.9949590570933,1006.1085297661826,1000.9949590570933,1000.9949590570933,1000.0,1003.9798362283732,1007.6509067992552
1001.9899181141866,1000.9949590570933,1000.9949590570933,1000.9949590570933,1006.1085297661826,1000.9949590570933,1000.9949590570933,1000.0,1003.9798362283732,1007.6509067992552
1001.9899181141866,1000.9949590570933,1000.9949590570933,1000.9949590570933,1006.1085297661826,1000.9949590570933,1000.9949590570933,1000.0,1003.9798362283732,1007.6509067992552
1001.9899181141866,1000.9949590570933,1000.9949590570933,1000.9949590570933,1006.1085297661826,1000.9949590570933,1000.9949590570933,1000.0,1003.9798362283732,1007.6509067992552
1001.9899181141866,1000.9949590570933,1000.9949590570933,1000.9949590570933,1006.1085297661826,1000.9949590570933,1000.9949590570933,1000.0,1003.9798362283732,1007.6509067992552
1001.9899181141866,1000.9949590570933,1000.9949590570933,1000.9949590570933,1006.1085297661826,1000.9949590570933,1000.9949590570933,1000.0,1003.9798362283732,1007.6509067992552
1001.9899181141866,1000.9949590570933,1000.9949590570933,1000.9949590570933,1006.1085297661826,1000.9949590570933,1000.9949590570933,1000.0,1003.9798362283732,1007.6509067992552
1001.9899181141866,1000.9949590570933,1000.9949590570933,1000.9949590570933,1006.1085297661826,1000.9949590570933,1000.9949590570933,1000.0,1003.9798362283732,1007.6509067992552
1001.9899181141866,1000.9949590570933,1000.9949590570933,1000.9949590570933,1006.1085297661826,1000.9949590570933,1000.9949590570933,1000.0,1003.9798362283732,1007.6509067992552
1001.9899181141866,1000.9949590570933,1000.9949590570933,1000.9949590570933,1006.1085297661826,1000.9949590570933,1000.9949590570933,1000.0,1003.9798362283732,1007.6509067992552
1001.9899181141866,1000.9949590570933,1000.9949590570933,1000.9949590570933,1006.1085297661826,1000.9949590570933,1000.9949590570933,1000.0,1003.9798362283732,1007.6509067992552
1001.9899181141866,1000.9949590570933,1000.9949590570933,1000.9949590570933,1006.1085297661826,1000.9949590570933,1000.9949590570933,1000.0,1003.9798362283732,1007.6509067992552
1001.9899181141866,1000.9949590570933,1000.9949590570933,1000.9949590570933,1006.1085297661826,1000.9949590570933,1000.9949590570933,1000.0,1003.9798362283732,1007.6509067992552
1001.9899181141866,1000.9949590570933,1000.9949590570933,1000.9949590570933,1006.1085297661826,1000.9949590570933,1000.9949590570933,1000.0,1003.9798362283732,1007.6509067992552
1001.9899181141866,1000.9949590570933,1000.9949590570933,1000.9949590570933,1006.1085297661826,1000.9949590570933,1000.9949590570933,1000.0,1003.9798362283732,1007.6509067992552
1001.9899181141866,1000.9949590570933,1000.9949590570933,1000.9949590570933,1006.1085297661826,1000.9949590570933,1000.9949590570933,1000.0,1003.9798362283732,1007.6509067992552
1001.9899181141866,1000.9949590570933,1000.9949590570933,1000.9949590570933,1006.1085297661826,1000.9949590570933,1000.9949590570933,1000.0,1003.9798362283732,1007.6509067992552
1001.9899181141866,1000.9949590570933,1000.9949590570933,1000.9949590570933,1006.1085297661826,1000.9949590570933,1000.9949590570933,1000.0,1003.9798362283732,1007.6509067992552
1001.9899181141866,1000.9949590570933,1000.9949590570933,1000.9949590570933,1006.1085297661826,1000.9949590570933,1000.9949590570933,1000.0,1003.9798362283732,1007.6509067992552
1001.9899181141866,1000.9949590570933,1000.9949590570933,1000.9949590570933,1006.1085297661826,1000.9949590570933,1000.9949590570933,1000.0,1003.9798362283732,1007.6509067992552
1001.9899181141866,1000.9949590570933,1000.9949590570933,1000.9949590570933,1006.1085297661826,1000.9949590570933,1000.9949590570933,1000.0,1003.9798362283732,1007.6509067992552
1001.9899181141866,1000.9949590570933,1000.9949590570933,1000.9949590570933,1006.1085297661826,1000.9949590570933,1000.9949590570933,1000.0,1003.9798362283732,1007.6509067992552
1001.9899181141866,1000.9949590570933,1000.9949590570933,1000.9949590570933,1006.1085297661826,1000.9949590570933,1000.9949590570933,1000.0,1003.9798362283732,1007.6509067992552
1001.9899181141866,1000.9949590570933,1000.9949590570933,1000.9949590570933,1006.1085297661826,1000.9949590570933,1000.9949590570933,1000.0,1003.9798362283732,1007.6509067992552
1001.9899181141866,1000.9949590570933,1000.9949590570933,1000.9949590570933,1006.1085297661826,1000.9949590570933,1000.9949590570933,1000.0,1003.9798362283732,1007.6509067992552
1001.9899181141866,1000.9949590570933,1000.9949590570933,1000.9949590570933,1006.1085297661826,1000.9949590570933,1000.9949590570933,1000.0,1003.9798362283732,1007.6509067992552
1001.9899181141866,1000.9949590570933,1000.9949590570933,1000.9949590570933,1006.1085297661826,1000.9949590570933,1000.9949590570933,1000.0,1003.9798362283732,1007.6509067992552
1001.9899181141866,1000.9949590570933,1000.9949590570933,1000.9949590570933,1006.1085297661826,1000.9949590570933,1000.9949590570933,1000.0,1003.9798362283732,1007.6509067992552
1001.9899181141866,1000.9949590570933,1000.9949590570933,1000.9949590570933,1006.1085297661826,1000.9949590570933,1000.9949590570933,1000.0,1003.9798362283732,1007.6509067992552
1001.9899181141866,1000.9949590570933,1000.9949590570933,1000.9949590570933,1006.1085297661826,1000.9949590570933,1000.9949590570933,1000.0,1003.9798362283732,1007.6509067992552
1001.9899181141866,1000.9949590570933,1000.9949590570933,1000.9949590570933,1006.1085297661826,1000.9949590570933,1000.9949590570933,1000.0,1003.9798362283732,1007.6509067992552
1001.9899181141866,1000.9949590570933,1000.9949590570933,1000.9949590570933,1006.1085297661826,1000.9949590570933,1000.9949590570933,1000.0,1003.9798362283732,1007.6509067992552
1001.9899181141866,1000.9949590570933,1000.9949590570933,1000.9949590570933,1006.1085297661826,1000.9949590570933,1000.9949590570933,1000.0,1003.9798362283732,1007.6509067992552
1001.9899181141866,1000.9949590570933,1000.9949590570933,1000.9949590570933,1006.1085297661826,1000.9949590570933,1000.9949590570933,1000.0,1003.9798362283732,1007.6509067992552
1001.9899181141866,1000.9949590570933,1000.9949590570933,1000.9949590570933,1006.1085297661826,1000.9949590570933,1000.9949590570933,1000.0,1003.9798362283732,1007.6509067992552
1001.9899181141866,1000.9949590570933,1000.9949590570933,1000.9949590570933,1006.1085297661826,1000.9949590570933,1000.9949590570933,1000.0,1003.9798362283732,1007.6509067992552
1001.9899181141866,1000.9949590570933,1000.9949590570933,1000.9949590570933,1006.1085297661826,1000.9949590570933,1000.9949590570933,1000.0,1003.9798362283732,1007.6509067992552
1001.9899181141866,1000.9949590570933,1000.9949590570933,1000.9949590570933,1006.1085297661826,1000.9949590570933,1000.9949590570933,1000.0,1003.9798362283732,1007.6509067992552
1001.9899181141866,1000.9949590570933,1000.9949590570933,1000.9949590570933,1006.1085297661826,1000.9949590570933,1000.9949590570933,1000.0,1003.9798362283732,1007.6509067992552
1001.9899181141866,1000.9949590570933,1000.9949590570933,1000.9949590570933,1006.1085297661826,1000.9949590570933,1000.9949590570933,1000.0,1003.9798362283732,1007.6509067992552
1001.9899181141866,1000.9949590570933,1000.9949590570933,1000.9949590570933,1006.1085297661826,1000.9949590570933,1000.9949590570933,1000.0,1003.9798362283732,1007.6509067992552
1001.9899181141866,1000.9949590570933,1000.9949590570933,1000.9949590570933,1006.1085297661826,1000.9949590570933,1000.9949590570933,1000.0,1003.9798362283732,1007.6509067992552
1001.9899181141866,1000.9949590570933,1000.9949590570933,1000.9949590570933,1006.1085297661826,1000.9949590570933,1000.9949590570933,1000.0,1003.9798362283732,1007.6509067992552
1001.9899181141866,1000.9949590570933,1000.9949590570933,1000.9949590570933,1006.1085297661826,1000.9949590570933,1000.9949590570933,1000.0,1003.9798362283732,1007.6509067992552
1001.9899181141866,1000.9949590570933,1000.9949590570933,1000.9949590570933,1006.1085297661826,1000.9949590570933,1000.9949590570933,1000.0,1003.9798362283732,1007.6509067992552
1001.9899181141866,1000.9949590570933,1000.9949590570933,1000.9949590570933,1006.1085297661826,1000.9949590570933,1000.9949590570933,1000.0,1003.9798362283732,1007.6509067992552
1001.9899181141866,1000.9949590570933,1000.9949590570933,1000.9949590570933,1006.1085297661826,1000.9949590570933,1000.9949590570933,1000.0,1003.9798362283732,1007.6509067992552
1001.9899181141866,1000.9949590570933,1000.9949590570933,1000.9949590570933,1006.1085297661826,1000.9949590570933,1000.9949590570933,1000.0,1003.9798362283732,1007.6509067992552
1001.9899181141866,1000.9949590570933,1000.9949590570933,1000.9949590570933,1006.1085297661826,1000.9949590570933,1000.9949590570933,1000.0,1003.9798362283732,1007.6509067992552
1001.9899181141866,1000.9949590570933,1000.9949590570933,1000.9949590570933,1006.1085297661826,1000.9949590570933,1000.9949590570933,1000.0,1003.9798362283732,1007.6509067992552
1001.9899181141866,1000.9949590570933,1000.9949590570933,1000.9949590570933,1006.1085297661826,1000.9949590570933,1000.9949590570933,1000.0,1003.9798362283732,1007.6509067992552
1001.9899181141866,1000.9949590570933,1000.9949590570933,1000.9949590570933,1006.1085297661826,1000.9949590570933,1000.9949590570933,1000.0,1003.9798362283732,1007.6509067992552
1001.9899181141866,1000.9949590570933,1000.9949590570933,1000.9949590570933,1006.1085297661826,1000.9949590570933,1000.9949590570933,1000.0,1003.9798362283732,1007.6509067992552
1001.9899181141866,1000.9949590570933,1000.9949590570933,1000.9949590570933,1006.1085297661826,1000.9949590570933,1000.9949590570933,1000.0,1003.9798362283732,1007.6509067992552
1001.9899181141866,1000.9949590570933,1000.9949590570933,1000.9949590570933,1006.1085297661826,1000.9949590570933,1000.9949590570933,1000.0,1003.9798362283732,1007.6509067992552
1001.9899181141866,1000.9949590570933,1000.9949590570933,1000.9949590570933,1006.1085297661826,1000.9949590570933,1000.9949590570933,1000.0,1003.9798362283732,1007.6509067992552
1001.9899181141866,1000.9949590570933,1000.9949590570933,1000.9949590570933,1006.1085297661826,1000.9949590570933,1000.9949590570933,1000.0,1003.9798362283732,1007.6509067992552
1001.9899181141866,1000.9949590570933,1000.9949590570933,1000.9949590570933,1006.1085297661826,1000.9949590570933,1000.9949590570933,1000.0,1003.9798362283732,1007.6509067992552
1001.9899181141866,1000.9949590570933,1000.9949590570933,1000.9949590570933,1006.1085297661826,1000.9949590570933,1000.9949590570933,1000.0,1003.9798362283732,1007.6509067992552
1001.9899181141866,1000.9949590570933,1000.9949590570933,1000.9949590570933,1006.1085297661826,1000.9949590570933,1000.9949590570933,1000.0,1003.9798362283732,1007.6509067992552
1001.9899181141866,1000.9949590570933,1000.9949590570933,1000.9949590570933,1006.1085297661826,1000.9949590570933,1000.9949590570933,1000.0,1003.9798362283732,1007.6509067992552
1001.9899181141866,1000.9949590570933,1000.9949590570933,1000.9949590570933,1006.1085297661826,1000.9949590570933,1000.9949590570933,1000.0,1003.9798362283732,1007.6509067992552
1001.9899181141866,1000.9949590570933,1000.9949590570933,1000.9949590570933,1006.1085297661826,1000.9949590570933,1000.9949590570933,1000.0,1003.9798362283732,1007.6509067992552
1001.9899181141866,1000.9949590570933,1000.9949590570933,1000.9949590570933,1006.1085297661826,1000.9949590570933,1000.9949590570933,1000.0,1003.9798362283732,1007.6509067992552
1001.9899181141866,1000.9949590570933,1000.9949590570933,1000.9949590570933,1006.1085297661826,1000.9949590570933,1000.9949590570933,1000.0,1003.9798362283732,1007.6509067992552
1001.9899181141866,1000.9949590570933,1000.9949590570933,1000.9949590570933,1006.1085297661826,1000.9949590570933,1000.9949590570933,1000.0,1003.9798362283732,1007.6509067992552
1001.9899181141866,1000.9949590570933,1000.9949590570933,1000.9949590570933,1006.1085297661826,1000.9949590570933,1000.9949590570933,1000.0,1003.9798362283732,1007.6509067992552
1001.9899181141866,1000.9949590570933,1000.9949590570933,1000.9949590570933,1006.1085297661826,1000.9949590570933,1000.9949590570933,1000.0,1003.9798362283732,1007.6509067992552
1001.9899181141866,1000.9949590570933,1000.9949590570933,1000.9949590570933,1006.1085297661826,1000.9949590570933,1000.9949590570933,1000.0,1003.9798362283732,1007.6509067992552
1001.9899181141866,1000.9949590570933,1000.9949590570933,1000.9949590570933,1006.1085297661826,1000.9949590570933,1000.9949590570933,1000.0,1003.9798362283732,1007.6509067992552
1001.9899181141866,1000.9949590570933,1000.9949590570933,1000.9949590570933,1006.1085297661826,1000.9949590570933,1000.9949590570933,1000.0,1003.9798362283732,1007.6509067992552
1001.9899181141866,1000.9949590570933,1000.9949590570933,1000.9949590570933,1006.1085297661826,1000.9949590570933,1000.9949590570933,1000.0,1003.9798362283732,1007.6509067992552
1001.9899181141866,1000.9949590570933,1000.9949590570933,1000.9949590570933,1006.1085297661826,1000.9949590570933,1000.9949590570933,1000.0,1003.9798362283732,1007.6509067992552
1001.9899181141866,1000.9949590570933,1000.9949590570933,1000.9949590570933,1006.1085297661826,1000.9949590570933,1000.9949590570933,1000.0,1003.9798362283732,1007.6509067992552
1001.9899181141866,1000.9949590570933,1000.9949590570933,1000.9949590570933,1006.1085297661826,1000.9949590570933,1000.9949590570933,1000.0,1003.9798362283732,1007.6509067992552
1001.9899181141866,1000.9949590570933,1000.9949590570933,1000.9949590570933,1006.1085297661826,1000.9949590570933,1000.9949590570933,1000.0,1003.9798362283732,1007.6509067992552
1001.9899181141866,1000.9949590570933,1000.9949590570933,1000.9949590570933,1006.1085297661826,1000.9949590570933,1000.9949590570933,1000.0,1003.9798362283732,1007.6509067992552
1001.9899181141866,1000.9949590570933,1000.9949590570933,1000.9949590570933,1006.1085297661826,1000.9949590570933,1000.9949590570933,1000.0,1003.9798362283732,1007.6509067992552
1001.9899181141866,1000.9949590570933,1000.9949590570933,1000.9949590570933,1006.1085297661826,1000.9949590570933,1000.9949590570933,1000.0,1003.9798362283732,1007.6509067992552
1001.9899181141866,1000.9949590570933,1000.9949590570933,1000.9949590570933,1006.1085297661826,1000.9949590570933,1000.9949590570933,1000.0,1003.9798362283732,1007.6509067992552
1001.9899181141866,1000.9949590570933,1000.9949590570933,1000.9949590570933,1005.4424535194316,1000.9949590570933,1000.9949590570933,1000.0,1003.9798362283732,1007.6509067992552
1001.9899181141866,1000.9949590570933,1000.9949590570933,1000.9949590570933,1005.4424535194316,1000.9949590570933,1000.9949590570933,1000.0,1003.9798362283732,1007.6509067992552
1001.9899181141866,1000.9949590570933,1000.9949590570933,1000.9949590570933,1005.4424535194316,1000.9949590570933,1000.9949590570933,1000.0,1003.9798362283732,1007.6509067992552
1001.9899181141866,1000.9949590570933,1000.9949590570933,1000.9949590570933,1005.4424535194316,1000.9949590570933,1000.9949590570933,1000.0,1003.9798362283732,1007.6509067992552
1001.9899181141866,1000.9949590570933,1000.9949590570933,1000.9949590570933,1005.4424535194316,1000.9949590570933,1000.9949590570933,1000.0,1003.9798362283732,1007.6509067992552
1001.9899181141866,1000.9949590570933,1000.9949590570933,1000.9949590570933,1005.4424535194316,1000.9949590570933,1000.9949590570933,1000.0,1003.9798362283732,1007.6509067992552
1001.9899181141866,1000.9949590570933,1000.9949590570933,1000.9949590570933,1005.4424535194316,1000.9949590570933,1000.9949590570933,1000.0,1003.9798362283732,1007.6509067992552
1001.9899181141866,1000.9949590570933,1000.9949590570933,1000.9949590570933,1005.4424535194316,1000.9949590570933,1000.9949590570933,1000.0,1003.9798362283732,1007.6509067992552
1001.9899181141866,1000.9949590570933,1000.9949590570933,1000.9949590570933,1005.4424535194316,1000.9949590570933,1000.9949590570933,1000.0,1003.9798362283732,1007.6509067992552
1001.9899181141866,1000.9949590570933,1000.9949590570933,1000.9949590570933,1005.4424535194316,1000.9949590570933,1000.9949590570933,1000.0,1003.9798362283732,1007.6509067992552
1001.9899181141866,1000.9949590570933,1000.9949590570933,1000.9949590570933,1005.4424535194316,1000.9949590570933,1000.9949590570933,1000.0,1003.9798362283732,1007.6509067992552
1001.9899181141866,1000.9949590570933,1000.9949590570933,1000.9949590570933,1005.4424535194316,1000.9949590570933,1000.9949590570933,1000.0,1003.9798362283732,1007.6509067992552
1001.9899181141866,1000.9949590570933,1000.9949590570933,1000.9949590570933,1005.4424535194316,1000.9949590570933,1000.9949590570933,1000.0,1003.9798362283732,1007.6509067992552
1001.9899181141866,1000.9949590570933,1000.9949590570933,1000.9949590570933,1005.4424535194316,1000.9949590570933,1000.9949590570933,1000.0,1003.9798362283732,1007.6509067992552
1001.9899181141866,1000.9949590570933,1000.9949590570933,1000.9949590570933,1005.4424535194316,1000.9949590570933,1000.9949590570933,1000.0,1003.9798362283732,1007.6509067992552
1001.9899181141866,1000.9949590570933,1000.9949590570933,1000.9949590570933,1005.4424535194316,1000.9949590570933,1000.9949590570933,1000.0,1003.9798362283732,1007.6509067992552
1001.9899181141866,1000.9949590570933,1000.9949590570933,1000.9949590570933,1005.4424535194316,1000.9949590570933,1000.9949590570933,1000.0,1003.9798362283732,1007.6509067992552
1001.9899181141866,1000.9949590570933,1000.9949590570933,1000.9949590570933,1005.4424535194316,1000.9949590570933,1000.9949590570933,1000.0,1003.9798362283732,1007.6509067992552
1001.9899181141866,1000.9949590570933,1000.9949590570933,1000.9949590570933,1005.4424535194316,1000.9949590570933,1000.9949590570933,1000.0,1003.9798362283732,1007.6509067992552
1001.9899181141866,1000.9949590570933,1000.9949590570933,1000.9949590570933,1005.4424535194316,1000.9949590570933,1000.9949590570933,1000.0,1003.9798362283732,1007.6509067992552
1001.9899181141866,1000.9949590570933,1000.9949590570933,1000.9949590570933,1005.4424535194316,1000.9949590570933,1000.9949590570933,1000.0,1003.9798362283732,1007.6509067992552
1001.9899181141866,1000.9949590570933,1000.9949590570933,1000.9949590570933,1005.4424535194316,1000.9949590570933,1000.9949590570933,1000.0,1003.9798362283732,1007.6509067992552
1001.9899181141866,1000.9949590570933,1000.9949590570933,1000.9949590570933,1005.4424535194316,1000.9949590570933,1000.9949590570933,1000.0,1003.9798362283732,1007.6509067992552
1001.9899181141866,1000.9949590570933,1000.9949590570933,1000.9949590570933,1005.4424535194316,1000.9949590570933,1000.9949590570933,1000.0,1003.9798362283732,1007.6509067992552
1001.9899181141866,1000.9949590570933,1000.9949590570933,1000.9949590570933,1005.4424535194316,1000.9949590570933,1000.9949590570933,1000.0,1003.9798362283732,1007.6509067992552
1001.9899181141866,1000.9949590570933,1000.9949590570933,1000.9949590570933,1005.4424535194316,1000.9949590570933,1000.9949590570933,1000.0,1003.9798362283732,1007.6509067992552
1001.9899181141866,1000.9949590570933,1000.9949590570933,1000.9949590570933,1005.4424535194316,1000.9949590570933,1000.9949590570933,1000.0,1003.9798362283732,1007.6509067992552
1001.9899181141866,1000.9949590570933,1000.9949590570933,1000.9949590570933,1005.4424535194316,1000.9949590570933,1000.9949590570933,1000.0,1003.9798362283732,1007.6509067992552
1001.9899181141866,1000.9949590570933,1000.9949590570933,1000.9949590570933,1005.4424535194316,1000.9949590570933,1000.9949590570933,1000.0,1003.9798362283732,1007.6509067992552
1001.9899181141866,1000.9949590570933,1000.9949590570933,1000.9949590570933,1005.4424535194316,1000.9949590570933,1000.9949590570933,1000.0,1003.9798362283732,1007.6509067992552
1001.9899181141866,1000.9949590570933,1000.9949590570933,1000.9949590570933,1005.4424535194316,1000.9949590570933,1000.9949590570933,1000.0,1003.9798362283732,1007.6509067992552
1001.9899181141866,1000.9949590570933,1000.9949590570933,1000.9949590570933,1005.4424535194316,1000.9949590570933,1000.9949590570933,1000.0,1003.9798362283732,1007.6509067992552
1001.9899181141866,1000.9949590570933,1000.9949590570933,1000.9949590570933,1005.4424535194316,1000.9949590570933,1000.9949590570933,1000.0,1003.9798362283732,1007.6509067992552
1001.9899181141866,1000.9949590570933,1000.9949590570933,1000.9949590570933,1005.4424535194316,1000.9949590570933,1000.9949590570933,1000.0,1003.9798362283732,1007.6509067992552
1001.9899181141866,1000.9949590570933,1000.9949590570933,1000.9949590570933,1005.4424535194316,1000.9949590570933,1000.9949590570933,1000.0,1003.9798362283732,1007.6509067992552
1001.9899181141866,1000.9949590570933,1000.9949590570933,1000.9949590570933,1005.4424535194316,1000.9949590570933,1000.9949590570933,1000.0,1003.9798362283732,1007.6509067992552
1001.9899181141866,1000.9949590570933,1000.9949590570933,1000.9949590570933,1005.4424535194316,1000.9949590570933,1000.9949590570933,1000.0,1003.9798362283732,1007.6509067992552
1001.9899181141866,1000.9949590570933,1000.9949590570933,1000.9949590570933,1005.4424535194316,1000.9949590570933,1000.9949590570933,1000.0,1003.9798362283732,1007.6509067992552
1001.9899181141866,1000.9949590570933,1000.9949590570933,1000.9949590570933,1005.4424535194316,1000.9949590570933,1000.9949590570933,1000.0,1003.9798362283732,1007.6509067992552
1001.9899181141866,1000.9949590570933,1000.9949590570933,1000.9949590570933,1005.4424535194316,1000.9949590570933,1000.9949590570933,1000.0,1003.9798362283732,1007.6509067992552
1001.9899181141866,1000.9949590570933,1000.9949590570933,1000.9949590570933,1005.4424535194316,1000.9949590570933,1000.9949590570933,1000.0,1003.9798362283732,1007.6509067992552
1001.9899181141866,1000.9949590570933,1000.9949590570933,1000.9949590570933,1005.4424535194316,1000.9949590570933,1000.9949590570933,1000.0,1003.9798362283732,1007.6509067992552
1001.9899181141866,1000.9949590570933,1000.9949590570933,1000.9949590570933,1005.4424535194316,1000.9949590570933,1000.9949590570933,1000.0,1003.9798362283732,1007.6509067992552
1001.9899181141866,1000.9949590570933,1000.9949590570933,1000.9949590570933,1005.4424535194316,1000.9949590570933,1000.9949590570933,1000.0,1003.9798362283732,1007.6509067992552
1001.9899181141866,1000.9949590570933,1000.9949590570933,1000.9949590570933,1005.4424535194316,1000.9949590570933,1000.9949590570933,1000.0,1003.9798362283732,1007.6509067992552
1001.9899181141866,1000.9949590570933,1000.9949590570933,1000.9949590570933,1005.4424535194316,1000.9949590570933,1000.9949590570933,1000.0,1003.9798362283732,1007.6509067992552
1001.9899181141866,1000.9949590570933,1000.9949590570933,1000.9949590570933,1005.4424535194316,1000.9949590570933,1000.9949590570933,1000.0,1003.9798362283732,1007.6509067992552
1001.9899181141866,1000.9949590570933,1000.9949590570933,1000.9949590570933,1005.4424535194316,1000.9949590570933,1000.9949590570933,1000.0,1003.9798362283732,1007.6509067992552
1001.9899181141866,1000.9949590570933,1000.9949590570933,1000.9949590570933,1005.4424535194316,1000.9949590570933,1000.9949590570933,1000.0,1003.9798362283732,1007.6509067992552
1001.9899181141866,1000.9949590570933,1000.9949590570933,1000.9949590570933,1005.4424535194316,1000.9949590570933,1000.9949590570933,1000.0,1003.9798362283732,1007.6509067992552
1001.9899181141866,1000.9949590570933,1000.9949590570933,1000.9949590570933,1005.4424535194316,1000.9949590570933,1000.9949590570933,1000.0,1003.9798362283732,1007.6509067992552
1001.9899181141866,1000.9949590570933,1000.9949590570933,1000.9949590570933,1005.4424535194316,1000.9949590570933,1000.9949590570933,1000.0,1003.9798362283732,1007.6509067992552
1001.9899181141866,1000.9949590570933,1000.9949590570933,1000.9949590570933,1005.4424535194316,1000.9949590570933,1000.9949590570933,1000.0,1003.9798362283732,1007.6509067992552
1001.9899181141866,1000.9949590570933,1000.9949590570933,1000.9949590570933,1005.4424535194316,1000.9949590570933,1000.9949590570933,1000.0,1003.9798362283732,1007.6509067992552
1001.9899181141866,1000.9949590570933,1000.9949590570933,1000.9949590570933,1005.4424535194316,1000.9949590570933,1000.9949590570933,1000.0,1003.9798362283732,1007.6509067992552
1001.9899181141866,1000.9949590570933,1000.9949590570933,1000.9949590570933,1005.4424535194316,1000.9949590570933,1000.9949590570933,1000.0,1003.9798362283732,1007.6509067992552
1001.9899181141866,1000.9949590570933,1000.9949590570933,1000.9949590570933,1005.4424535194316,1000.9949590570933,1000.9949590570933,1000.0,1003.9798362283732,1007.6509067992552
1001.9899181141866,1000.9949590570933,1000.9949590570933,1000.9949590570933,1005.4424535194316,1000.9949590570933,1000.9949590570933,1000.0,1003.9798362283732,1007.6509067992552
1001.9899181141866,1000.9949590570933,1000.9949590570933,1000.9949590570933,1005.4424535194316,1000.9949590570933,1000.9949590570933,1000.0,1003.9798362283732,1007.6509067992552
1001.9899181141866,1000.9949590570933,1000.9949590570933,1000.9949590570933,1005.4424535194316,1000.9949590570933,1000.9949590570933,1000.0,1003.9798362283732,1007.6509067992552
1001.9899181141866,1000.9949590570933,1000.9949590570933,1000.9949590570933,1005.4424535194316,1000.9949590570933,1000.9949590570933,1000.0,1003.9798362283732,1007.6509067992552
1001.9899181141866,1000.9949590570933,1000.9949590570933,1000.9949590570933,1005.4424535194316,1000.9949590570933,1000.9949590570933,1000.0,1003.9798362283732,1007.6509067992552
1001.9899181141866,1000.9949590570933,1000.9949590570933,1000.9949590570933,1005.4424535194316,1000.9949590570933,1000.9949590570933,1000.0,1003.9798362283732,1007.6509067992552
1001.9899181141866,1000.9949590570933,1000.9949590570933,1000.9949590570933,1005.4424535194316,1000.9949590570933,1000.9949590570933,1000.0,1003.9798362283732,1007.6509067992552
1001.9899181141866,1000.9949590570933,1000.9949590570933,1000.9949590570933,1005.4424535194316,1000.9949590570933,1000.9949590570933,1000.0,1003.9798362283732,1007.6509067992552
1001.9899181141866,1000.9949590570933,1000.9949590570933,1000.9949590570933,1005.4424535194316,1000.9949590570933,1000.9949590570933,1000.0,1003.9798362283732,1007.6509067992552
1001.9899181141866,1000.9949590570933,1000.9949590570933,1000.9949590570933,1005.4424535194316,1000.9949590570933,1000.9949590570933,1000.0,1003.9798362283732,1007.6509067992552
1001.9899181141866,1000.9949590570933,1000.9949590570933,1000.9949590570933,1005.4424535194316,1000.9949590570933,1000.9949590570933,1000.0,1003.9798362283732,1007.6509067992552
1001.9899181141866,1000.9949590570933,1000.9949590570933,1000.9949590570933,1005.4424535194316,1000.9949590570933,1000.9949590570933,1000.0,1003.9798362283732,1007.6509067992552
1001.9899181141866,1000.9949590570933,1000.9949590570933,1000.9949590570933,1005.4424535194316,1000.9949590570933,1000.9949590570933,1000.0,1003.9798362283732,1007.6509067992552
1001.9899181141866,1000.9949590570933,1000.9949590570933,1000.9949590570933,1005.4424535194316,1000.9949590570933,1000.9949590570933,1000.0,1003.9798362283732,1007.6509067992552
1001.9899181141866,1000.9949590570933,1000.9949590570933,1000.9949590570933,1005.4424535194316,1000.9949590570933,1000.9949590570933,1000.0,1003.9798362283732,1007.6509067992552
1001.9899181141866,1000.9949590570933,1000.9949590570933,1000.9949590570933,1005.4424535194316,1000.9949590570933,1000.9949590570933,1000.0,1003.9798362283732,1007.6509067992552
1001.9899181141866,1000.9949590570933,1000.9949590570933,1000.9949590570933,1005.4424535194316,1000.9949590570933,1000.9949590570933,1000.0,1003.9798362283732,1007.6509067992552
1001.9899181141866,1000.9949590570933,1000.9949590570933,1000.9949590570933,1005.4424535194316,1000.9949590570933,1000.9949590570933,1000.0,1003.9798362283732,1007.6509067992552
1001.9899181141866,1000.9949590570933,1000.9949590570933,1000.9949590570933,1005.4424535194316,1000.9949590570933,1000.9949590570933,1000.0,1003.9798362283732,1007.6509067992552
1001.9899181141866,1000.9949590570933,1000.9949590570933,1000.9949590570933,1005.4424535194316,1000.9949590570933,1000.9949590570933,1000.0,1003.9798362283732,1007.6509067992552
1001.9899181141866,1000.9949590570933,1000.9949590570933,1000.9949590570933,1005.4424535194316,1000.9949590570933,1000.9949590570933,1000.0,1003.9798362283732,1007.6509067992552
1001.9899181141866,1000.9949590570933,1000.9949590570933,1000.9949590570933,1005.4424535194316,1000.9949590570933,1000.9949590570933,1000.0,1003.9798362283732,1007.6509067992552
1001.9899181141866,1000.9949590570933,1000.9949590570933,1000.9949590570933,1005.4424535194316,1000.9949590570933,1000.9949590570933,1000.0,1003.9798362283732,1007.6509067992552
1001.9899181141866,1000.9949590570933,1000.9949590570933,1000.9949590570933,1005.4424535194316,1000.9949590570933,1000.9949590570933,1000.0,1003.9798362283732,1007.6509067992552
1001.9899181141866,1000.9949590570933,1000.9949590570933,1000.9949590570933,1005.4424535194316,1000.9949590570933,1000.9949590570933,1000.0,1003.9798362283732,1007.6509067992552
1001.9899181141866,1000.9949590570933,1000.9949590570933,1000.9949590570933,1005.4424535194316,1000.9949590570933,1000.9949590570933,1000.0,1003.9798362283732,1007.6509067992552
1001.9899181141866,1000.9949590570933,1000.9949590570933,1000.9949590570933,1005.4424535194316,1000.9949590570933,1000.9949590570933,1000.0,1003.9798362283732,1007.6509067992552
1001.9899181141866,1000.9949590570933,1000.9949590570933,1000.9949590570933,1005.4424535194316,1000.9949590570933,1000.9949590570933,1000.0,1003.9798362283732,1007.6509067992552
1001.9899181141866,1000.9949590570933,1000.9949590570933,1000.9949590570933,1005.4424535194316,1000.9949590570933,1000.9949590570933,1000.0,1003.9798362283732,1007.6509067992552
1001.9899181141866,1000.9949590570933,1000.9949590570933,1000.9949590570933,1005.4424535194316,1000.9949590570933,1000.9949590570933,1000.0,1003.9798362283732,1007.6509067992552
1001.9899181141866,1000.9949590570933,1000.9949590570933,1000.9949590570933,1005.4424535194316,1000.9949590570933,1000.9949590570933,1000.0,1003.9798362283732,1007.6509067992552
1001.9899181141866,1000.9949590570933,1000.9949590570933,1000.9949590570933,1005.4424535194316,1000.9949590570933,1000.9949590570933,1000.0,1003.9798362283732,1007.6509067992552
1001.9899181141866,1000.9949590570933,1000.9949590570933,1000.9949590570933,1005.4424535194316,1000.9949590570933,1000.9949590570933,1000.0,1003.9798362283732,1007.6509067992552
1001.9899181141866,1000.9949590570933,1000.9949590570933,1000.9949590570933,1005.4424535194316,1000.9949590570933,1000.9949590570933,1000.0,1003.9798362283732,1007.6509067992552
1001.9899181141866,1000.9949590570933,1000.9949590570933,1000.9949590570933,1005.4424535194316,1000.9949590570933,1000.9949590570933,1000.0,1003.9798362283732,1007.6509067992552
1001.9899181141866,1000.9949590570933,1000.9949590570933,1000.9949590570933,1005.4424535194316,1000.9949590570933,1000.9949590570933,1000.0,1003.9798362283732,1007.6509067992552
1001.9899181141866,1000.9949590570933,1000.9949590570933,1000.9949590570933,1005.4424535194316,1000.9949590570933,1000.9949590570933,1000.0,1003.9798362283732,1007.6509067992552
1001.9899181141866,1000.9949590570933,1000.9949590570933,1000.9949590570933,1005.4424535194316,1000.9949590570933,1000.9949590570933,1000.0,1003.9798362283732,1007.6509067992552
1001.9899181141866,1000.9949590570933,1000.9949590570933,1000.9949590570933,1005.4424535194316,1000.9949590570933,1000.9949590570933,1000.0,1003.9798362283732,1007.6509067992552
1001.9899181141866,1000.9949590570933,1000.9949590570933,1000.9949590570933,1005.4424535194316,1000.9949590570933,1000.9949590570933,1000.0,1003.9798362283732,1007.6509067992552
1001.9899181141866,1000.9949590570933,1000.9949590570933,1000.9949590570933,1005.4424535194316,1000.9949590570933,1000.9949590570933,1000.0,1003.9798362283732,1007.6509067992552
1001.9899181141866,1000.9949590570933,1000.9949590570933,1000.9949590570933,1005.4424535194316,1000.9949590570933,1000.9949590570933,1000.0,1003.9798362283732,1007.6509067992552
1001.9899181141866,1000.9949590570933,1000.9949590570933,1000.9949590570933,1005.4424535194316,1000.9949590570933,1000.9949590570933,1000.0,1003.9798362283732,1007.6509067992552
1001.9899181141866,1000.9949590570933,1000.9949590570933,1000.9949590570933,1005.4424535194316,1000.9949590570933,1000.9949590570933,1000.0,1003.9798362283732,1007.6509067992552
1001.9899181141866,1000.9949590570933,1000.9949590570933,1000.9949590570933,1005.4424535194316,1000.9949590570933,1000.9949590570933,1000.0,1003.9798362283732,1007.6509067992552
1001.9899181141866,1000.9949590570933,1000.9949590570933,1000.9949590570933,1005.4424535194316,1000.9949590570933,1000.9949590570933,1000.0,1003.9798362283732,1007.6509067992552
1001.9899181141866,1000.9949590570933,1000.9949590570933,1000.9949590570933,1005.4424535194316,1000.9949590570933,1000.9949590570933,1000.0,1003.9798362283732,1007.6509067992552
1001.9899181141866,1000.9949590570933,1000.9949590570933,1000.9949590570933,1005.4424535194316,1000.9949590570933,1000.9949590570933,1000.0,1003.9798362283732,1007.6509067992552
1001.9899181141866,1000.9949590570933,1000.9949590570933,1000.9949590570933,1005.4424535194316,1000.9949590570933,1000.9949590570933,1000.0,1003.9798362283732,1007.6509067992552
1001.9899181141866,1000.9949590570933,1000.9949590570933,1000.9949590570933,1005.4424535194316,1000.9949590570933,1000.9949590570933,1000.0,1003.9798362283732,1007.6509067992552
1001.9899181141866,1000.9949590570933,1000.9949590570933,1000.9949590570933,1005.4424535194316,1000.9949590570933,1000.9949590570933,1000.0,1003.9798362283732,1007.6509067992552
1001.9899181141866,1000.9949590570933,1000.9949590570933,1000.9949590570933,1005.4424535194316,1000.9949590570933,1000.9949590570933,1000.0,1003.9798362283732,1007.6509067992552
1001.9899181141866,1000.9949590570933,1000.9949590570933,1000.9949590570933,1005.4424535194316,1000.9949590570933,1000.9949590570933,1000.0,1003.9798362283732,1007.6509067992552
1001.9899181141866,1000.9949590570933,1000.9949590570933,1000.9949590570933,1005.4424535194316,1000.9949590570933,1000.9949590570933,1000.0,1003.9798362283732,1007.6509067992552
1001.9899181141866,1000.9949590570933,1000.9949590570933,1000.9949590570933,1005.4424535194316,1000.9949590570933,1000.9949590570933,1000.0,1003.9798362283732,1007.6509067992552
1001.9899181141866,1000.9949590570933,1000.9949590570933,1000.9949590570933,1005.4424535194316,1000.9949590570933,1000.9949590570933,1000.0,1003.9798362283732,1007.6509067992552
1001.9899181141866,1000.9949590570933,1000.9949590570933,1000.9949590570933,1005.4424535194316,1000.9949590570933,1000.9949590570933,1000.0,1003.9798362283732,1007.6509067992552
1001.9899181141866,1000.9949590570933,1000.9949590570933,1000.9949590570933,1005.4424535194316,1000.9949590570933,1000.9949590570933,1000.0,1003.9798362283732,1007.6509067992552
1001.9899181141866,1000.9949590570933,1000.9949590570933,1000.9949590570933,1005.4424535194316,1000.9949590570933,1000.9949590570933,1000.0,1003.9798362283732,1007.6509067992552
1001.9899181141866,1000.9949590570933,1000.9949590570933,1000.9949590570933,1005.4424535194316,1000.9949590570933,1000.9949590570933,1000.0,1003.9798362283732,1007.6509067992552
1001.9899181141866,1000.9949590570933,1000.9949590570933,1000.9949590570933,1005.4424535194316,1000.9949590570933,1000.9949590570933,1000.0,1003.9798362283732,1007.6509067992552
1001.9899181141866,1000.9949590570933,1000.9949590570933,1000.9949590570933,1005.4424535194316,1000.9949590570933,1000.9949590570933,1000.0,1003.9798362283732,1007.6509067992552
1001.9899181141866,1000.9949590570933,1000.9949590570933,1000.9949590570933,1005.4424535194316,1000.9949590570933,1000.9949590570933,1000.0,1003.9798362283732,1007.6509067992552
1001.9899181141866,1000.9949590570933,1000.9949590570933,1000.9949590570933,1005.4424535194316,1000.9949590570933,1000.9949590570933,1000.0,1003.9798362283732,1007.6509067992552
1001.9899181141866,1000.9949590570933,1000.9949590570933,1000.9949590570933,1005.4424535194316,1000.9949590570933,1000.9949590570933,1000.0,1003.9798362283732,1007.6509067992552
1001.9899181141866,1000.9949590570933,1000.9949590570933,1000.9949590570933,1005.4424535194316,1000.9949590570933,1000.9949590570933,1000.0,1003.9798362283732,1007.6509067992552
1001.9899181141866,1000.9949590570933,1000.9949590570933,1000.9949590570933,1005.4424535194316,1000.9949590570933,1000.9949590570933,1000.0,1003.9798362283732,1007.6509067992552
1001.9899181141866,1000.9949590570933,1000.9949590570933,1000.9949590570933,1005.4424535194316,1000.9949590570933,1000.9949590570933,1000.0,1003.9798362283732,1007.6509067992552
1001.9899181141866,1000.9949590570933,1000.9949590570933,1000.9949590570933,1005.4424535194316,1000.9949590570933,1000.9949590570933,1000.0,1003.9798362283732,1007.6509067992552
1001.9899181141866,1000.9949590570933,1000.9949590570933,1000.9949590570933,1005.4424535194316,1000.9949590570933,1000.9949590570933,1000.0,1003.9798362283732,1007.6509067992552
1001.9899181141866,1000.9949590570933,1000.9949590570933,1000.9949590570933,1005.4424535194316,1000.9949590570933,1000.9949590570933,1000.0,1003.9798362283732,1007.6509067992552
1001.9899181141866,1000.9949590570933,1000.9949590570933,1000.9949590570933,1005.4424535194316,1000.9949590570933,1000.9949590570933,1000.0,1003.9798362283732,1007.6509067992552
1001.9899181141866,1000.9949590570933,1000.9949590570933,1000.9949590570933,1005.4424535194316,1000.9949590570933,1000.9949590570933,1000.0,1003.9798362283732,1007.6509067992552
1001.9899181141866,1000.9949590570933,1000.9949590570933,1000.9949590570933,1005.4424535194316,1000.9949590570933,1000.9949590570933,1000.0,1003.9798362283732,1007.6509067992552
1001.9899181141866,1000.9949590570933,1000.9949590570933,1000.9949590570933,1005.4424535194316,1000.9949590570933,1000.9949590570933,1000.0,1003.9798362283732,1007.6509067992552
1001.9899181141866,1000.9949590570933,1000.9949590570933,1000.9949590570933,1005.4424535194316,1000.9949590570933,1000.9949590570933,1000.0,1003.9798362283732,1007.6509067992552
1001.9899181141866,1000.9949590570933,1000.9949590570933,1000.9949590570933,1005.4424535194316,1000.9949590570933,1000.9949590570933,1000.0,1003.9798362283732,1007.6509067992552
1001.9899181141866,1000.9949590570933,1000.9949590570933,1000.9949590570933,1005.4424535194316,1000.9949590570933,1000.9949590570933,1000.0,1003.9798362283732,1007.6509067992552
1001.9899181141866,1000.9949590570933,1000.9949590570933,1000.9949590570933,1005.4424535194316,1000.9949590570933,1000.9949590570933,1000.0,1003.9798362283732,1007.6509067992552
1001.9899181141866,1000.9949590570933,1000.9949590570933,1000.9949590570933,1005.4424535194316,1000.9949590570933,1000.9949590570933,1000.0,1003.9798362283732,1007.6509067992552
1001.9899181141866,1000.9949590570933,1000.9949590570933,1000.9949590570933,1005.4424535194316,1000.9949590570933,1000.9949590570933,1000.0,1003.9798362283732,1007.6509067992552
1001.9899181141866,1000.9949590570933,1000.9949590570933,1000.9949590570933,1005.4424535194316,1000.9949590570933,1000.9949590570933,1000.0,1003.9798362283732,1007.6509067992552
1001.9899181141866,1000.9949590570933,1000.9949590570933,1000.9949590570933,1005.4424535194316,1000.9949590570933,1000.9949590570933,1000.0,1003.9798362283732,1007.6509067992552
1001.9899181141866,1000.9949590570933,1000.9949590570933,1000.9949590570933,1005.4424535194316,1000.9949590570933,1000.9949590570933,1000.0,1003.9798362283732,1007.6509067992552
1001.9899181141866,1000.9949590570933,1000.9949590570933,1000.9949590570933,1005.4424535194316,1000.9949590570933,1000.9949590570933,1000.0,1003.9798362283732,1007.6509067992552
1001.9899181141866,1000.9949590570933,1000.9949590570933,1000.9949590570933,1005.4424535194316,1000.9949590570933,1000.9949590570933,1000.0,1003.9798362283732,1007.6509067992552
1001.9899181141866,1000.9949590570933,1000.9949590570933,1000.9949590570933,1005.4424535194316,1000.9949590570933,1000.9949590570933,1000.0,1003.9798362283732,1007.6509067992552
1001.9899181141866,1000.9949590570933,1000.9949590570933,1000.9949590570933,1005.4424535194316,1000.9949590570933,1000.9949590570933,1000.0,1003.9798362283732,1007.6509067992552
1001.9899181141866,1000.9949590570933,1000.9949590570933,1000.9949590570933,1005.4424535194316,1000.9949590570933,1000.9949590570933,1000.0,1003.9798362283732,1007.6509067992552
1001.9899181141866,1000.9949590570933,1000.9949590570933,1000.9949590570933,1005.4424535194316,1000.9949590570933,1000.9949590570933,1000.0,1003.9798362283732,1007.6509067992552
1001.9899181141866,1000.9949590570933,1000.9949590570933,1000.9949590570933,1005.4424535194316,1000.9949590570933,1000.9949590570933,1000.0,1003.9798362283732,1007.6509067992552
1001.9899181141866,1000.9949590570933,1000.9949590570933,1000.9949590570933,1005.4424535194316,1000.9949590570933,1000.9949590570933,1000.0,1003.9798362283732,1007.6509067992552
1001.9899181141866,1000.9949590570933,1000.9949590570933,1000.9949590570933,1005.4424535194316,1000.9949590570933,1000.9949590570933,1000.0,1003.9798362283732,1007.6509067992552
1001.9899181141866,1000.9949590570933,1000.9949590570933,1000.9949590570933,1005.4424535194316,1000.9949590570933,1000.9949590570933,1000.0,1003.9798362283732,1007.6509067992552
1001.9899181141866,1000.9949590570933,1000.9949590570933,1000.9949590570933,1005.4424535194316,1000.9949590570933,1000.9949590570933,1000.0,1003.9798362283732,1007.6509067992552
1001.9899181141866,1000.9949590570933,1000.9949590570933,1000.9949590570933,1005.4424535194316,1000.9949590570933,1000.9949590570933,1000.0,1003.9798362283732,1007.6509067992552
1001.9899181141866,1000.9949590570933,1000.9949590570933,1000.9949590570933,1005.4424535194316,1000.9949590570933,1000.9949590570933,1000.0,1003.9798362283732,1007.6509067992552
1001.9899181141866,1000.9949590570933,1000.9949590570933,1000.9949590570933,1005.4424535194316,1000.9949590570933,1000.9949590570933,1000.0,1003.9798362283732,1007.6509067992552
1001.9899181141866,1000.9949590570933,1000.9949590570933,1000.9949590570933,1005.4424535194316,1000.9949590570933,1000.9949590570933,1000.0,1003.9798362283732,1007.6509067992552
1001.9899181141866,1000.9949590570933,1000.9949590570933,1000.9949590570933,1005.4424535194316,1000.9949590570933,1000.9949590570933,1000.0,1003.9798362283732,1007.6509067992552
1001.9899181141866,1000.9949590570933,1000.9949590570933,1000.9949590570933,1005.4424535194316,1000.9949590570933,1000.9949590570933,1000.0,1003.9798362283732,1007.6509067992552
1001.9899181141866,1000.9949590570933,1000.9949590570933,1000.9949590570933,1005.4424535194316,1000.9949590570933,1000.9949590570933,1000.0,1003.9798362283732,1007.6509067992552
1001.9899181141866,1000.9949590570933,1000.9949590570933,1000.9949590570933,1005.4424535194316,1000.9949590570933,1000.9949590570933,1000.0,1003.9798362283732,1007.6509067992552
1001.9899181141866,1000.9949590570933,1000.9949590570933,1000.9949590570933,1005.4424535194316,1000.9949590570933,1000.9949590570933,1000.0,1003.9798362283732,1007.6509067992552
1001.9899181141866,1000.9949590570933,1000.9949590570933,1000.9949590570933,1005.4424535194316,1000.9949590570933,1000.9949590570933,1000.0,1003.9798362283732,1007.6509067992552
1001.9899181141866,1000.9949590570933,1000.9949590570933,1000.9949590570933,1005.4424535194316,1000.9949590570933,1000.9949590570933,1000.0,1003.9798362283732,1007.6509067992552
1001.9899181141866,1000.9949590570933,1000.9949590570933,1000.9949590570933,1005.4424535194316,1000.9949590570933,1000.9949590570933,1000.0,1003.9798362283732,1007.6509067992552
1001.9899181141866,1000.9949590570933,1000.9949590570933,1000.9949590570933,1005.4424535194316,1000.9949590570933,1000.9949590570933,1000.0,1003.9798362283732,1007.6509067992552
1001.9899181141866,1000.9949590570933,1000.9949590570933,1000.9949590570933,1005.4424535194316,1000.9949590570933,1000.9949590570933,1000.0,1003.9798362283732,1007.6509067992552
1001.9899181141866,1000.9949590570933,1000.9949590570933,1000.9949590570933,1005.4424535194316,1000.9949590570933,1000.9949590570933,1000.0,1003.9798362283732,1007.6509067992552
1001.9899181141866,1000.9949590570933,1000.9949590570933,1000.9949590570933,1005.4424535194316,1000.9949590570933,1000.9949590570933,1000.0,1003.9798362283732,1007.6509067992552
1001.9899181141866,1000.9949590570933,1000.9949590570933,1000.9949590570933,1005.4424535194316,1000.9949590570933,1000.9949590570933,1000.0,1003.9798362283732,1007.6509067992552
1001.9899181141866,1000.9949590570933,1000.9949590570933,1000.9949590570933,1005.4424535194316,1000.9949590570933,1000.9949590570933,1000.0,1003.9798362283732,1007.6509067992552
1001.9899181141866,1000.9949590570933,1000.9949590570933,1000.9949590570933,1005.4424535194316,1000.9949590570933,1000.9949590570933,1000.0,1003.9798362283732,1007.6509067992552
1001.9899181141866,1000.9949590570933,1000.9949590570933,1000.9949590570933,1005.4424535194316,1000.9949590570933,1000.9949590570933,1000.0,1003.9798362283732,1007.6509067992552
1001.9899181141866,1000.9949590570933,1000.9949590570933,1000.9949590570933,1005.4424535194316,1000.9949590570933,1000.9949590570933,1000.0,1003.9798362283732,1007.6509067992552
1001.9899181141866,1000.9949590570933,1000.9949590570933,1000.9949590570933,1005.4424535194316,1000.9949590570933,1000.9949590570933,1000.0,1003.9798362283732,1007.6509067992552
1001.9899181141866,1000.9949590570933,1000.9949590570933,1000.9949590570933,1005.4424535194316,1000.9949590570933,1000.9949590570933,1000.0,1003.9798362283732,1007.6509067992552
1001.9899181141866,1000.9949590570933,1000.9949590570933,1000.9949590570933,1005.4424535194316,1000.9949590570933,1000.9949590570933,1000.0,1003.9798362283732,1007.6509067992552
1001.9899181141866,1000.9949590570933,1000.9949590570933,1000.9949590570933,1005.4424535194316,1000.9949590570933,1000.9949590570933,1000.0,1003.9798362283732,1007.6509067992552
1001.9899181141866,1000.9949590570933,1000.9949590570933,1000.9949590570933,1005.4424535194316,1000.9949590570933,1000.9949590570933,1000.0,1003.9798362283732,1007.6509067992552
1001.9899181141866,1000.9949590570933,1000.9949590570933,1000.9949590570933,1005.4424535194316,1000.9949590570933,1000.9949590570933,1000.0,1003.9798362283732,1007.6509067992552
1001.9899181141866,1000.9949590570933,1000.9949590570933,1000.9949590570933,1005.4424535194316,1000.9949590570933,1000.9949590570933,1000.0,1003.9798362283732,1007.6509067992552
1001.9899181141866,1000.9949590570933,1000.9949590570933,1000.9949590570933,1005.4424535194316,1000.9949590570933,1000.9949590570933,1000.0,1003.9798362283732,1007.6509067992552
1001.9899181141866,1000.9949590570933,1000.9949590570933,1000.9949590570933,1005.4424535194316,1000.9949590570933,1000.9949590570933,1000.0,1003.9798362283732,1007.6509067992552
1001.9899181141866,1000.9949590570933,1000.9949590570933,1000.9949590570933,1005.4424535194316,1000.9949590570933,1000.9949590570933,1000.0,1003.9798362283732,1007.6509067992552
1001.9899181141866,1000.9949590570933,1000.9949590570933,1000.9949590570933,1005.4424535194316,1000.9949590570933,1000.9949590570933,1000.0,1003.9798362283732,1007.6509067992552
1001.9899181141866,1000.9949590570933,1000.9949590570933,1000.9949590570933,1005.4424535194316,1000.9949590570933,1000.9949590570933,1000.0,1003.9798362283732,1007.6509067992552
1001.9899181141866,1000.9949590570933,1000.9949590570933,1000.9949590570933,1005.4424535194316,1000.9949590570933,1000.9949590570933,1000.0,1003.9798362283732,1007.6509067992552
1001.9899181141866,1000.9949590570933,1000.9949590570933,1000.9949590570933,1005.4424535194316,1000.9949590570933,1000.9949590570933,1000.0,1003.9798362283732,1007.6509067992552
1001.9899181141866,1000.9949590570933,1000.9949590570933,1000.9949590570933,1005.4424535194316,1000.9949590570933,1000.9949590570933,1000.0,1003.9798362283732,1007.6509067992552
1001.9899181141866,1000.9949590570933,1000.9949590570933,1000.9949590570933,1005.4424535194316,1000.9949590570933,1000.9949590570933,1000.0,1003.9798362283732,1007.6509067992552
1001.9899181141866,1000.9949590570933,1000.9949590570933,1000.9949590570933,1005.4424535194316,1000.9949590570933,1000.9949590570933,1000.0,1003.9798362283732,1007.6509067992552
1001.9899181141866,1000.9949590570933,1000.9949590570933,1000.9949590570933,1005.4424535194316,1000.9949590570933,1000.9949590570933,1000.0,1003.9798362283732,1007.6509067992552
1001.9899181141866,1000.9949590570933,1000.9949590570933,1000.9949590570933,1005.4424535194316,1000.9949590570933,1000.9949590570933,1000.0,1003.9798362283732,1007.6509067992552
1001.9899181141866,1000.9949590570933,1000.9949590570933,1000.9949590570933,1005.4424535194316,1000.9949590570933,1000.9949590570933,1000.0,1003.9798362283732,1007.6509067992552
1001.9899181141866,1000.9949590570933,1000.9949590570933,1000.9949590570933,1005.4424535194316,1000.9949590570933,1000.9949590570933,1000.0,1003.9798362283732,1007.6509067992552
1001.9899181141866,1000.9949590570933,1000.9949590570933,1000.9949590570933,1005.4424535194316,1000.9949590570933,1000.9949590570933,1000.0,1003.9798362283732,1007.6509067992552
1001.9899181141866,1000.9949590570933,1000.9949590570933,1000.9949590570933,1005.4424535194316,1000.9949590570933,1000.9949590570933,1000.0,1003.9798362283732,1007.6509067992552
1001.9899181141866,1000.9949590570933,1000.9949590570933,1000.9949590570933,1005.4424535194316,1000.9949590570933,1000.9949590570933,1000.0,1003.9798362283732,1007.6509067992552
1001.9899181141866,1000.9949590570933,1000.9949590570933,1000.9949590570933,1005.4424535194316,1000.9949590570933,1000.9949590570933,1000.0,1003.9798362283732,1007.6509067992552
1001.9899181141866,1000.9949590570933,1000.9949590570933,1000.9949590570933,1005.4424535194316,1000.9949590570933,1000.9949590570933,1000.0,1003.9798362283732,1007.6509067992552
1001.9899181141866,1000.9949590570933,1000.9949590570933,1000.9949590570933,1005.4424535194316,1000.9949590570933,1000.9949590570933,1000.0,1003.9798362283732,1007.6509067992552
1001.9899181141866,1000.9949590570933,1000.9949590570933,1000.9949590570933,1005.4424535194316,1000.9949590570933,1000.9949590570933,1000.0,1003.9798362283732,1007.6509067992552
1001.9899181141866,1000.9949590570933,1000.9949590570933,1000.9949590570933,1005.4424535194316,1000.9949590570933,1000.9949590570933,1000.0,1003.9798362283732,1007.6509067992552
1001.9899181141866,1000.9949590570933,1000.9949590570933,1000.9949590570933,1005.4424535194316,1000.9949590570933,1000.9949590570933,1000.0,1003.9798362283732,1007.6509067992552
1001.9899181141866,1000.9949590570933,1000.9949590570933,1000.9949590570933,1005.4424535194316,1000.9949590570933,1000.9949590570933,1000.0,1003.9798362283732,1007.6509067992552
1001.9899181141866,1000.9949590570933,1000.9949590570933,1000.9949590570933,1005.4424535194316,1000.9949590570933,1000.9949590570933,1000.0,1003.9798362283732,1007.6509067992552
1001.9899181141866,1000.9949590570933,1000.9949590570933,1000.9949590570933,1005.4424535194316,1000.9949590570933,1000.9949590570933,1000.0,1003.9798362283732,1007.6509067992552
1001.9899181141866,1000.9949590570933,1000.9949590570933,1000.9949590570933,1005.4424535194316,1000.9949590570933,1000.9949590570933,1000.0,1003.9798362283732,1007.6509067992552
1001.9899181141866,1000.9949590570933,1000.9949590570933,1000.9949590570933,1005.4424535194316,1000.9949590570933,1000.9949590570933,1000.0,1003.9798362283732,1007.6509067992552
1001.9899181141866,1000.9949590570933,1000.9949590570933,1000.9949590570933,1005.4424535194316,1000.9949590570933,1000.9949590570933,1000.0,1003.9798362283732,1007.6509067992552
1001.9899181141866,1000.9949590570933,1000.9949590570933,1000.9949590570933,1005.4424535194316,1000.9949590570933,1000.9949590570933,1000.0,1003.9798362283732,1007.6509067992552
1001.9899181141866,1000.9949590570933,1000.9949590570933,1000.9949590570933,1005.4424535194316,1000.9949590570933,1000.9949590570933,1000.0,1003.9798362283732,1007.6509067992552
1001.9899181141866,1000.9949590570933,1000.9949590570933,1000.9949590570933,1005.4424535194316,1000.9949590570933,1000.9949590570933,1000.0,1003.9798362283732,1007.6509067992552
1001.9899181141866,1000.9949590570933,1000.9949590570933,1000.9949590570933,1005.4424535194316,1000.9949590570933,1000.9949590570933,1000.0,1003.9798362283732,1007.6509067992552
1001.9899181141866,1000.9949590570933,1000.9949590570933,1000.9949590570933,1005.4424535194316,1000.9949590570933,1000.9949590570933,1000.0,1003.9798362283732,1007.6509067992552
1001.9899181141866,1000.9949590570933,1000.9949590570933,1000.9949590570933,1005.4424535194316,1000.9949590570933,1000.9949590570933,1000.0,1003.9798362283732,1007.6509067992552
1001.9899181141866,1000.9949590570933,1000.9949590570933,1000.9949590570933,1005.4424535194316,1000.9949590570933,1000.9949590570933,1000.0,1003.9798362283732,1007.6509067992552
1001.9899181141866,1000.9949590570933,1000.9949590570933,1000.9949590570933,1005.4424535194316,1000.9949590570933,1000.9949590570933,1000.0,1003.9798362283732,1007.6509067992552
1001.9899181141866,1000.9949590570933,1000.9949590570933,1000.9949590570933,1005.4424535194316,1000.9949590570933,1000.9949590570933,1000.0,1003.9798362283732,1007.6509067992552
1001.9899181141866,1000.9949590570933,1000.9949590570933,1000.9949590570933,1005.4424535194316,1000.9949590570933,1000.9949590570933,1000.0,1003.9798362283732,1007.6509067992552
1001.9899181141866,1000.9949590570933,1000.9949590570933,1000.9949590570933,1005.4424535194316,1000.9949590570933,1000.9949590570933,1000.0,1003.9798362283732,1007.6509067992552
1001.9899181141866,1000.9949590570933,1000.9949590570933,1000.9949590570933,1005.4424535194316,1000.9949590570933,1000.9949590570933,1000.0,1003.9798362283732,1007.6509067992552
1001.9899181141866,1000.9949590570933,1000.9949590570933,1000.9949590570933,1005.4424535194316,1000.9949590570933,1000.9949590570933,1000.0,1003.9798362283732,1007.6509067992552
1001.9899181141866,1000.9949590570933,1000.9949590570933,1000.9949590570933,1005.4424535194316,1000.9949590570933,1000.9949590570933,1000.0,1003.9798362283732,1007.6509067992552
1001.9899181141866,1000.9949590570933,1000.9949590570933,1000.9949590570933,1005.4424535194316,1000.9949590570933,1000.9949590570933,1000.0,1003.9798362283732,1007.6509067992552
1001.9899181141866,1000.9949590570933,1000.9949590570933,1000.9949590570933,1005.4424535194316,1000.9949590570933,1000.9949590570933,1000.0,1003.9798362283732,1007.6509067992552
1001.9899181141866,1000.9949590570933,1000.9949590570933,1000.9949590570933,1005.4424535194316,1000.9949590570933,1000.9949590570933,1000.0,1003.9798362283732,1007.6509067992552
1001.9899181141866,1000.9949590570933,1000.9949590570933,1000.9949590570933,1005.4424535194316,1000.9949590570933,1000.9949590570933,1000.0,1003.9798362283732,1007.6509067992552
1001.9899181141866,1000.9949590570933,1000.9949590570933,1000.9949590570933,1005.4424535194316,1000.9949590570933,1000.9949590570933,1000.0,1003.9798362283732,1007.6509067992552
1001.9899181141866,1000.9949590570933,1000.9949590570933,1000.9949590570933,1005.4424535194316,1000.9949590570933,1000.9949590570933,1000.0,1003.9798362283732,1007.6509067992552
1001.9899181141866,1000.9949590570933,1000.9949590570933,1000.9949590570933,1005.4424535194316,1000.9949590570933,1000.9949590570933,1000.0,1003.9798362283732,1007.6509067992552
1001.9899181141866,1000.9949590570933,1000.9949590570933,1000.9949590570933,1005.4424535194316,1000.9949590570933,1000.9949590570933,1000.0,1003.9798362283732,1007.6509067992552
1001.9899181141866,1000.9949590570933,1000.9949590570933,1000.9949590570933,1005.4424535194316,1000.9949590570933,1000.9949590570933,1000.0,1003.9798362283732,1007.6509067992552
1001.9899181141866,1000.9949590570933,1000.9949590570933,1000.9949590570933,1005.4424535194316,1000.9949590570933,1000.9949590570933,1000.0,1003.9798362283732,1007.6509067992552
1001.9899181141866,1000.9949590570933,1000.9949590570933,1000.9949590570933,1005.4424535194316,1000.9949590570933,1000.9949590570933,1000.0,1003.9798362283732,1007.6509067992552
1001.9899181141866,1000.9949590570933,1000.9949590570933,1000.9949590570933,1005.4424535194316,1000.9949590570933,1000.9949590570933,1000.0,1003.9798362283732,1007.6509067992552
1001.9899181141866,1000.9949590570933,1000.9949590570933,1000.9949590570933,1005.4424535194316,1000.9949590570933,1000.9949590570933,1000.0,1003.9798362283732,1007.6509067992552
1001.9899181141866,1000.9949590570933,1000.9949590570933,1000.9949590570933,1005.4424535194316,1000.9949590570933,1000.9949590570933,1000.0,1003.9798362283732,1007.6509067992552
1001.9899181141866,1000.9949590570933,1000.9949590570933,1000.9949590570933,1005.4424535194316,1000.9949590570933,1000.9949590570933,1000.0,1003.9798362283732,1007.6509067992552
1001.9899181141866,1000.9949590570933,1000.9949590570933,1000.9949590570933,1005.4424535194316,1000.9949590570933,1000.9949590570933,1000.0,1003.9798362283732,1007.6509067992552
1001.9899181141866,1000.9949590570933,1000.9949590570933,1000.9949590570933,1005.4424535194316,1000.9949590570933,1000.9949590570933,1000.0,1003.9798362283732,1007.6509067992552
1001.9899181141866,1000.9949590570933,1000.9949590570933,1000.9949590570933,1005.4424535194316,1000.9949590570933,1000.9949590570933,1000.0,1003.9798362283732,1007.6509067992552
1001.9899181141866,1000.9949590570933,1000.9949590570933,1000.9949590570933,1005.4424535194316,1000.9949590570933,1000.9949590570933,1000.0,1003.9798362283732,1007.6509067992552
1001.9899181141866,1000.9949590570933,1000.9949590570933,1000.9949590570933,1005.4424535194316,1000.9949590570933,1000.9949590570933,1000.0,1003.9798362283732,1007.6509067992552
